Workbook

Sheet khachhang
A1: name | B1: tenfile | C1: makh | D1: namenn | E1: mabanggia | F1: diachi | G1: quan | H1: email | I1: sdt | J1: mst | K1: gionhanhang | L1: loaikh | M1: hiengia | N1: ghichu
A2: Nhà hàng 12C | B2: =VLOOKUP(C2,'Trang tính1'!A:C,2,0) -> 12C.xlsx | C2: TG-KS00173 | D2: Nhà hàng 12C | E2: BG25 | F2: Số 12C Trần Phú, Phường 4, Quận 5, Thành phố Hồ Chí Minh | I2: 0908910623 (Nhi), 0908854467 (Dân) | J2: 315087043 | K2: 10H | L2: khachsi | M2: TRUE
A3: 425A Sư Vạn Hạnh, P12, Q10 | B3: =VLOOKUP(C3,'Trang tính1'!A:C,2,0) -> 425A Sư Vạn Hạnh, P12, Q10.xlsx | C3: TG-KS00644 | D3: 425A Sư Vạn Hạnh, P12, Q10 | E3: BG24 | F3: 425A Sư Vạn Hạnh, P12, Q10 | I3: 967812324 | L3: khachsi | M3: TRUE
A4: 5G BIA VÀ MỒI (Đơn tách) | B4: =VLOOKUP(C4,'Trang tính1'!A:C,2,0) -> 5G BIA VÀ MỒI (Đơn tách).xlsx | C4: TG-KS00294 | D4: 5G BIA VÀ MỒI (Đơn tách) | E4: BG24 | F4: 235 Hoàng Diệu, P9, Q4 | H4: vanthutan9x@gmail.com | I4: 327508966 | K4: trước 8h | L4: khachsi | M4: TRUE
A5: 5G BIA VÀ MỒI | B5: =VLOOKUP(C5,'Trang tính1'!A:C,2,0) -> 5G BIA VÀ MỒI.xlsx | C5: TG-KS00057 | D5: 5G BIA VÀ MỒI | E5: BG24 | F5: 235 Hoàng Diệu, P9, Q4 | H5: vanthutan9x@gmail.com | I5: 327508966 | K5: 7h-7h30 | L5: khachsi | M5: TRUE
A6: NHÀ HÀNG 6SEVEN | B6: =VLOOKUP(C6,'Trang tính1'!A:C,2,0) -> 6seven.xlsx | C6: TG-KS00196 | D6: NHÀ HÀNG 6SEVEN | E6: BG12 | F6: Số 68 Đường 23, Phường Tân Phú, Phú Mỹ Hưng, Quận 7 | I6: 937949769 | J6: 0304709006-001 | K6: trước 9h | L6: khachsi | M6: TRUE | N6: không xuất được hóa đơn, thu tiền mặt
A7: 901665270 | B7: =VLOOKUP(C7,'Trang tính1'!A:C,2,0) -> 901665270.xlsx | C7: TG-KS00664 | D7: 901665270 | E7: BG24 | F7: 178 Đường Phú Thọ Hòa, Phường Phú Thọ Hòa, Q.Tân Phú | I7: 901665270 | L7: khachsi | M7: TRUE
A8: 99 Soul (Bar) | B8: =VLOOKUP(C8,'Trang tính1'!A:C,2,0) -> 99 Soul bar.xlsx | C8: TG-KS00482 | D8: 99 Soul (Bar) | E8: BG04 | F8: 99 Phạm Ngũ Lão, Phường Phạm Ngũ Lão, Quận 1 | I8: 936261384 | J8: 316528068 | K8: 7H | L8: khachsi | M8: TRUE
A9: 99 Soul | B9: =VLOOKUP(C9,'Trang tính1'!A:C,2,0) -> 99 Soul.xlsx | C9: TG-KS00430 | D9: 99 Soul | E9: BG04 | F9: 99 Phạm Ngũ Lão, Phường Phạm Ngũ Lão, Quận 1 | I9: 936261384 | K9: 7h30 | L9: khachsi | M9: TRUE
A10: A. Đan EHG | B10: =VLOOKUP(C10,'Trang tính1'!A:C,2,0) -> A. Đan EHG.xlsx | C10: TG-KS00790 | D10: A. Đan EHG | E10: BG39 | F10: 47 Lê Anh Xuân | L10: khachsi | M10: TRUE
A11: A. PHI ( Lấy Hàng Mẫu) | B11: =VLOOKUP(C11,'Trang tính1'!A:C,2,0) -> A. PHI ( Lấy Hàng Mẫu).xlsx | C11: TG-KS01087 | D11: A. PHI ( Lấy Hàng Mẫu) | E11: BG24 | F11: số 11 - Nguyễn Bính ,Nam thiên 2 -Tân Phong ,quận 7 | I11: 037 4730334 | L11: khachsi | M11: TRUE
A12: A.Hiếu | B12: =VLOOKUP(C12,'Trang tính1'!A:C,2,0) -> A.Hiếu.xlsx | C12: TG-KS01118 | D12: A.Hiếu | E12: BG24 | F12: 357A/21 Nguyễn Trọng Tuyển, phường 1, Tân Bình, TPHCM | I12: 097 5246946 | L12: khachsi | M12: TRUE
A13: A.Quân (Nam Phương Lầu) | B13: =VLOOKUP(C13,'Trang tính1'!A:C,2,0) -> A.Quân (Nam Phương Lầu).xlsx | C13: TG-KS00690 | D13: A.Quân (Nam Phương Lầu) | E13: BG24 | L13: khachsi | M13: TRUE
A14: ACECOOK (KCX Tân Thuận) | B14: =VLOOKUP(C14,'Trang tính1'!A:C,2,0) -> ACECOOK TT.xlsx | C14: TG-KS00441 | D14: ACECOOK (KCX Tân Thuận) | E14: BG04 | F14: Lô Vb.20a2, Đường 24, KCX, Quận 7 (Công ty Thuận Hải) | I14: 0937501606 Hoài | K14: sau 8h | L14: khachsi | M14: TRUE
A15: ACECOOK | B15: =VLOOKUP(C15,'Trang tính1'!A:C,2,0) -> ACECOOK.xlsx | C15: TG-KS00073 | D15: ACECOOK | E15: BG04 | F15: 358 Gò Dầu, Phường Tân Quý, Quận Tân Phú | H15: NULL | I15: 0937501606 Hoài | K15: 10h | L15: khachsi | M15: TRUE
A16: Alice Nguyen (0966967768) | B16: =VLOOKUP(C16,'Trang tính1'!A:C,2,0) -> Alice Nguyen (0966967768).xlsx | C16: TG-KS01042 | D16: Alice Nguyen (0966967768) | E16: BG24 | F16: 236-238 Nguyễn công trứ, Phường Nguyễn Thái Bình, Quận 1, Thành phố Hồ Chí Minh | I16: 966967768 | L16: khachsi | M16: TRUE
A17: MẦM NON AN NHIÊN | B17: =VLOOKUP(C17,'Trang tính1'!A:C,2,0) -> An Nhiên.xlsx | C17: TG-KS00001 | D17: MẦM NON AN NHIÊN | E17: BG25 | F17: 28 Hồ Tùng Mậu, KP. Bình Đường 2, P. An Bình, TP. Dĩ An, Bình Dương.(đối diện Nhà 17, Đường 12, Linh Tây, Thủ Đức) | I17: 0908.988.832 C.Thanh | K17: trước 6h30-7h | L17: khachsi | M17: TRUE
A18: AN DUYÊN | B18: =VLOOKUP(C18,'Trang tính1'!A:C,2,0) -> anduyen.xlsx | C18: TG-KS00101 | D18: AN DUYÊN | E18: BG04 | F18: 8B-10 Nguyễn Tri Phương, Phường 6, Quận 5 | I18: 907472989 | K18: 8h30 | L18: khachsi | M18: TRUE
A19: AN DUYÊN (Tách) | B19: =VLOOKUP(C19,'Trang tính1'!A:C,2,0) -> anduyenTACH.xlsx | C19: TG-KS00498 | D19: AN DUYÊN (Tách) | E19: BG04 | F19: 8B-10 Nguyễn Tri Phương, Phường 6, Quận 5 | I19: 907472989 | L19: khachsi | M19: TRUE
A20: anh Ánh (0907546041) | B20: =VLOOKUP(C20,'Trang tính1'!A:C,2,0) -> anh Ánh (0907546041).xlsx | C20: TG-KS00773 | D20: anh Ánh (0907546041) | E20: BG24 | F20: Số 47 đường Bình Phú, Tam Phú Tp. Thủ Đức | L20: khachsi | M20: TRUE
A21: Anh Bảo (0906141216) | B21: =VLOOKUP(C21,'Trang tính1'!A:C,2,0) -> Anh Bảo (0906141216).xlsx | C21: TG-KS00659 | D21: Anh Bảo (0906141216) | E21: BG24 | F21: 39-39A Nguyễn Trung Trực, Phường Bến Thành, Q1 | I21: 906141216 | L21: khachsi | M21: TRUE
A22: Anh Bảo (0931635919) | B22: =VLOOKUP(C22,'Trang tính1'!A:C,2,0) -> Anh Bảo (0931635919).xlsx | C22: TG-KS00686 | D22: Anh Bảo (0931635919) | E22: BG24 | F22: gửi địa chỉ nhà xe Phương Trang | I22: 931635919 | L22: khachsi | M22: TRUE
A23: Anh Bảo (0937892379) | B23: =VLOOKUP(C23,'Trang tính1'!A:C,2,0) -> Anh Bảo (0937892379).xlsx | C23: TG-KS00989 | D23: Anh Bảo (0937892379) | E23: BG24 | F23: 133 Nguyễn Trọng Tuyển, Phường 8, Phú Nhuận | I23: 937892379 | L23: khachsi | M23: TRUE
A24: Anh Bun (0398636302) | B24: =VLOOKUP(C24,'Trang tính1'!A:C,2,0) -> Anh Bun (0398636302).xlsx | C24: TG-KS01020 | D24: Anh Bun (0398636302) | E24: BG24 | F24: 27 Nguyễn Hữu Cảnh, Phường Tân Định, Quận 1, Hồ Chí Minh | I24: 398636302 | L24: khachsi | M24: TRUE
A25: Anh Có (0389222394) | B25: =VLOOKUP(C25,'Trang tính1'!A:C,2,0) -> Anh Có (0389222394).xlsx | C25: TG-KS00941 | D25: Anh Có (0389222394) | E25: BG24 | F25: 645d Quang Trung, Phường 11 Gò Vấp | I25: 389222394 | L25: khachsi | M25: TRUE
A26: Anh Cường (0912564038) | B26: =VLOOKUP(C26,'Trang tính1'!A:C,2,0) -> Anh Cường (0912564038).xlsx | C26: TG-KS01011 | D26: Anh Cường (0912564038) | E26: BG24 | F26: kho SCSC, 30 Phan Thúc Duyện, P4. Quận Tân Bình | I26: 912564038 | L26: khachsi | M26: TRUE
A27: Anh Đạt (0932787965) | B27: =VLOOKUP(C27,'Trang tính1'!A:C,2,0) -> Anh Đạt (0932787965).xlsx | C27: TG-KS00845 | D27: Anh Đạt (0932787965) | E27: BG24 | F27: 241 Chu Văn An, Phường 12, Quận Bình Thạnh, Thành phố Hồ Chí Minh | I27: 932787965 | L27: khachsi | M27: TRUE
A28: Anh Điển | B28: =VLOOKUP(C28,'Trang tính1'!A:C,2,0) -> Anh Điển.xlsx | C28: TG-KS00654 | D28: Anh Điển | E28: BG24 | F28: 49 Trường Sơn P2 Tân Bình | L28: khachsi | M28: TRUE
A29: Anh Hải (0387185058) | B29: =VLOOKUP(C29,'Trang tính1'!A:C,2,0) -> Anh Hải (0387185058).xlsx | C29: TG-KS00680 | D29: Anh Hải (0387185058) | E29: BG24 | F29: 47 Nguyễn Trường Tộ, p12. Quận 4 | L29: khachsi | M29: TRUE
A30: Anh Hảo (Kho TG) | B30: =VLOOKUP(C30,'Trang tính1'!A:C,2,0) -> Anh Hảo (Kho TG).xlsx | C30: TG-KS00951 | D30: Anh Hảo (Kho TG) | E30: BG69 | F30: Kho Trần Gia | L30: khachsi | M30: TRUE
A31: Anh Hòa (0946969087) | B31: =VLOOKUP(C31,'Trang tính1'!A:C,2,0) -> Anh Hòa (0946969087).xlsx | C31: TG-KS00741 | D31: Anh Hòa (0946969087) | E31: BG24 | F31: 130/36 đường 11, k phố 9, trường thọ thủ đức | L31: khachsi | M31: TRUE
A32: anh Hồng 0779694869 | B32: =VLOOKUP(C32,'Trang tính1'!A:C,2,0) -> anh Hồng 0779694869.xlsx | C32: TG-KS00611 | D32: anh Hồng 0779694869 | E32: BG24 | F32: 232/17 đường võ văn Kiệt P cầu ông lảnh Q1 | I32: 779694869 | L32: khachsi | M32: TRUE
A33: Anh Huy (0974943479) | B33: =VLOOKUP(C33,'Trang tính1'!A:C,2,0) -> Anh Huy (0974943479).xlsx | C33: TG-KS01012 | D33: Anh Huy (0974943479) | E33: BG24 | F33: M2 Bis thất sơn, Phường 15, Quận 10 | I33: 974943479 | L33: khachsi | M33: TRUE
A34: Anh Kiệt (Trần Gia) | B34: =VLOOKUP(C34,'Trang tính1'!A:C,2,0) -> Anh Kiệt (Trần Gia).xlsx | C34: TG-KS00970 | D34: Anh Kiệt (Trần Gia) | E34: BG39 | F34: Nhận tại kho TG | L34: khachsi | M34: TRUE
A35: Anh Ký (0985000824) | B35: =VLOOKUP(C35,'Trang tính1'!A:C,2,0) -> Anh Ký (0985000824).xlsx | C35: TG-KS00949 | D35: Anh Ký (0985000824) | E35: BG24 | F35: 38/27/1 Nguyễn Văn Trỗi, P15, Q.Phú Nhuận, TP.HCM | I35: 985000824 | L35: khachsi | M35: TRUE
A36: Anh Lãnh (08686142140) | B36: =VLOOKUP(C36,'Trang tính1'!A:C,2,0) -> Anh Lãnh (08686142140).xlsx | C36: TG-KS00590 | D36: Anh Lãnh (08686142140) | E36: BG69 | F36: Nhận tại kho TG | I36: 868614214 | L36: khachsi | M36: TRUE
A37: Anh Linh (0903382991) | B37: =VLOOKUP(C37,'Trang tính1'!A:C,2,0) -> Anh Linh (0903382991).xlsx | C37: TG-KS01143 | D37: Anh Linh (0903382991) | E37: BG24 | F37: 82-88 Nguyễn Tri Phương, Phường 7, Quận 5 | I37: 903382991 | L37: khachsi | M37: TRUE
A38: Anh Lộc (0343976028) | B38: =VLOOKUP(C38,'Trang tính1'!A:C,2,0) -> Anh Lộc (0343976028).xlsx | C38: TG-KL00003 | E38: BG24 | F38: 120/4B Trần Quốc Thảo, Q3, TPHCM | I38: 0343976028 | K38: 9h-11h | L38: khachle | M38: TRUE
A39: Anh LợI (0967174975) | B39: =VLOOKUP(C39,'Trang tính1'!A:C,2,0) -> Anh LợI (0967174975).xlsx | C39: TG-KS00713 | D39: Anh LợI (0967174975) | E39: BG24 | F39: 42 đường 53 Tân Phong q7 | I39: 967174975 | L39: khachsi | M39: TRUE
A40: Anh Luân (0907219742) | B40: =VLOOKUP(C40,'Trang tính1'!A:C,2,0) -> Anh Luân (0907219742).xlsx | C40: TG-KS00688 | D40: Anh Luân (0907219742) | E40: BG24 | F40: 15a/4 Lê Thánh Tôn, Q1 | L40: khachsi | M40: TRUE
A41: Ánh Ngọc (0368187019) | B41: =VLOOKUP(C41,'Trang tính1'!A:C,2,0) -> Ánh Ngọc (0368187019).xlsx | C41: TG-KS01069 | D41: Ánh Ngọc (0368187019) | E41: BG24 | F41: 18 Sư Vạn Hạnh, Phường 9, Quận 5 | I41: 368187019 | L41: khachsi | M41: TRUE
A42: anh Nhiệm - 0939068068 | B42: =VLOOKUP(C42,'Trang tính1'!A:C,2,0) -> anh Nhiệm - 0939068068.xlsx | C42: TG-KS01139 | D42: anh Nhiệm - 0939068068 | E42: BG24 | F42: Cần Thơ | I42: 939068068 | L42: khachsi | M42: TRUE
A43: Anh Perr (0352321959) | B43: =VLOOKUP(C43,'Trang tính1'!A:C,2,0) -> Anh Perr (0352321959).xlsx | C43: TG-KS01008 | D43: Anh Perr (0352321959) | E43: BG39 | F43: Nhận tại kho TG | I43: 352321959 | L43: khachsi | M43: TRUE
A44: Anh Phương (0828153628) | B44: =VLOOKUP(C44,'Trang tính1'!A:C,2,0) -> Anh Phương (0828153628).xlsx | C44: TG-KS01132 | D44: Anh Phương (0828153628) | E44: BG24 | F44: Số 52 Đường số 24, Khu đô thị Vạn Phúc City, Phường Hiệp Bình Phước, Tp Thủ Đức, TpHCM | I44: 828153628 | L44: khachsi | M44: TRUE
A45: Anh Quân (0916437557) | B45: =VLOOKUP(C45,'Trang tính1'!A:C,2,0) -> Anh Quân (0916437557).xlsx | C45: TG-KS01004 | D45: Anh Quân (0916437557) | E45: BG24 | F45: 11 trường Sơn p 15 q 10 | I45: 916437557 | L45: khachsi | M45: TRUE
A46: Anh Quốc (0901867483) | B46: =VLOOKUP(C46,'Trang tính1'!A:C,2,0) -> Anh Quốc (0901867483).xlsx | C46: TG-KS00944 | D46: Anh Quốc (0901867483) | E46: BG24 | F46: 54-56 Thủ Khoa huân, Phường Bến Thành, Quận 1, Thành phố Hồ Chí Minh | I46: 901867483 | L46: khachsi | M46: TRUE
A47: Anh Sang (0837787029) | B47: =VLOOKUP(C47,'Trang tính1'!A:C,2,0) -> Anh Sang (0837787029).xlsx | C47: TG-KS00955 | D47: Anh Sang (0837787029) | E47: BG24 | F47: 482/43G/1 Nơ Trang Long , Phường 13, Quận Bình Thạnh | I47: 837787029 | L47: khachsi | M47: TRUE
A48: Anh Sâm (0913 753169) | B48: =VLOOKUP(C48,'Trang tính1'!A:C,2,0) -> Anh Sâm (0913 753169).xlsx | C48: TG-KS00765 | D48: Anh Sâm (0913 753169) | E48: BG24 | F48: 139L Lý Chính Thắng Phường Võ Thị Sáu Quận 3 HCM | L48: khachsi | M48: TRUE
A49: Anh Sâm (0983687088) | B49: =VLOOKUP(C49,'Trang tính1'!A:C,2,0) -> Anh Sâm (0983687088).xlsx | C49: TG-KS01018 | D49: Anh Sâm (0983687088) | E49: BG25 | F49: 535 Nguyễn Tri Phương, Phường 8, Quận 10 | I49: 983687088 | L49: khachsi | M49: TRUE
A50: Anh Sơn (0903806225) | B50: =VLOOKUP(C50,'Trang tính1'!A:C,2,0) -> Anh Sơn (0903806225).xlsx | C50: TG-KS01036 | D50: Anh Sơn (0903806225) | E50: BG24 | F50: Nhà xe Tân Lập Thành (02866739977), 84 Đ. Hùng Vương, Phường 9, Quận 5, Hồ Chí Minh | I50: 903806225 | L50: khachsi | M50: TRUE
A51: Anh Sơn (Văn Phòng TG) | B51: =VLOOKUP(C51,'Trang tính1'!A:C,2,0) -> Anh Sơn (Văn Phòng TG).xlsx | C51: TG-KS00811 | D51: Anh Sơn (Văn Phòng TG) | E51: BG69 | F51: Nhận tại kho TG | L51: khachsi | M51: TRUE
A52: Anh Thảo | B52: =VLOOKUP(C52,'Trang tính1'!A:C,2,0) -> Anh Thảo.xlsx | C52: TG-KS00164 | D52: Anh Thảo | E52: BG07 | F52: 4a đường số 42 Tân Quý Q.7 | K52: 7h30-8h | L52: khachsi | M52: TRUE | N52: thu tiền mặt
A53: Anh Toàn (0866044737) | B53: =VLOOKUP(C53,'Trang tính1'!A:C,2,0) -> Anh Toàn (0866044737).xlsx | C53: TG-KS01078 | D53: Anh Toàn (0866044737) | E53: BG24 | F53: Nhận tại kho TG | I53: 866044737 | L53: khachsi | M53: TRUE
A54: Anh Tuấn | B54: =VLOOKUP(C54,'Trang tính1'!A:C,2,0) -> Anh Tuấn.xlsx | C54: TG-KS00698 | D54: Anh Tuấn | E54: BG24 | F54: 189 Nguyễn Đình Chiểu , Napolis Mũi Né | I54: 961761465 | L54: khachsi | M54: TRUE
A55: Anh Tùng (0865546543) | B55: =VLOOKUP(C55,'Trang tính1'!A:C,2,0) -> Anh Tùng (0865546543).xlsx | C55: TG-KS00837 | D55: Anh Tùng (0865546543) | E55: BG24 | F55: Ga quốc nội Tân Sơn Nhất, Phường 02, Quận Tân Bình, | I55: 865546543 | L55: khachsi | M55: TRUE
A56: Anh Vinh (0365392221) | B56: =VLOOKUP(C56,'Trang tính1'!A:C,2,0) -> Anh Vinh (0365392221).xlsx | C56: TG-KS00937 | D56: Anh Vinh (0365392221) | E56: BG39 | F56: 48 Trịnh Đình Trọng p5 Q11 | I56: 365392221 | L56: khachsi | M56: TRUE
A57: Anh Vũ (Not Only) | B57: =VLOOKUP(C57,'Trang tính1'!A:C,2,0) -> Anh Vũ (Not Only).xlsx | C57: TG-KS00184 | D57: Anh Vũ (Not Only) | E57: BG04 | F57: 24Bis Đông Du P.Bến Nghé Q.1 TP.HCM | K57: 7h | L57: khachsi | M57: TRUE
A58: Anna Đào (0962246426) | B58: =VLOOKUP(C58,'Trang tính1'!A:C,2,0) -> Anna Đào (0962246426).xlsx | C58: TG-KS01144 | D58: Anna Đào (0962246426) | E58: BG24 | F58: BS16A Vinhomes Grand Park, 88 Đường Phước Thiện, Phường Long Bình, Tp Thủ Đức | I58: 962246426 | L58: khachle | M58: TRUE
A59: ANNIE (0338881427) (Quang Diệu) | B59: =VLOOKUP(C59,'Trang tính1'!A:C,2,0) -> ANNIE (0338881427) (Quang Diệu).xlsx | C59: TG-KS00614 | D59: ANNIE (0338881427) (Quang Diệu) | E59: BG24 | F59: 545/16/4 Nguyễn Xiển, Phường Long Thạnh Mỹ, Quận 9 | I59: 338881427 | L59: khachsi | M59: TRUE
A60: AN VŨ | B60: =VLOOKUP(C60,'Trang tính1'!A:C,2,0) -> anvu.xlsx | C60: TG-KS00343 | D60: AN VŨ | E60: BG17 | F60: S Số 9 Thoại Ngọc Hầu, phường Hoà Thạnh, quận Tân Phú | I60: . | K60: trước 9h | L60: khachsi | M60: TRUE
A61: AN VŨ (Bar) | B61: =VLOOKUP(C61,'Trang tính1'!A:C,2,0) -> anvuBAR.xlsx | C61: TG-KS00344 | D61: AN VŨ (Bar) | E61: BG17 | F61: Số 9 Thoại Ngọc Hầu, phường Hoà Thạnh, quận Tân Phú | I61: . | K61: 8h-8h30 | L61: khachsi | M61: TRUE
A62: AN VŨ (NV) | B62: =VLOOKUP(C62,'Trang tính1'!A:C,2,0) -> anvuNV.xlsx | C62: TG-KS00346 | D62: AN VŨ (NV) | E62: BG17 | F62: Số 9 Thoại Ngọc Hầu, phường Hoà Thạnh, quận Tân Phú | I62: . | K62: 7h-8h30 | L62: khachsi | M62: TRUE
A63: AQ Gourmet & Dine | B63: =VLOOKUP(C63,'Trang tính1'!A:C,2,0) -> AQ Gourmet & Dine.xlsx | C63: TG-KS00533 | D63: AQ Gourmet & Dine | E63: BG25 | F63: 18 Bis Đường Cộng Hòa, Phường 4, Quận Tân Bình, TP HCM | H63: info.foodieshubvn@gmail.com | I63: . | K63: 10h-11h | L63: khachsi | M63: TRUE
A64: ASIANA PLAZA (Bình Thạnh) | B64: =VLOOKUP(C64,'Trang tính1'!A:C,2,0) -> ASIANA PLAZA (Bình Thạnh).xlsx | C64: TG-KS00984 | D64: ASIANA PLAZA (Bình Thạnh) | E64: BG24 | F64: 45-47 Phan Đăng Lưu, P3. Quận Bình Thạnh | I64: 907034767 | L64: khachsi | M64: TRUE
A65: ASIANA PLAZA (Tân Phú) | B65: =VLOOKUP(C65,'Trang tính1'!A:C,2,0) -> ASIANA PLAZA (Tân Phú).xlsx | C65: TG-KS00983 | D65: ASIANA PLAZA (Tân Phú) | E65: BG24 | F65: 284-286 Vườn Lài, P. Phú Thọ Hòa Quận Tân Phú | I65: 907034767 | L65: khachsi | M65: TRUE
A66: Trống Cơm - Chảo Cá (AVH) | B66: =VLOOKUP(C66,'Trang tính1'!A:C,2,0) -> avh.xlsx | C66: TG-KS00466 | D66: Trống Cơm - Chảo Cá (AVH) | E66: BG37 | F66: Tầng 5, Vạn Hạnh Mall, 11 Sư Vạn Hạnh, Phường 12, Quận 10 | I66: 868143141 | K66: 11h | L66: khachsi | M66: TRUE | N66: khách thanh toán sau khi nhận hàng
A67: ẨM THỰC KHÁNH HÂN | B67: =VLOOKUP(C67,'Trang tính1'!A:C,2,0) -> ẨM THỰC KHÁNH HÂN.xlsx | C67: TG-KS00169 | D67: ẨM THỰC KHÁNH HÂN | E67: BG25 | F67: 62B hoàng quốc việt quận 7 | I67: 978095774 | K67: 8h30-9H | L67: khachsi | M67: TRUE
A68: Ẩm Thực Phố Việt | B68: =VLOOKUP(C68,'Trang tính1'!A:C,2,0) -> Ẩm Thực Phố Việt.xlsx | C68: TG-KS00280 | D68: Ẩm Thực Phố Việt | E68: BG39 | F68: 46 Lê Hồng Phong, Phường 2, Quận 5 | I68: 939754752 | K68: trước 9h15 | L68: khachsi | M68: TRUE
A69: Ân (098 2496444) | B69: =VLOOKUP(C69,'Trang tính1'!A:C,2,0) -> Ân (098 2496444).xlsx | C69: TG-KS00779 | D69: Ân (098 2496444) | E69: BG24 | F69: GOLDEN MANSION-119 Phổ Quang, phường 9 quận Phú Nhuận | L69: khachsi | M69: TRUE
A70: Ân (Văn phòng TG) | B70: =VLOOKUP(C70,'Trang tính1'!A:C,2,0) -> Ân (Văn phòng TG).xlsx | C70: TG-KS00918 | D70: Ân (Văn phòng TG) | E70: BG69 | F70: nhận tại kho TG | L70: khachsi | M70: TRUE
A71: Quán Ẩn Coffe | B71: =VLOOKUP(C71,'Trang tính1'!A:C,2,0) -> ẩn coffe.xlsx | C71: TG-KS00553 | D71: Quán Ẩn Coffe | E71: BG00 | F71: 43 đường số 30 phường linh đông thủ đức | I71: 348772533 | J71: 312848412 | K71: 9h30 | L71: khachsi | M71: TRUE
A72: BA GÁC (TRƯƠNG CÔNG ĐỊNH) | B72: =VLOOKUP(C72,'Trang tính1'!A:C,2,0) -> BA GÁC (TRƯƠNG CÔNG ĐỊNH).xlsx | C72: TG-KS00178 | D72: BA GÁC (TRƯƠNG CÔNG ĐỊNH) | E72: BG45 | F72: 202 Trương Công Định, P.14, Tân Bình (Giao địa chỉ cổng sau 138/74 Trương Công Định,P.14, Q Tân Bình) | I72: 972239916 | K72: 13h | L72: khachsi | M72: TRUE
A73: BA GÁC | B73: =VLOOKUP(C73,'Trang tính1'!A:C,2,0) -> BA GÁC.xlsx | C73: TG-KS00589 | D73: BA GÁC | E73: BG45 | F73: 61 nam kỳ khởi nghĩa, quận 1 | I73: 972239916 | L73: khachsi | M73: TRUE
A74: Bản Rau - Buffet Lẩu Nấm | B74: =VLOOKUP(C74,'Trang tính1'!A:C,2,0) -> Bản Rau - Buffet Lẩu Nấm.xlsx | C74: TG-KS00424 | D74: Bản Rau - Buffet Lẩu Nấm | E74: BG25 | F74: 24-26 Phạm Văn Đồng Phường 3 Quận Gò Vấp | I74: 392512753 | K74: sau 8h | L74: khachsi | M74: TRUE
A75: Bánh Cuốn Tầm Mai | B75: =VLOOKUP(C75,'Trang tính1'!A:C,2,0) -> Bánh Cuốn Tầm Mai.xlsx | C75: TG-KS00444 | D75: Bánh Cuốn Tầm Mai | E75: BG35 | F75: 87L Lê Văn Duyệt, P.3, Bình Thạnh | I75: 865022282 | K75: sau 8h | L75: khachsi | M75: TRUE
A76: Bảo Chân (0908887797) | B76: =VLOOKUP(C76,'Trang tính1'!A:C,2,0) -> Bảo Chân (0908887797).xlsx | C76: TG-KS00701 | D76: Bảo Chân (0908887797) | E76: BG24 | F76: 490B Phú Thọ Hoà, Phường Phú Thọ Hoà, Quận Tân Phú Tp. Hồ Chí Minh | I76: 908887797 | L76: khachsi | M76: TRUE
A77: Bảo Trung (0762410549) | B77: =VLOOKUP(C77,'Trang tính1'!A:C,2,0) -> Bảo Trung (0762410549).xlsx | C77: TG-KS00930 | D77: Bảo Trung (0762410549) | E77: BG24 | F77: 97b Ấp Tân Thuận, thị trấn Thanh Bình, huyện Thanh Bình, tỉnh Đồng Tháp | H77: nguyenbaotrung571988@gmai.com | I77: 762410549 | L77: khachsi | M77: TRUE
A78: Băng Trinh (0908684850) | B78: =VLOOKUP(C78,'Trang tính1'!A:C,2,0) -> Băng Trinh (0908684850).xlsx | C78: TG-KS01137 | D78: Băng Trinh (0908684850) | E78: BG24 | F78: Chung cư Sky 89 , 89 Hoàng Quốc Việt, Phú Mỹ, Quận 7 | I78: 908684850 | L78: khachsi | M78: TRUE
A79: BEER 300 (Tách) | B79: =VLOOKUP(C79,'Trang tính1'!A:C,2,0) -> beer 300 tách.xlsx | C79: TG-KS01215 | E79: BG21 | F79: 300 Trường Sa, Quận Phú Nhuận, TP. Hồ Chí Minh | K79: 9h | L79: khachsi | M79: TRUE
A80: BEER 300 | B80: =VLOOKUP(C80,'Trang tính1'!A:C,2,0) -> beer 300.xlsx | C80: TG-KS00041 | D80: BEER 300 | E80: BG21 | F80: 300 Trường Sa, Quận Phú Nhuận, TP. Hồ Chí Minh | I80: . | K80: 9h | L80: khachsi | M80: TRUE
A81: BEER 90 (Tách) | B81: =VLOOKUP(C81,'Trang tính1'!A:C,2,0) -> beer 90 tách.xlsx | C81: TG-KS00470 | D81: BEER 90 (Tách) | E81: BG21 | F81: 90 Xuân Thủy, Quận 2, TP.HCM | I81: . | K81: 10H | L81: khachsi | M81: TRUE
A82: BEER 90 | B82: =VLOOKUP(C82,'Trang tính1'!A:C,2,0) -> beer 90.xlsx | C82: TG-KS00039 | D82: BEER 90 | E82: BG21 | F82: 90 Xuân Thủy, Quận 2, TP.HCM | I82: . | K82: 8h30 | L82: khachsi | M82: TRUE
A83: BEER 01 (LNC) (ĐƠN TÁCH) | B83: =VLOOKUP(C83,'Trang tính1'!A:C,2,0) -> beer lnc tách.xlsx | C83: TG-KS00493 | D83: BEER 01 (LNC) (ĐƠN TÁCH) | E83: BG21 | F83: 01 Lê Ngô Cát Q.3 TP.HCM | I83: . | K83: 9h | L83: khachsi | M83: TRUE
A84: BEER 01 (LNC) | B84: =VLOOKUP(C84,'Trang tính1'!A:C,2,0) -> beer lnc.xlsx | C84: TG-KS00040 | D84: BEER 01 (LNC) | E84: BG21 | F84: 01 Lê Ngô Cát Q.3 TP.HCM | I84: . | K84: 7H | L84: khachsi | M84: TRUE
A85: BEER (NDC) | B85: =VLOOKUP(C85,'Trang tính1'!A:C,2,0) -> beer ndc.xlsx | C85: TG-KS00042 | D85: BEER (NDC) | E85: BG21 | F85: 165-167 Nguyễn Đức Cảnh, P.Tân Phong, Q.7, TP. Hồ Chí Minh | I85: 0989765949, 02836228145 | K85: 9h | L85: khachsi | M85: TRUE
A86: BENJI DINING (TẦNG 5) | B86: =VLOOKUP(C86,'Trang tính1'!A:C,2,0) -> BENJI DINING (TẦNG 5).xlsx | C86: TG-KS00090 | D86: BENJI DINING (TẦNG 5) | E86: BG04 | F86: số 34 Lê Duẩn , phường Bến Nghé, Quận 1 | I86: 708420694 | K86: 14h | L86: khachsi | M86: TRUE
A87: CALI (BẾP TỔNG) | B87: =VLOOKUP(C87,'Trang tính1'!A:C,2,0) -> beptong.xlsx | C87: TG-KS00259 | D87: CALI (BẾP TỔNG) | E87: BG47 | F87: 272 Võ Văn Kiệt, Phường Cầu Ông Lãnh, Q1 | K87: 9h | L87: khachsi | M87: TRUE
A88: BẾP NHÀ CÔ VI | B88: =VLOOKUP(C88,'Trang tính1'!A:C,2,0) -> BẾP NHÀ CÔ VI (Tách).xlsx | C88: TG-KS00363 | D88: BẾP NHÀ CÔ VI | E88: BG04 | F88: 392/20/76 Cao Thắng, Phường 12, Quận10 | I88: 0989321906, 0777473113 | K88: 6h | L88: khachsi | M88: TRUE
A89: BẾP NHÀ CÔ VI | B89: =VLOOKUP(C89,'Trang tính1'!A:C,2,0) -> BẾP NHÀ CÔ VI.xlsx | C89: TG-KS00370 | D89: BẾP NHÀ CÔ VI | E89: BG04 | F89: 392/20/76 Cao Thắng, Phường 12, Quận10 | I89: 0989321906, 0777473113 | K89: 9h-9h15 | L89: khachsi | M89: TRUE
A90: Bia Hơi Hải Xồm | B90: =VLOOKUP(C90,'Trang tính1'!A:C,2,0) -> Bia Hơi Hải Xồm.xlsx | C90: TG-KL00008 | E90: BG24 | F90: C7/26 Phạm Hùng, Bình Hưng, Bình Chánh | I90: 0338630688 | L90: khachle | M90: TRUE
A91: BIA TUYẾT (BT) | B91: =VLOOKUP(C91,'Trang tính1'!A:C,2,0) -> BIA TUYẾT (BT).xlsx | C91: TG-KS00068 | D91: BIA TUYẾT (BT) | E91: BG12 | F91: 55 Ung Văn Khiêm, Quận Bình Thạnh | H91: NULL | I91: 979266926 | K91: 8H-9H | L91: khachsi | M91: TRUE
A92: BIA TUYẾT BÌNH THẠNH (2) | B92: =VLOOKUP(C92,'Trang tính1'!A:C,2,0) -> BIA TUYẾT BÌNH THẠNH (2).xlsx | C92: TG-KS00186 | D92: BIA TUYẾT BÌNH THẠNH (2) | E92: BG12 | F92: 55 Ung Văn Khiêm, Quận Bình Thạnh | I92: 979266926 | K92: 8h30 | L92: khachsi | M92: TRUE
A93: BIA TUYẾT (ĐVB) (Đơn tách) | B93: =VLOOKUP(C93,'Trang tính1'!A:C,2,0) -> bia tuyết đvb tách.xlsx | C93: TG-KS00320 | D93: BIA TUYẾT (ĐVB) (Đơn tách) | E93: BG12 | F93: 36 Đặng Văn Bi, P.Bình Thọ, Thủ Đức | I93: 909061780 | J93: 312849462 | K93: 8h-9h | L93: khachsi | M93: TRUE
A94: BIA TUYẾT (ĐVB ) | B94: =VLOOKUP(C94,'Trang tính1'!A:C,2,0) -> bia tuyết đvb.xlsx | C94: TG-KS00046 | D94: BIA TUYẾT (ĐVB ) | E94: BG12 | F94: 36 đặng văn bi, p.bình thọ, thủ đức | I94: 909061780 | K94: 9h | L94: khachsi | M94: TRUE
A95: BIA TUYẾT (NHÂN VIÊN) | B95: =VLOOKUP(C95,'Trang tính1'!A:C,2,0) -> bia tuyết nv.xlsx | C95: TG-KS00050 | D95: BIA TUYẾT (NHÂN VIÊN) | E95: BG12 | F95: 36 Đặng Văn Bi, phường .Bình Thọ, Thủ Đức | I95: 909061780 | K95: 6h30-7h30 | L95: khachsi | M95: TRUE
A96: Bích Vàng (0386074172) | B96: =VLOOKUP(C96,'Trang tính1'!A:C,2,0) -> Bích Vàng (0386074172).xlsx | C96: TG-KS01116 | D96: Bích Vàng (0386074172) | E96: BG24 | F96: 507 Nguyễn Văn Linh,Phú Lâm, Tuy Hòa, Phú Yên (gửi nhà xe Phương Trang) | I96: 386074172 | L96: khachsi | M96: TRUE
A97: Nhà Hàng Biển Đông | B97: =VLOOKUP(C97,'Trang tính1'!A:C,2,0) -> Biển Đông.xlsx | C97: TG-KS01213 | E97: BG04 | F97: 527 Âu Cơ, Phường Tân Phú, Thành phố Hồ Chí Minh, Việt Nam | I97: 0769886912 | K97: 9h | L97: khachsi | M97: TRUE
A98: Bình ( 0392894412) | B98: =VLOOKUP(C98,'Trang tính1'!A:C,2,0) -> Bình ( 0392894412).xlsx | C98: TG-KS00601 | D98: Bình ( 0392894412) | E98: BG24 | F98: 44/20 Yên Đỗ, Phường 1, Bình Thạnh | I98: 907891610 | L98: khachsi | M98: TRUE
A99: Bò Tơ Bếp Trung Tâm | B99: =VLOOKUP(C99,'Trang tính1'!A:C,2,0) -> BÒ BTT.xlsx | C99: TG-KS00347 | D99: Bò Tơ Bếp Trung Tâm | E99: BG17 | F99: Số 9 Thoại Ngọc Hầu, phường Hoà Thạnh, quận Tân Phú | I99: . | K99: trước 7h | L99: khachsi | M99: TRUE | N99: bọc rau bằng giấy báo
A100: Bò Tơ Bình Tân | B100: =VLOOKUP(C100,'Trang tính1'!A:C,2,0) -> BòBTAN.xlsx | C100: TG-KS00137 | D100: Bò Tơ Bình Tân | E100: BG17 | F100: 206-212 Trần Văn Giàu, phường Bình Trị Đông, quận Bình Tân, TP HCM | I100: . | K100: 11h | L100: khachsi | M100: TRUE
...

Sheet Trang tính1
A1: MÃ KHÁCH HÀNG | B1: TÊN FILE | C1: TÊN TRÊN HỆ THỐNG
A2: TG-KL00001 | B2: CHỊ HIỀN.xlsx | C2: CHỊ HIỀN
A3: TG-KL00002 | B3: Quốc Anh (0355699822).xlsx | C3: Quốc Anh (0355699822)
A4: TG-KL00003 | B4: Anh Lộc (0343976028).xlsx | C4: Anh Lộc (0343976028)
A5: TG-KL00004 | B5: Nhật Điền (0909976975).xlsx | C5: Nhật Điền (0909976975)
A6: TG-KL00005 | B6: Lê Yến (0906649258).xlsx | C6: Lê Yến (0906649258)
A7: TG-KL00006 | B7: Chị Hiền (0903228704).xlsx | C7: Chị Hiền (0903228704)
A8: TG-KL00007 | B8: Chi nhánh công ty TNHH Daesang Việt Nam tại Hải Dương.xlsx | C8: Chi nhánh công ty TNHH Daesang Việt Nam tại Hải Dương
A9: TG-KL00008 | B9: Bia Hơi Hải Xồm.xlsx | C9: Bia Hơi Hải Xồm
A10: TG-KL00009 | B10: FS lá basil.xlsx | C10: FS lá basil
A11: TG-KL00010 | B11: Minh Anh (0389151738).xlsx | C11: Minh Anh (0389151738)
A12: TG-KL00011 | B12: Ngân Nguyễn (0913707197).xlsx | C12: Ngân Nguyễn (0913707197)
... A1221: TG-KS01215 | B1221: beer 300 tách.xlsx | C1221: BEER 300 (Tách)
