Workbook

Sheet sheet1
A1: Mapingcode | B1: masp | C1: title | D1: uomCode | E1: slton | F1: slhuy
A2: dautay | B2: =VLOOKUP(A2,CODE!A:B,2,0) -> I100477 | C2: =VLOOKUP(A2,CODE!A:C,3,0) -> Dâu tây ĐL | D2: =VLOOKUP(A2,CODE!D:E,2,0) -> Kg | E2: 0.2 | F2: 0
A3: sori | B3: =VLOOKUP(A3,CODE!A:B,2,0) -> I100501 | C3: =VLOOKUP(A3,CODE!A:C,3,0) -> Sơ ri | D3: =VLOOKUP(A3,CODE!D:E,2,0) -> Kg | E3: 0.2 | F3: 0
A4: lachanh | B4: =VLOOKUP(A4,CODE!A:B,2,0) -> I100133 | C4: =VLOOKUP(A4,CODE!A:C,3,0) -> Lá chanh | D4: =VLOOKUP(A4,CODE!D:E,2,0) -> Kg | E4: 0.2 | F4: 0
A5: raudang | B5: =VLOOKUP(A5,CODE!A:B,2,0) -> I100176 | C5: =VLOOKUP(A5,CODE!A:C,3,0) -> Rau đắng | D5: =VLOOKUP(A5,CODE!D:E,2,0) -> Kg | E5: 0.2 | F5: 0
A6: gialat | B6: =VLOOKUP(A6,CODE!A:B,2,0) -> I100093 | C6: =VLOOKUP(A6,CODE!A:C,3,0) -> Giá lặt | D6: =VLOOKUP(A6,CODE!D:E,2,0) -> Kg | E6: 0.3 | F6: 0.9
A7: othiemxanh | B7: =VLOOKUP(A7,CODE!A:B,2,0) -> I100168 | C7: =VLOOKUP(A7,CODE!A:C,3,0) -> Ớt hiểm xanh | D7: =VLOOKUP(A7,CODE!D:E,2,0) -> Kg | E7: 0.3 | F7: 0
A8: daudua | B8: =VLOOKUP(A8,CODE!A:B,2,0) -> I100079 | C8: =VLOOKUP(A8,CODE!A:C,3,0) -> Đậu đũa xanh | D8: =VLOOKUP(A8,CODE!D:E,2,0) -> Kg | E8: 0.3 | F8: 0
A9: chuoichat | B9: =VLOOKUP(A9,CODE!A:B,2,0) -> I100063 | C9: =VLOOKUP(A9,CODE!A:C,3,0) -> Chuối chát | D9: =VLOOKUP(A9,CODE!D:E,2,0) -> Kg | E9: 0.3 | F9: 0
A10: rosemary | B10: =VLOOKUP(A10,CODE!A:B,2,0) -> I100196 | C10: =VLOOKUP(A10,CODE!A:C,3,0) -> Rose mary | D10: =VLOOKUP(A10,CODE!D:E,2,0) -> Kg | E10: 0.3 | F10: 0
A11: thila | B11: =VLOOKUP(A11,CODE!A:B,2,0) -> I100219 | C11: =VLOOKUP(A11,CODE!A:C,3,0) -> Thì là | D11: =VLOOKUP(A11,CODE!D:E,2,0) -> Kg | E11: 0.4 | F11: 3.7
A12: cusen | B12: =VLOOKUP(A12,CODE!A:B,2,0) -> I100074 | C12: =VLOOKUP(A12,CODE!A:C,3,0) -> Củ sen | D12: =VLOOKUP(A12,CODE!D:E,2,0) -> Kg | E12: 0.4 | F12: 0
A13: susu | B13: =VLOOKUP(A13,CODE!A:B,2,0) -> I100214 | C13: =VLOOKUP(A13,CODE!A:C,3,0) -> Su Su | D13: =VLOOKUP(A13,CODE!D:E,2,0) -> Kg | E13: 0.4 | F13: 0
... A159: caithao | B159: =VLOOKUP(A159,CODE!A:B,2,0) -> I100051 | C159: =VLOOKUP(A159,CODE!A:C,3,0) -> Cải thảo | D159: =VLOOKUP(A159,CODE!D:E,2,0) -> Kg | E159: 0 | F159: 10
A160: DUAHAU | B160: I100479 | C160: Dưa hấu | D160: Kg | E160: 43 | F160: 0

Sheet CODE
A1: mappingcode | B1: itemcode | C1: ItemName | D1: Column1 | E1: UOMCode | F1: InvStatus | G1: NOTE
A2: BACHA | B2: I100001 | C2: Bạc hà | D2: BACHA | E2: Kg | G2: 1 bó = 5kg, (dọc mùng/cây bạc hà)
A3: BAPCAITIM | B3: I100002 | C3: Bắp cải tím | D3: BAPCAITIM | E3: Kg | G3: 0.8kg/bắp (0.5-1kg/bắp)
A4: BAPCAITRANG | B4: I100003 | C4: Bắp cải trắng | D4: BAPCAITRANG | E4: Kg | G4: 0.8kg/bắp (0.5-1.2kg/bắp)
A5: BAPCHUOIBAO | B5: I100004 | C5: Bắp chuối bào | D5: BAPCHUOIBAO | E5: Kg | F5: xuất hđ đổi thành bắp chuối | G5: xuất hđ đổi thành bắp chuối
A6: BAPCHUOI | B6: I100005 | C6: Bắp chuối nguyên trái | D6: BAPCHUOI | E6: Kg | G6: 1KG/BẮP (0.5-0.8kg/bắp)
A7: BAPMYHAT | B7: I100006 | C7: Bắp mỹ hạt | D7: BAPMYHAT | E7: Kg | G7: 0
A8: BAPMYKG | B8: I100007 | C8: Bắp mỹ kg Lột Vỏ | D8: BAPMYKG | E8: Kg | G8: 3 trái/kg
A9: BAPMYTRAI | B9: I100008 | C9: Bắp mỹ trái (Loại 1) | D9: BAPMYTRAI | E9: Trái | G9: 3 trái/kg
A10: BAPNON | B10: I100009 | C10: Bắp non tươi | D10: BAPNON | E10: Kg | G10: 0
A11: BAUXANH | B11: I100010 | C11: Bầu xanh | D11: BAUXANH | E11: Kg | G11: 0.5kg/trái (0.3-0.5kg/trái)
A12: BIDAO | B12: I100011 | C12: Bí đao | D12: BIDAO | E12: Kg | G12: 0.5kg/trái (0.3-0.5kg/trái)
A13: BIDOHOLO | B13: I100012 | C13: Bí đỏ hồ lô | D13: BIDOHOLO | E13: Kg | G13: 1-2kg/trái
A14: BINHAT | B14: I100013 | C14: Bí nhật | D14: BINHAT | E14: Kg | G14: 0.15-0.35kg/trái
A15: BIDOTRON | B15: I100014 | C15: Bí đỏ tròn | D15: BIDOTRON | E15: Kg | G15: 3kg/trái (2-4kg/trái)
A16: BINGOIVANG | B16: I100015 | C16: Bí ngòi vàng | D16: BINGOIVANG | E16: Kg | G16: 0.1-0.15kg/trái
A17: BINGOIXANH | B17: I100016 | C17: Bí ngòi xanh | D17: BINGOIXANH | E17: Kg | G17: 0.1-0.2kg/trái
A18: BINU | B18: I100017 | C18: Bí nụ | D18: BINU | E18: Kg | G18: 0.03-0.05kg/quả
A19: BOXOI | B19: I100018 | C19: Bó xôi (Nhà Lồng) | D19: BOXOI | E19: Kg | G19: 0.3kg/gói
A20: BONBON | B20: I100019 | C20: Bồn bồn chua | D20: BONBON | E20: Kg | F20: không xuất được hóa đơn | G20: không xuất được hóa đơn
A21: BONGATISO | B21: I100020 | C21: Bông Atiso | D21: BONGATISO | E21: Kg | G21: KHÔNG NHẬN
A22: BONGBI | B22: I100021 | C22: Bông bí | D22: BONGBI | E22: Kg | G22: 0
A23: BONGCAITRANG | B23: I100022 | C23: Bông cải trắng | D23: BONGCAITRANG | E23: Kg | G23: 0.8kg/bông
A24: BONGCAITRANGDL | B24: I100023 | C24: Bông cải trắng ĐaLat | D24: BONGCAITRANGDL | E24: Kg | G24: 0.6kg/bông
A25: BONGCAIXANH | B25: I100024 | C25: Bông cải xanh | D25: BONGCAIXANH | E25: Kg | G25: 0.5kg/bông
A26: bongcaixanhbb | B26: I100025 | C26: Bông cải xanh Baby | D26: bongcaixanhbb | E26: Kg | G26: 25g/cây
A27: BONGCAIXANHDL | B27: I100026 | C27: Bông cải xanh ĐaLat | D27: BONGCAIXANHDL | E27: Kg | G27: 0.5kg/bông
A28: BONGDIENDIEN | B28: I100027 | C28: Bông điên điển | D28: BONGDIENDIEN | E28: Kg | G28: 0
A29: BONGHE | B29: I100028 | C29: Bông hẹ | D29: BONGHE | E29: Kg | G29: 0
A30: BONGKIMCHAM | B30: I100029 | C30: Bông kim châm | D30: BONGKIMCHAM | E30: GÓI | G30: 0
A31: BONGSODUA | B31: I100030 | C31: Bông so đũa | D31: BONGSODUA | E31: Kg | G31: 0
A32: BONGSUNG | B32: I100031 | C32: Bông súng | D32: BONGSUNG | E32: Kg | G32: 0
A33: BONGTHIENLY | B33: I100032 | C33: Bông thiên lý | D33: BONGTHIENLY | E33: Kg | G33: 0
A34: CACHUABI | B34: I100033 | C34: Cà chua bi | D34: CACHUABI | E34: Kg | G34: 0
A35: CACHUA | B35: I100034 | C35: Cà chua | D35: CACHUA | E35: Kg | G35: 0.06-0.08kg/trái
A36: CADIA | B36: I100035 | C36: Cà dĩa | D36: CADIA | E36: Kg | G36: 0
A37: CAPHAO | B37: I100036 | C37: Cà pháo | D37: CAPHAO | E37: Kg | G37: 0
A38: CAPHAOMUOI | B38: I100037 | C38: Cà pháo muối | D38: CAPHAOMUOI | E38: Kg | F38: xuất hđ đổi thành cà pháo | G38: xuất hđ đổi thành cà pháo, 1kg/hũ
A39: CAPHAOXANH | B39: I100038 | C39: Cà pháo xanh | D39: CAPHAOXANH | E39: Kg | G39: 0
A40: CAROT | B40: I100039 | C40: Cà rốt | D40: CAROT | E40: Kg | G40: 0.15-0.25kg/trái
A41: CAROTBB | B41: I100040 | C41: Cà rốt baby | D41: CAROTBB | E41: Kg | G41: 0
A42: CAROTDL | B42: I100041 | C42: Cà rốt ĐaLat | D42: CAROTDL | E42: Kg | G42: 0.2-0.3kg/trái
A43: CATIM | B43: I100042 | C43: Cà tím | D43: CATIM | E43: Kg | G43: 0.3kg/trái
A44: CAIBE | B44: I100043 | C44: Cải bẹ xanh có gốc | D44: CAIBE | E44: Kg | G44: 0
A45: CAICHUA | B45: I100044 | C45: Cải chua nguyên cây | D45: CAICHUA | E45: Kg | F45: ko xuất đc nếu có xuất thì đổi thành cải sậy | G45: 1kg/bịch, xuất cải sậy, ĐÃ NGÂM CHUA
A46: CAINGONG | B46: I100045 | C46: Cải Hongkong(Cai ngong) | D46: CAINGONG | E46: Kg | G46: 0.15kg/cây
A47: CAIMAM | B47: I100046 | C47: Cải mầm | D47: CAIMAM | E47: Hộp | G47: 0.1kg/hộp
A48: CAINGOT | B48: I100047 | C48: Cải ngọt | D48: CAINGOT | E48: Kg | G48: 0
A49: CAINHUN | B49: I100048 | C49: Cải nhún | D49: CAINHUN | E49: Kg | G49: cải trắng
A50: CAIRO | B50: I100049 | C50: Cải rổ | D50: CAIRO | E50: Kg | G50: 0.07-0.13kg/cây, Đặt mua trước 11h
A51: CAISAY | B51: I100050 | C51: Cải sậy | D51: CAISAY | E51: Kg | G51: 0.4kg/bắp
A52: CAITHAO | B52: I100051 | C52: Cải thảo | D52: CAITHAO | E52: Kg | G52: 1 trái = 1 kí (0.5-1kg/bắp)
A53: CAITHIA | B53: I100052 | C53: Cải thìa | D53: CAITHIA | E53: Kg | G53: 0.05-0.07kg/cây, cải chip
A54: CAITROI | B54: I100053 | C54: Cải trời | D54: CAITROI | E54: Kg | G54: KHÔNG CÓ
A55: CAIXANHCON | B55: I100054 | C55: Cải xanh con | D55: CAIXANHCON | E55: Kg | G55: 0
A56: CANNUOC | B56: I100055 | C56: Cần nước | D56: CANNUOC | E56: Kg | G56: 1 bó = 0.3kg
A57: CANTAU | B57: I100056 | C57: Cần tàu | D57: CANTAU | E57: Kg | G57: 0.3kg/gói
A58: CANTAY | B58: I100057 | C58: Cần tây | D58: CANTAY | E58: Kg | G58: 1kg/cây
A59: CHANHDL | B59: I100058 | C59: Chanh ĐaLat | D59: CHANHDL | E59: Kg | G59: 0.03-0.05kg/quả
A60: CHANHGIAY | B60: I100059 | C60: Chanh giấy | D60: CHANHGIAY | E60: Kg | G60: 0
A61: CHANHKHONGHAT | B61: I100060 | C61: Chanh ko hạt | D61: CHANHKHONGHAT | E61: Kg | G61: 0.06-0.1kg/quả
A62: CHANHTHAI | B62: I100061 | C62: Chanh thái | D62: CHANHTHAI | E62: Kg | G62: 0
A63: CHANHVANG | B63: I100062 | C63: Chanh vàng | D63: CHANHVANG | E63: Kg | G63: 0.2 kg/ quả
A64: CHUOICHAT | B64: I100063 | C64: Chuối chát | D64: CHUOICHAT | E64: Kg | G64: 1kg/nải
A65: CUCAIDO | B65: I100064 | C65: Củ cải đỏ (Radis) | D65: CUCAIDO | E65: Kg | G65: 0
A66: CUCAIHQ | B66: I100065 | C66: Củ cải Hàn Quốc | D66: CUCAIHQ | E66: Kg | G66: 0
A67: CUCAIMUOI | B67: I100066 | C67: Củ cải muối | D67: CUCAIMUOI | E67: Kg | F67: xuất hđ đổi thành củ cải | G67: xuất hđ đổi thành củ cải
A68: CUCAITRANG | B68: I100067 | C68: Củ cải trắng (Loại 1) | D68: CUCAITRANG | E68: Kg | G68: 0.15-0.3kg/củ
A69: CUDEN | B69: I100068 | C69: Củ dền lớn | D69: CUDEN | E69: Kg | G69: 0.2-0.3kg/củ
A70: CUHOI | B70: I100069 | C70: Củ hồi | D70: CUHOI | E70: Kg | G70: 0
A71: CUHUDUA | B71: I100070 | C71: Củ hủ dừa | D71: CUHUDUA | E71: Kg | G71: 0
A72: CUKIEU | B72: I100071 | C72: Củ kiệu ngâm | D72: CUKIEU | E72: Kg | G72: 0
A73: CURIENG | B73: I100072 | C73: Củ riềng | D73: CURIENG | E73: Kg | G73: 0
A74: CUSAN | B74: I100073 | C74: Củ sắn | D74: CUSAN | E74: Kg | G74: 1 củ = 0.25kg
A75: CUSEN | B75: I100074 | C75: Củ sen | D75: CUSEN | E75: Kg | G75: 0.5kg/củ
A76: DAUBAP | B76: I100075 | C76: Đậu bắp | D76: DAUBAP | E76: Kg | G76: 0
A77: DAUBO | B77: I100076 | C77: Đậu bo tươi | D77: DAUBO | E77: Kg | G77: 0
A78: DAUQUEPHAP | B78: I100077 | C78: Đậu cove Pháp (Nhật) | D78: DAUQUEPHAP | E78: Kg | G78: 0
A79: DAUQUETRANG | B79: I100078 | C79: Đậu cove trắng | D79: DAUQUETRANG | E79: Kg | G79: 0
A80: DAUDUA | B80: I100079 | C80: Đậu đũa xanh | D80: DAUDUA | E80: Kg | G80: 0
A81: DAURONG | B81: I100081 | C81: Đậu rồng | D81: DAURONG | E81: Kg | G81: 0
A82: DOTBAU | B82: I100082 | C82: Đọt bầu | D82: DOTBAU | E82: Kg | G82: 0
A83: DOTBI | B83: I100083 | C83: Đọt bí | D83: DOTBI | E83: Kg | G83: 0
A84: DOTCHOAI | B84: I100084 | C84: Đọt choại | D84: DOTCHOAI | E84: Kg | G84: KHÔNG NHẬN
A85: DOTLANG | B85: I100085 | C85: Đọt rau lang | D85: DOTLANG | E85: Kg | G85: 0.3kg/bó
A86: DOTSUSU | B86: I100086 | C86: Đọt su su | D86: DOTSUSU | E86: Kg | G86: 0
A87: DUDUHUOM | B87: I100087 | C87: Đu đủ hườm | D87: DUDUHUOM | E87: Kg | G87: 1kg/trái
A88: DUDUXANH | B88: I100088 | C88: Đu đủ trái xanh | D88: DUDUXANH | E88: Kg | G88: 1kg/trái
A89: DUALEO | B89: I100089 | C89: Dưa leo | D89: DUALEO | E89: Kg | G89: 0.15-0.2kg/trái
A90: DUALEONHAT | B90: I100090 | C90: Dưa leo nhật | D90: DUALEONHAT | E90: Kg | G90: 0.4kg/trái
A91: GAC | B91: I100091 | C91: Gấc trái | D91: GAC | E91: Kg | G91: 1 trái = 1kg
A92: GIAHQ | B92: I100092 | C92: Giá Hàn Quốc | D92: GIAHQ | E92: Kg | G92: 0
A93: dudugot | B93: I100949 | C93: Đu đủ (gọt vỏ) | D93: dudugot | E93: Kg | G93: 0
A94: duatroc | B94: I100950 | C94: Dừa trọc (dừa xiêm gọt vỏ) | D94: duatroc | E94: Trái | G94: 0
A95: mitthai | B95: I100951 | C95: Mít thái | D95: mitthai | E95: Kg | G95: 0
A96: dotkhoquarung | B96: I100952 | C96: Đọt khổ qua rừng | D96: dotkhoquarung | E96: Kg | G96: 0
A97: Comsaurieng | B97: I100954 | C97: Cơm sầu riêng | D97: Comsaurieng | E97: Kg | G97: 0
A98: GIALAT | B98: I100093 | C98: Giá lặt | D98: GIALAT | E98: Kg | G98: 0
A99: GIA | B99: I100094 | C99: Giá tươi | D99: GIA | E99: Kg | G99: Gom với giá lặt, lặt 2 đầu
A100: OTLITXANH | B100: I100095 | C100: Green Oakleaf | D100: OTLITXANH | E100: Kg | G100: 0
...
