Workbook
Name Slicer_Bộ_phận: #N/A
Name Slicer_Column1: #N/A
Name Slicer_LỆCH_ĐƠN_GIÁ: #N/A
Name Slicer_LỆCH_ĐƠN_GIÁ1: #N/A
Name Slicer_LỆCH_ĐƠN_GIÁ11: #N/A
Name Slicer_LỆCH_ĐƠN_GIÁ111: #N/A
Name Slicer_Ngày_ct: #N/A
Name Slicer_xx: #N/A
Name Slicer_xx1: #N/A
Name Slicer_xx11: #N/A
Name Slicer_xx111: #N/A

Sheet tsg1
A1: TRẦN GIA - TSG1 ( VINCOM THẢO ĐIỀN )
X2: =W5/M5 -> -0.043829255
R3: =DAY(B301) -> 15
S4: =SUMIF(Table1[Mã nx],"tsg01",Table1[Đvt])=S5 -> FALSE | U4: =SUMIF(Table1[Mã nx],"tsg01",Table1[Giá báo])=U5 -> FALSE
K5: =SUM(K7:K1048576) -> 1333.18 | M5: =SUM(M7:M1048576) -> 50171740 | S5: =SUM(S7:S1048576) -> 1266 | U5: =SUM(U7:U1048576) -> 47972750 | V5: =SUM(V7:V1048576) -> -67.18 | W5: =SUM(W7:W1048576) -> -2198990
A6: MÃ ĐƠN HÀNG | B6: NGÀY | C6: MÃ KH | D6: TÊN KH | E6: Line ID | F6: Barcode | G6: MÃ KHO | H6: MÃ HÀNG | I6: TÊN HÀNG | J6: ĐVT | K6: SL | L6: ĐƠN GIÁ | M6: THÀNH TIỀN | N6: MÃ FAST | O6: TÊN FAST | P6: TSG01 | Q6: CT1 | R6: CT2 | S6: THỰC NHẬN | T6: ĐG FAST | U6: THÀNH TIỀN FAST | V6: lệch sl | W6: lệch tổng tiền | X6: LỆCH ĐƠN GIÁ | Y6: CHECK | Z6: Column1
B7: 01/01/2026 | D7: TIANLONG 01 | I7: Bắp mỹ trái (Loại 1) | J7: Trái | K7: 10 | L7: 8500 | M7: =K7*L7 -> 85000 | N7: =VLOOKUP(I7,'MÃ '!$A$2:$E$1048576,4,0) -> NL300107 | O7: =VLOOKUP(I7,'MÃ '!$A$2:$E$1048576,5,0) -> Ngô ngọt ( Bắp trái) | P7: =$P$6 -> TSG01 | Q7: =DAY(Table01[[#This Row],[NGÀY]])&Table01[[#This Row],[TSG01]]&Table01[[#This Row],[MÃ FAST]] -> 1TSG01NL300107 | R7: =COUNTIF($Q$7:Q7,Q7)&Q7 -> 11TSG01NL300107 | S7: =IFERROR(VLOOKUP(R7,Table1[[ct2]:[Số lượng]],13,0),0) -> 10 | T7: =IFERROR(VLOOKUP(R7,Table1[[ct2]:[Giá]],14,0),Table01[[#This Row],[ĐƠN GIÁ]]) -> 8500 | U7: =IFERROR((T7*S7),"0") -> 85000 | V7: =S7-K7 -> 0 | W7: =Table01[[#This Row],[THÀNH TIỀN FAST]]-Table01[[#This Row],[THÀNH TIỀN]] -> 0 | X7: =Table01[[#This Row],[ĐG FAST]]=Table01[[#This Row],[ĐƠN GIÁ]] -> TRUE | Y7: =Table01[[#This Row],[THÀNH TIỀN FAST]]=Table01[[#This Row],[THÀNH TIỀN]] -> TRUE
B8: 01/01/2026 | D8: TIANLONG 01 | I8: Bó xôi (Nhà Lồng) | J8: Kg | K8: 2 | L8: 45000 | M8: =K8*L8 -> 90000 | N8: =VLOOKUP(I8,'MÃ '!$A$2:$E$1048576,4,0) -> NL300203 | O8: =VLOOKUP(I8,'MÃ '!$A$2:$E$1048576,5,0) -> Cải bó xôi | P8: =$P$6 -> TSG01 | Q8: =DAY(Table01[[#This Row],[NGÀY]])&Table01[[#This Row],[TSG01]]&Table01[[#This Row],[MÃ FAST]] -> 1TSG01NL300203 | R8: =COUNTIF($Q$7:Q8,Q8)&Q8 -> 11TSG01NL300203 | S8: =IFERROR(VLOOKUP(R8,Table1[[ct2]:[Số lượng]],13,0),0) -> 1.7 | T8: =IFERROR(VLOOKUP(R8,Table1[[ct2]:[Giá]],14,0),Table01[[#This Row],[ĐƠN GIÁ]]) -> 45000 | U8: =IFERROR((T8*S8),"0") -> 76500 | V8: =S8-K8 -> -0.3 | W8: =Table01[[#This Row],[THÀNH TIỀN FAST]]-Table01[[#This Row],[THÀNH TIỀN]] -> -13500 | X8: =Table01[[#This Row],[ĐG FAST]]=Table01[[#This Row],[ĐƠN GIÁ]] -> TRUE | Y8: =Table01[[#This Row],[THÀNH TIỀN FAST]]=Table01[[#This Row],[THÀNH TIỀN]] -> FALSE
B9: 01/01/2026 | D9: TIANLONG 01 | I9: Cà chua | J9: Kg | K9: 2 | L9: 50000 | M9: =K9*L9 -> 100000 | N9: =VLOOKUP(I9,'MÃ '!$A$2:$E$1048576,4,0) -> NL300013 | O9: =VLOOKUP(I9,'MÃ '!$A$2:$E$1048576,5,0) -> Cà chua | P9: =$P$6 -> TSG01 | Q9: =DAY(Table01[[#This Row],[NGÀY]])&Table01[[#This Row],[TSG01]]&Table01[[#This Row],[MÃ FAST]] -> 1TSG01NL300013 | R9: =COUNTIF($Q$7:Q9,Q9)&Q9 -> 11TSG01NL300013 | S9: =IFERROR(VLOOKUP(R9,Table1[[ct2]:[Số lượng]],13,0),0) -> 2 | T9: =IFERROR(VLOOKUP(R9,Table1[[ct2]:[Giá]],14,0),Table01[[#This Row],[ĐƠN GIÁ]]) -> 50000 | U9: =IFERROR((T9*S9),"0") -> 100000 | V9: =S9-K9 -> 0 | W9: =Table01[[#This Row],[THÀNH TIỀN FAST]]-Table01[[#This Row],[THÀNH TIỀN]] -> 0 | X9: =Table01[[#This Row],[ĐG FAST]]=Table01[[#This Row],[ĐƠN GIÁ]] -> TRUE | Y9: =Table01[[#This Row],[THÀNH TIỀN FAST]]=Table01[[#This Row],[THÀNH TIỀN]] -> TRUE
B10: 01/01/2026 | D10: TIANLONG 01 | I10: Cải thảo | J10: Kg | K10: 10 | L10: 18000 | M10: =K10*L10 -> 180000 | N10: =VLOOKUP(I10,'MÃ '!$A$2:$E$1048576,4,0) -> NL300022 | O10: =VLOOKUP(I10,'MÃ '!$A$2:$E$1048576,5,0) -> Cải thảo | P10: =$P$6 -> TSG01 | Q10: =DAY(Table01[[#This Row],[NGÀY]])&Table01[[#This Row],[TSG01]]&Table01[[#This Row],[MÃ FAST]] -> 1TSG01NL300022 | R10: =COUNTIF($Q$7:Q10,Q10)&Q10 -> 11TSG01NL300022 | S10: =IFERROR(VLOOKUP(R10,Table1[[ct2]:[Số lượng]],13,0),0) -> 9.5 | T10: =IFERROR(VLOOKUP(R10,Table1[[ct2]:[Giá]],14,0),Table01[[#This Row],[ĐƠN GIÁ]]) -> 18000 | U10: =IFERROR((T10*S10),"0") -> 171000 | V10: =S10-K10 -> -0.5 | W10: =Table01[[#This Row],[THÀNH TIỀN FAST]]-Table01[[#This Row],[THÀNH TIỀN]] -> -9000 | X10: =Table01[[#This Row],[ĐG FAST]]=Table01[[#This Row],[ĐƠN GIÁ]] -> TRUE | Y10: =Table01[[#This Row],[THÀNH TIỀN FAST]]=Table01[[#This Row],[THÀNH TIỀN]] -> FALSE
B11: 01/01/2026 | D11: TIANLONG 01 | I11: Cam vàng | J11: Kg | K11: 0.9 | L11: 75000 | M11: =K11*L11 -> 67500 | N11: =VLOOKUP(I11,'MÃ '!$A$2:$E$1048576,4,0) -> NL600067 | O11: =VLOOKUP(I11,'MÃ '!$A$2:$E$1048576,5,0) -> Cam vàng | P11: =$P$6 -> TSG01 | Q11: =DAY(Table01[[#This Row],[NGÀY]])&Table01[[#This Row],[TSG01]]&Table01[[#This Row],[MÃ FAST]] -> 1TSG01NL600067 | R11: =COUNTIF($Q$7:Q11,Q11)&Q11 -> 11TSG01NL600067 | S11: =IFERROR(VLOOKUP(R11,Table1[[ct2]:[Số lượng]],13,0),0) -> 0.9 | T11: =IFERROR(VLOOKUP(R11,Table1[[ct2]:[Giá]],14,0),Table01[[#This Row],[ĐƠN GIÁ]]) -> 75000 | U11: =IFERROR((T11*S11),"0") -> 67500 | V11: =S11-K11 -> 0 | W11: =Table01[[#This Row],[THÀNH TIỀN FAST]]-Table01[[#This Row],[THÀNH TIỀN]] -> 0 | X11: =Table01[[#This Row],[ĐG FAST]]=Table01[[#This Row],[ĐƠN GIÁ]] -> TRUE | Y11: =Table01[[#This Row],[THÀNH TIỀN FAST]]=Table01[[#This Row],[THÀNH TIỀN]] -> TRUE
B12: 01/01/2026 | D12: TIANLONG 01 | I12: Chanh vàng | J12: Kg | K12: 0.5 | L12: 95000 | M12: =K12*L12 -> 47500 | N12: =VLOOKUP(I12,'MÃ '!$A$2:$E$1048576,4,0) -> NL600068 | O12: =VLOOKUP(I12,'MÃ '!$A$2:$E$1048576,5,0) -> Chanh vàng | P12: =$P$6 -> TSG01 | Q12: =DAY(Table01[[#This Row],[NGÀY]])&Table01[[#This Row],[TSG01]]&Table01[[#This Row],[MÃ FAST]] -> 1TSG01NL600068 | R12: =COUNTIF($Q$7:Q12,Q12)&Q12 -> 11TSG01NL600068 | S12: =IFERROR(VLOOKUP(R12,Table1[[ct2]:[Số lượng]],13,0),0) -> 0.5 | T12: =IFERROR(VLOOKUP(R12,Table1[[ct2]:[Giá]],14,0),Table01[[#This Row],[ĐƠN GIÁ]]) -> 95000 | U12: =IFERROR((T12*S12),"0") -> 47500 | V12: =S12-K12 -> 0 | W12: =Table01[[#This Row],[THÀNH TIỀN FAST]]-Table01[[#This Row],[THÀNH TIỀN]] -> 0 | X12: =Table01[[#This Row],[ĐG FAST]]=Table01[[#This Row],[ĐƠN GIÁ]] -> TRUE | Y12: =Table01[[#This Row],[THÀNH TIỀN FAST]]=Table01[[#This Row],[THÀNH TIỀN]] -> TRUE
B13: 01/01/2026 | D13: TIANLONG 01 | I13: Củ cải trắng (Loại 1) | J13: Kg | K13: 1.2 | L13: 13000 | M13: =K13*L13 -> 15600 | N13: =VLOOKUP(I13,'MÃ '!$A$2:$E$1048576,4,0) -> NL300033 | O13: =VLOOKUP(I13,'MÃ '!$A$2:$E$1048576,5,0) -> Củ cải trắng | P13: =$P$6 -> TSG01 | Q13: =DAY(Table01[[#This Row],[NGÀY]])&Table01[[#This Row],[TSG01]]&Table01[[#This Row],[MÃ FAST]] -> 1TSG01NL300033 | R13: =COUNTIF($Q$7:Q13,Q13)&Q13 -> 11TSG01NL300033 | S13: =IFERROR(VLOOKUP(R13,Table1[[ct2]:[Số lượng]],13,0),0) -> 1.2 | T13: =IFERROR(VLOOKUP(R13,Table1[[ct2]:[Giá]],14,0),Table01[[#This Row],[ĐƠN GIÁ]]) -> 13000 | U13: =IFERROR((T13*S13),"0") -> 15600 | V13: =S13-K13 -> 0 | W13: =Table01[[#This Row],[THÀNH TIỀN FAST]]-Table01[[#This Row],[THÀNH TIỀN]] -> 0 | X13: =Table01[[#This Row],[ĐG FAST]]=Table01[[#This Row],[ĐƠN GIÁ]] -> TRUE | Y13: =Table01[[#This Row],[THÀNH TIỀN FAST]]=Table01[[#This Row],[THÀNH TIỀN]] -> TRUE
B14: 01/01/2026 | D14: TIANLONG 01 | I14: Củ sen | J14: Kg | K14: 2 | L14: 47000 | M14: =K14*L14 -> 94000 | N14: =VLOOKUP(I14,'MÃ '!$A$2:$E$1048576,4,0) -> NL300036 | O14: =VLOOKUP(I14,'MÃ '!$A$2:$E$1048576,5,0) -> Củ sen | P14: =$P$6 -> TSG01 | Q14: =DAY(Table01[[#This Row],[NGÀY]])&Table01[[#This Row],[TSG01]]&Table01[[#This Row],[MÃ FAST]] -> 1TSG01NL300036 | R14: =COUNTIF($Q$7:Q14,Q14)&Q14 -> 11TSG01NL300036 | S14: =IFERROR(VLOOKUP(R14,Table1[[ct2]:[Số lượng]],13,0),0) -> 1.8 | T14: =IFERROR(VLOOKUP(R14,Table1[[ct2]:[Giá]],14,0),Table01[[#This Row],[ĐƠN GIÁ]]) -> 47000 | U14: =IFERROR((T14*S14),"0") -> 84600 | V14: =S14-K14 -> -0.2 | W14: =Table01[[#This Row],[THÀNH TIỀN FAST]]-Table01[[#This Row],[THÀNH TIỀN]] -> -9400 | X14: =Table01[[#This Row],[ĐG FAST]]=Table01[[#This Row],[ĐƠN GIÁ]] -> TRUE | Y14: =Table01[[#This Row],[THÀNH TIỀN FAST]]=Table01[[#This Row],[THÀNH TIỀN]] -> FALSE
B15: 01/01/2026 | D15: TIANLONG 01 | I15: Dưa hấu | J15: Kg | K15: 20 | L15: 18000 | M15: =K15*L15 -> 360000 | N15: =VLOOKUP(I15,'MÃ '!$A$2:$E$1048576,4,0) -> NL600004 | O15: =VLOOKUP(I15,'MÃ '!$A$2:$E$1048576,5,0) -> Dưa hấu | P15: =$P$6 -> TSG01 | Q15: =DAY(Table01[[#This Row],[NGÀY]])&Table01[[#This Row],[TSG01]]&Table01[[#This Row],[MÃ FAST]] -> 1TSG01NL600004 | R15: =COUNTIF($Q$7:Q15,Q15)&Q15 -> 11TSG01NL600004 | S15: =IFERROR(VLOOKUP(R15,Table1[[ct2]:[Số lượng]],13,0),0) -> 20 | T15: =IFERROR(VLOOKUP(R15,Table1[[ct2]:[Giá]],14,0),Table01[[#This Row],[ĐƠN GIÁ]]) -> 18000 | U15: =IFERROR((T15*S15),"0") -> 360000 | V15: =S15-K15 -> 0 | W15: =Table01[[#This Row],[THÀNH TIỀN FAST]]-Table01[[#This Row],[THÀNH TIỀN]] -> 0 | X15: =Table01[[#This Row],[ĐG FAST]]=Table01[[#This Row],[ĐƠN GIÁ]] -> TRUE | Y15: =Table01[[#This Row],[THÀNH TIỀN FAST]]=Table01[[#This Row],[THÀNH TIỀN]] -> TRUE
B16: 01/01/2026 | D16: TIANLONG 01 | I16: Hành lá | J16: Kg | K16: 1 | L16: 55000 | M16: =K16*L16 -> 55000 | N16: =VLOOKUP(I16,'MÃ '!$A$2:$E$1048576,4,0) -> NL300058 | O16: =VLOOKUP(I16,'MÃ '!$A$2:$E$1048576,5,0) -> Hành lá | P16: =$P$6 -> TSG01 | Q16: =DAY(Table01[[#This Row],[NGÀY]])&Table01[[#This Row],[TSG01]]&Table01[[#This Row],[MÃ FAST]] -> 1TSG01NL300058 | R16: =COUNTIF($Q$7:Q16,Q16)&Q16 -> 11TSG01NL300058 | S16: =IFERROR(VLOOKUP(R16,Table1[[ct2]:[Số lượng]],13,0),0) -> 1 | T16: =IFERROR(VLOOKUP(R16,Table1[[ct2]:[Giá]],14,0),Table01[[#This Row],[ĐƠN GIÁ]]) -> 55000 | U16: =IFERROR((T16*S16),"0") -> 55000 | V16: =S16-K16 -> 0 | W16: =Table01[[#This Row],[THÀNH TIỀN FAST]]-Table01[[#This Row],[THÀNH TIỀN]] -> 0 | X16: =Table01[[#This Row],[ĐG FAST]]=Table01[[#This Row],[ĐƠN GIÁ]] -> TRUE | Y16: =Table01[[#This Row],[THÀNH TIỀN FAST]]=Table01[[#This Row],[THÀNH TIỀN]] -> TRUE
B17: 01/01/2026 | D17: TIANLONG 01 | I17: Hoa cúc tím | J17: Bó | K17: 1 | L17: 80000 | M17: =K17*L17 -> 80000 | N17: =VLOOKUP(I17,'MÃ '!$A$2:$E$1048576,4,0) -> NL300218 | O17: =VLOOKUP(I17,'MÃ '!$A$2:$E$1048576,5,0) -> Hoa cúc (decor) bó | P17: =$P$6 -> TSG01 | Q17: =DAY(Table01[[#This Row],[NGÀY]])&Table01[[#This Row],[TSG01]]&Table01[[#This Row],[MÃ FAST]] -> 1TSG01NL300218 | R17: =COUNTIF($Q$7:Q17,Q17)&Q17 -> 11TSG01NL300218 | S17: =IFERROR(VLOOKUP(R17,Table1[[ct2]:[Số lượng]],13,0),0) -> 1 | T17: =IFERROR(VLOOKUP(R17,Table1[[ct2]:[Giá]],14,0),Table01[[#This Row],[ĐƠN GIÁ]]) -> 40000 | U17: =IFERROR((T17*S17),"0") -> 40000 | V17: =S17-K17 -> 0 | W17: =Table01[[#This Row],[THÀNH TIỀN FAST]]-Table01[[#This Row],[THÀNH TIỀN]] -> -40000 | X17: =Table01[[#This Row],[ĐG FAST]]=Table01[[#This Row],[ĐƠN GIÁ]] -> FALSE | Y17: =Table01[[#This Row],[THÀNH TIỀN FAST]]=Table01[[#This Row],[THÀNH TIỀN]] -> FALSE
B18: 01/01/2026 | D18: TIANLONG 01 | I18: Húng lũi | J18: Kg | K18: 0.3 | L18: 65000 | M18: =K18*L18 -> 19500 | N18: =VLOOKUP(I18,'MÃ '!$A$2:$E$1048576,4,0) -> NL300062 | O18: =VLOOKUP(I18,'MÃ '!$A$2:$E$1048576,5,0) -> Húng Bạc Hà | P18: =$P$6 -> TSG01 | Q18: =DAY(Table01[[#This Row],[NGÀY]])&Table01[[#This Row],[TSG01]]&Table01[[#This Row],[MÃ FAST]] -> 1TSG01NL300062 | R18: =COUNTIF($Q$7:Q18,Q18)&Q18 -> 11TSG01NL300062 | S18: =IFERROR(VLOOKUP(R18,Table1[[ct2]:[Số lượng]],13,0),0) -> 0.3 | T18: =IFERROR(VLOOKUP(R18,Table1[[ct2]:[Giá]],14,0),Table01[[#This Row],[ĐƠN GIÁ]]) -> 65000 | U18: =IFERROR((T18*S18),"0") -> 19500 | V18: =S18-K18 -> 0 | W18: =Table01[[#This Row],[THÀNH TIỀN FAST]]-Table01[[#This Row],[THÀNH TIỀN]] -> 0 | X18: =Table01[[#This Row],[ĐG FAST]]=Table01[[#This Row],[ĐƠN GIÁ]] -> TRUE | Y18: =Table01[[#This Row],[THÀNH TIỀN FAST]]=Table01[[#This Row],[THÀNH TIỀN]] -> TRUE
... B301: 15/01/2026 | D301: TIANLONG 01 | I301: Xà lách romain | J301: Kg | K301: 8.2 | L301: 62000 | M301: =K301*L301 -> 508400 | N301: =VLOOKUP(I301,'MÃ '!$A$2:$E$1048576,4,0) -> NL300147 | O301: =VLOOKUP(I301,'MÃ '!$A$2:$E$1048576,5,0) -> Xà lách Roman | P301: =$P$6 -> TSG01 | Q301: =DAY(Table01[[#This Row],[NGÀY]])&Table01[[#This Row],[TSG01]]&Table01[[#This Row],[MÃ FAST]] -> 15TSG01NL300147 | R301: =COUNTIF($Q$7:Q301,Q301)&Q301 -> 115TSG01NL300147 | S301: =IFERROR(VLOOKUP(R301,Table1[[ct2]:[Số lượng]],13,0),0) -> 7.5 | T301: =IFERROR(VLOOKUP(R301,Table1[[ct2]:[Giá]],14,0),Table01[[#This Row],[ĐƠN GIÁ]]) -> 62000 | U301: =IFERROR((T301*S301),"0") -> 465000 | V301: =S301-K301 -> -0.7 | W301: =Table01[[#This Row],[THÀNH TIỀN FAST]]-Table01[[#This Row],[THÀNH TIỀN]] -> -43400 | X301: =Table01[[#This Row],[ĐG FAST]]=Table01[[#This Row],[ĐƠN GIÁ]] -> TRUE | Y301: =Table01[[#This Row],[THÀNH TIỀN FAST]]=Table01[[#This Row],[THÀNH TIỀN]] -> FALSE
M302: =K302*L302 -> 0 | N302: =VLOOKUP(I302,'MÃ '!$A$2:$E$1048576,4,0) -> #N/A | O302: =VLOOKUP(I302,'MÃ '!$A$2:$E$1048576,5,0) -> #N/A | P302: =$P$6 -> TSG01 | Q302: =DAY(Table01[[#This Row],[NGÀY]])&Table01[[#This Row],[TSG01]]&Table01[[#This Row],[MÃ FAST]] -> #N/A | R302: =COUNTIF($Q$7:Q302,Q302)&Q302 -> #N/A | S302: =IFERROR(VLOOKUP(R302,Table1[[ct2]:[Số lượng]],13,0),0) -> 0 | T302: =IFERROR(VLOOKUP(R302,Table1[[ct2]:[Giá]],14,0),Table01[[#This Row],[ĐƠN GIÁ]]) -> 0 | U302: =IFERROR((T302*S302),"0") -> 0 | V302: =S302-K302 -> 0 | W302: =Table01[[#This Row],[THÀNH TIỀN FAST]]-Table01[[#This Row],[THÀNH TIỀN]] -> 0 | X302: =Table01[[#This Row],[ĐG FAST]]=Table01[[#This Row],[ĐƠN GIÁ]] -> TRUE | Y302: =Table01[[#This Row],[THÀNH TIỀN FAST]]=Table01[[#This Row],[THÀNH TIỀN]] -> TRUE
M303: =K303*L303 -> 0 | N303: =VLOOKUP(I303,'MÃ '!$A$2:$E$1048576,4,0) -> #N/A | O303: =VLOOKUP(I303,'MÃ '!$A$2:$E$1048576,5,0) -> #N/A | P303: =$P$6 -> TSG01 | Q303: =DAY(Table01[[#This Row],[NGÀY]])&Table01[[#This Row],[TSG01]]&Table01[[#This Row],[MÃ FAST]] -> #N/A | R303: =COUNTIF($Q$7:Q303,Q303)&Q303 -> #N/A | S303: =IFERROR(VLOOKUP(R303,Table1[[ct2]:[Số lượng]],13,0),0) -> 0 | T303: =IFERROR(VLOOKUP(R303,Table1[[ct2]:[Giá]],14,0),Table01[[#This Row],[ĐƠN GIÁ]]) -> 0 | U303: =IFERROR((T303*S303),"0") -> 0 | V303: =S303-K303 -> 0 | W303: =Table01[[#This Row],[THÀNH TIỀN FAST]]-Table01[[#This Row],[THÀNH TIỀN]] -> 0 | X303: =Table01[[#This Row],[ĐG FAST]]=Table01[[#This Row],[ĐƠN GIÁ]] -> TRUE | Y303: =Table01[[#This Row],[THÀNH TIỀN FAST]]=Table01[[#This Row],[THÀNH TIỀN]] -> TRUE
M304: =K304*L304 -> 0 | N304: =VLOOKUP(I304,'MÃ '!$A$2:$E$1048576,4,0) -> #N/A | O304: =VLOOKUP(I304,'MÃ '!$A$2:$E$1048576,5,0) -> #N/A | P304: =$P$6 -> TSG01 | Q304: =DAY(Table01[[#This Row],[NGÀY]])&Table01[[#This Row],[TSG01]]&Table01[[#This Row],[MÃ FAST]] -> #N/A | R304: =COUNTIF($Q$7:Q304,Q304)&Q304 -> #N/A | S304: =IFERROR(VLOOKUP(R304,Table1[[ct2]:[Số lượng]],13,0),0) -> 0 | T304: =IFERROR(VLOOKUP(R304,Table1[[ct2]:[Giá]],14,0),Table01[[#This Row],[ĐƠN GIÁ]]) -> 0 | U304: =IFERROR((T304*S304),"0") -> 0 | V304: =S304-K304 -> 0 | W304: =Table01[[#This Row],[THÀNH TIỀN FAST]]-Table01[[#This Row],[THÀNH TIỀN]] -> 0 | X304: =Table01[[#This Row],[ĐG FAST]]=Table01[[#This Row],[ĐƠN GIÁ]] -> TRUE | Y304: =Table01[[#This Row],[THÀNH TIỀN FAST]]=Table01[[#This Row],[THÀNH TIỀN]] -> TRUE
M305: =K305*L305 -> 0 | N305: =VLOOKUP(I305,'MÃ '!$A$2:$E$1048576,4,0) -> #N/A | O305: =VLOOKUP(I305,'MÃ '!$A$2:$E$1048576,5,0) -> #N/A | P305: =$P$6 -> TSG01 | Q305: =DAY(Table01[[#This Row],[NGÀY]])&Table01[[#This Row],[TSG01]]&Table01[[#This Row],[MÃ FAST]] -> #N/A | R305: =COUNTIF($Q$7:Q305,Q305)&Q305 -> #N/A | S305: =IFERROR(VLOOKUP(R305,Table1[[ct2]:[Số lượng]],13,0),0) -> 0 | T305: =IFERROR(VLOOKUP(R305,Table1[[ct2]:[Giá]],14,0),Table01[[#This Row],[ĐƠN GIÁ]]) -> 0 | U305: =IFERROR((T305*S305),"0") -> 0 | V305: =S305-K305 -> 0 | W305: =Table01[[#This Row],[THÀNH TIỀN FAST]]-Table01[[#This Row],[THÀNH TIỀN]] -> 0 | X305: =Table01[[#This Row],[ĐG FAST]]=Table01[[#This Row],[ĐƠN GIÁ]] -> TRUE | Y305: =Table01[[#This Row],[THÀNH TIỀN FAST]]=Table01[[#This Row],[THÀNH TIỀN]] -> TRUE
M306: =K306*L306 -> 0 | N306: =VLOOKUP(I306,'MÃ '!$A$2:$E$1048576,4,0) -> #N/A | O306: =VLOOKUP(I306,'MÃ '!$A$2:$E$1048576,5,0) -> #N/A | P306: =$P$6 -> TSG01 | Q306: =DAY(Table01[[#This Row],[NGÀY]])&Table01[[#This Row],[TSG01]]&Table01[[#This Row],[MÃ FAST]] -> #N/A | R306: =COUNTIF($Q$7:Q306,Q306)&Q306 -> #N/A | S306: =IFERROR(VLOOKUP(R306,Table1[[ct2]:[Số lượng]],13,0),0) -> 0 | T306: =IFERROR(VLOOKUP(R306,Table1[[ct2]:[Giá]],14,0),Table01[[#This Row],[ĐƠN GIÁ]]) -> 0 | U306: =IFERROR((T306*S306),"0") -> 0 | V306: =S306-K306 -> 0 | W306: =Table01[[#This Row],[THÀNH TIỀN FAST]]-Table01[[#This Row],[THÀNH TIỀN]] -> 0 | X306: =Table01[[#This Row],[ĐG FAST]]=Table01[[#This Row],[ĐƠN GIÁ]] -> TRUE | Y306: =Table01[[#This Row],[THÀNH TIỀN FAST]]=Table01[[#This Row],[THÀNH TIỀN]] -> TRUE
M307: =K307*L307 -> 0 | N307: =VLOOKUP(I307,'MÃ '!$A$2:$E$1048576,4,0) -> #N/A | O307: =VLOOKUP(I307,'MÃ '!$A$2:$E$1048576,5,0) -> #N/A | P307: =$P$6 -> TSG01 | Q307: =DAY(Table01[[#This Row],[NGÀY]])&Table01[[#This Row],[TSG01]]&Table01[[#This Row],[MÃ FAST]] -> #N/A | R307: =COUNTIF($Q$7:Q307,Q307)&Q307 -> #N/A | S307: =IFERROR(VLOOKUP(R307,Table1[[ct2]:[Số lượng]],13,0),0) -> 0 | T307: =IFERROR(VLOOKUP(R307,Table1[[ct2]:[Giá]],14,0),Table01[[#This Row],[ĐƠN GIÁ]]) -> 0 | U307: =IFERROR((T307*S307),"0") -> 0 | V307: =S307-K307 -> 0 | W307: =Table01[[#This Row],[THÀNH TIỀN FAST]]-Table01[[#This Row],[THÀNH TIỀN]] -> 0 | X307: =Table01[[#This Row],[ĐG FAST]]=Table01[[#This Row],[ĐƠN GIÁ]] -> TRUE | Y307: =Table01[[#This Row],[THÀNH TIỀN FAST]]=Table01[[#This Row],[THÀNH TIỀN]] -> TRUE
M308: =K308*L308 -> 0 | N308: =VLOOKUP(I308,'MÃ '!$A$2:$E$1048576,4,0) -> #N/A | O308: =VLOOKUP(I308,'MÃ '!$A$2:$E$1048576,5,0) -> #N/A | P308: =$P$6 -> TSG01 | Q308: =DAY(Table01[[#This Row],[NGÀY]])&Table01[[#This Row],[TSG01]]&Table01[[#This Row],[MÃ FAST]] -> #N/A | R308: =COUNTIF($Q$7:Q308,Q308)&Q308 -> #N/A | S308: =IFERROR(VLOOKUP(R308,Table1[[ct2]:[Số lượng]],13,0),0) -> 0 | T308: =IFERROR(VLOOKUP(R308,Table1[[ct2]:[Giá]],14,0),Table01[[#This Row],[ĐƠN GIÁ]]) -> 0 | U308: =IFERROR((T308*S308),"0") -> 0 | V308: =S308-K308 -> 0 | W308: =Table01[[#This Row],[THÀNH TIỀN FAST]]-Table01[[#This Row],[THÀNH TIỀN]] -> 0 | X308: =Table01[[#This Row],[ĐG FAST]]=Table01[[#This Row],[ĐƠN GIÁ]] -> TRUE | Y308: =Table01[[#This Row],[THÀNH TIỀN FAST]]=Table01[[#This Row],[THÀNH TIỀN]] -> TRUE
M309: =K309*L309 -> 0 | N309: =VLOOKUP(I309,'MÃ '!$A$2:$E$1048576,4,0) -> #N/A | O309: =VLOOKUP(I309,'MÃ '!$A$2:$E$1048576,5,0) -> #N/A | P309: =$P$6 -> TSG01 | Q309: =DAY(Table01[[#This Row],[NGÀY]])&Table01[[#This Row],[TSG01]]&Table01[[#This Row],[MÃ FAST]] -> #N/A | R309: =COUNTIF($Q$7:Q309,Q309)&Q309 -> #N/A | S309: =IFERROR(VLOOKUP(R309,Table1[[ct2]:[Số lượng]],13,0),0) -> 0 | T309: =IFERROR(VLOOKUP(R309,Table1[[ct2]:[Giá]],14,0),Table01[[#This Row],[ĐƠN GIÁ]]) -> 0 | U309: =IFERROR((T309*S309),"0") -> 0 | V309: =S309-K309 -> 0 | W309: =Table01[[#This Row],[THÀNH TIỀN FAST]]-Table01[[#This Row],[THÀNH TIỀN]] -> 0 | X309: =Table01[[#This Row],[ĐG FAST]]=Table01[[#This Row],[ĐƠN GIÁ]] -> TRUE | Y309: =Table01[[#This Row],[THÀNH TIỀN FAST]]=Table01[[#This Row],[THÀNH TIỀN]] -> TRUE
M310: =K310*L310 -> 0 | N310: =VLOOKUP(I310,'MÃ '!$A$2:$E$1048576,4,0) -> #N/A | O310: =VLOOKUP(I310,'MÃ '!$A$2:$E$1048576,5,0) -> #N/A | P310: =$P$6 -> TSG01 | Q310: =DAY(Table01[[#This Row],[NGÀY]])&Table01[[#This Row],[TSG01]]&Table01[[#This Row],[MÃ FAST]] -> #N/A | R310: =COUNTIF($Q$7:Q310,Q310)&Q310 -> #N/A | S310: =IFERROR(VLOOKUP(R310,Table1[[ct2]:[Số lượng]],13,0),0) -> 0 | T310: =IFERROR(VLOOKUP(R310,Table1[[ct2]:[Giá]],14,0),Table01[[#This Row],[ĐƠN GIÁ]]) -> 0 | U310: =IFERROR((T310*S310),"0") -> 0 | V310: =S310-K310 -> 0 | W310: =Table01[[#This Row],[THÀNH TIỀN FAST]]-Table01[[#This Row],[THÀNH TIỀN]] -> 0 | X310: =Table01[[#This Row],[ĐG FAST]]=Table01[[#This Row],[ĐƠN GIÁ]] -> TRUE | Y310: =Table01[[#This Row],[THÀNH TIỀN FAST]]=Table01[[#This Row],[THÀNH TIỀN]] -> TRUE
M311: =K311*L311 -> 0 | N311: =VLOOKUP(I311,'MÃ '!$A$2:$E$1048576,4,0) -> #N/A | O311: =VLOOKUP(I311,'MÃ '!$A$2:$E$1048576,5,0) -> #N/A | P311: =$P$6 -> TSG01 | Q311: =DAY(Table01[[#This Row],[NGÀY]])&Table01[[#This Row],[TSG01]]&Table01[[#This Row],[MÃ FAST]] -> #N/A | R311: =COUNTIF($Q$7:Q311,Q311)&Q311 -> #N/A | S311: =IFERROR(VLOOKUP(R311,Table1[[ct2]:[Số lượng]],13,0),0) -> 0 | T311: =IFERROR(VLOOKUP(R311,Table1[[ct2]:[Giá]],14,0),Table01[[#This Row],[ĐƠN GIÁ]]) -> 0 | U311: =IFERROR((T311*S311),"0") -> 0 | V311: =S311-K311 -> 0 | W311: =Table01[[#This Row],[THÀNH TIỀN FAST]]-Table01[[#This Row],[THÀNH TIỀN]] -> 0 | X311: =Table01[[#This Row],[ĐG FAST]]=Table01[[#This Row],[ĐƠN GIÁ]] -> TRUE | Y311: =Table01[[#This Row],[THÀNH TIỀN FAST]]=Table01[[#This Row],[THÀNH TIỀN]] -> TRUE
M312: =K312*L312 -> 0 | N312: =VLOOKUP(I312,'MÃ '!$A$2:$E$1048576,4,0) -> #N/A | O312: =VLOOKUP(I312,'MÃ '!$A$2:$E$1048576,5,0) -> #N/A | P312: =$P$6 -> TSG01 | Q312: =DAY(Table01[[#This Row],[NGÀY]])&Table01[[#This Row],[TSG01]]&Table01[[#This Row],[MÃ FAST]] -> #N/A | R312: =COUNTIF($Q$7:Q312,Q312)&Q312 -> #N/A | S312: =IFERROR(VLOOKUP(R312,Table1[[ct2]:[Số lượng]],13,0),0) -> 0 | T312: =IFERROR(VLOOKUP(R312,Table1[[ct2]:[Giá]],14,0),Table01[[#This Row],[ĐƠN GIÁ]]) -> 0 | U312: =IFERROR((T312*S312),"0") -> 0 | V312: =S312-K312 -> 0 | W312: =Table01[[#This Row],[THÀNH TIỀN FAST]]-Table01[[#This Row],[THÀNH TIỀN]] -> 0 | X312: =Table01[[#This Row],[ĐG FAST]]=Table01[[#This Row],[ĐƠN GIÁ]] -> TRUE | Y312: =Table01[[#This Row],[THÀNH TIỀN FAST]]=Table01[[#This Row],[THÀNH TIỀN]] -> TRUE
M313: =K313*L313 -> 0 | N313: =VLOOKUP(I313,'MÃ '!$A$2:$E$1048576,4,0) -> #N/A | O313: =VLOOKUP(I313,'MÃ '!$A$2:$E$1048576,5,0) -> #N/A | P313: =$P$6 -> TSG01 | Q313: =DAY(Table01[[#This Row],[NGÀY]])&Table01[[#This Row],[TSG01]]&Table01[[#This Row],[MÃ FAST]] -> #N/A | R313: =COUNTIF($Q$7:Q313,Q313)&Q313 -> #N/A | S313: =IFERROR(VLOOKUP(R313,Table1[[ct2]:[Số lượng]],13,0),0) -> 0 | T313: =IFERROR(VLOOKUP(R313,Table1[[ct2]:[Giá]],14,0),Table01[[#This Row],[ĐƠN GIÁ]]) -> 0 | U313: =IFERROR((T313*S313),"0") -> 0 | V313: =S313-K313 -> 0 | W313: =Table01[[#This Row],[THÀNH TIỀN FAST]]-Table01[[#This Row],[THÀNH TIỀN]] -> 0 | X313: =Table01[[#This Row],[ĐG FAST]]=Table01[[#This Row],[ĐƠN GIÁ]] -> TRUE | Y313: =Table01[[#This Row],[THÀNH TIỀN FAST]]=Table01[[#This Row],[THÀNH TIỀN]] -> TRUE
... M1000: =K1000*L1000 -> 0 | N1000: =VLOOKUP(I1000,'MÃ '!$A$2:$E$1048576,4,0) -> #N/A | O1000: =VLOOKUP(I1000,'MÃ '!$A$2:$E$1048576,5,0) -> #N/A | P1000: =$P$6 -> TSG01 | Q1000: =DAY(Table01[[#This Row],[NGÀY]])&Table01[[#This Row],[TSG01]]&Table01[[#This Row],[MÃ FAST]] -> #N/A | R1000: =COUNTIF($Q$7:Q1000,Q1000)&Q1000 -> #N/A | S1000: =IFERROR(VLOOKUP(R1000,Table1[[ct2]:[Số lượng]],13,0),0) -> 0 | T1000: =IFERROR(VLOOKUP(R1000,Table1[[ct2]:[Giá]],14,0),Table01[[#This Row],[ĐƠN GIÁ]]) -> 0 | U1000: =IFERROR((T1000*S1000),"0") -> 0 | V1000: =S1000-K1000 -> 0 | W1000: =Table01[[#This Row],[THÀNH TIỀN FAST]]-Table01[[#This Row],[THÀNH TIỀN]] -> 0 | X1000: =Table01[[#This Row],[ĐG FAST]]=Table01[[#This Row],[ĐƠN GIÁ]] -> TRUE | Y1000: =Table01[[#This Row],[THÀNH TIỀN FAST]]=Table01[[#This Row],[THÀNH TIỀN]] -> TRUE

Sheet tsg6
A1: TRẦN GIA - TSG6 (landmark 81 )
X2: =W5/M5 -> -0.018797809
R3: =DAY(B301) -> 14
S4: =SUMIF(Table1[Mã nx],"tsg01",Table1[Đvt])=S5 -> FALSE | U4: =SUMIF(Table1[Mã nx],"tsg01",Table1[Giá báo])=U5 -> FALSE
K5: =SUM(K7:K1048576) -> 1219.94 | M5: =SUM(M7:M1048576) -> 47186350 | S5: =SUM(S7:S1048576) -> 1208.444 | U5: =SUM(U7:U1048576) -> 46299350 | V5: =SUM(V7:V1048576) -> -11.496 | W5: =SUM(W7:W1048576) -> -887000
A6: MÃ ĐƠN HÀNG | B6: NGÀY | C6: MÃ KH | D6: TÊN KH | E6: Line ID | F6: Barcode | G6: MÃ KHO | H6: MÃ HÀNG | I6: TÊN HÀNG | J6: ĐVT | K6: SL | L6: ĐƠN GIÁ | M6: THÀNH TIỀN | N6: MÃ FAST | O6: TÊN FAST | P6: TSG06 | Q6: CT1 | R6: CT2 | S6: THỰC NHẬN | T6: ĐG FAST | U6: THÀNH TIỀN FAST | V6: lệch sl | W6: lệch tổng tiền | X6: LỆCH ĐƠN GIÁ | Y6: CHECK | Z6: Column1
B7: 01/01/2026 | D7: TIANLONG 06 | I7: Bắp mỹ trái (Loại 1) | J7: Trái | K7: 10 | L7: 8500 | M7: =K7*L7 -> 85000 | N7: =VLOOKUP(I7,'MÃ '!$A$2:$E$1048576,4,0) -> NL300107 | O7: =VLOOKUP(I7,'MÃ '!$A$2:$E$1048576,5,0) -> Ngô ngọt ( Bắp trái) | P7: =$P$6 -> TSG06 | Q7: =DAY(Table014[[#This Row],[NGÀY]])&Table014[[#This Row],[TSG06]]&Table014[[#This Row],[MÃ FAST]] -> 1TSG06NL300107 | R7: =COUNTIF($Q$7:Q7,Q7)&Q7 -> 11TSG06NL300107 | S7: =IFERROR(VLOOKUP(R7,Table1[[ct2]:[Số lượng]],13,0),0) -> 10 | T7: =IFERROR(VLOOKUP(R7,Table1[[ct2]:[Giá]],14,0),Table014[[#This Row],[ĐƠN GIÁ]]) -> 8500 | U7: =IFERROR((T7*S7),"0") -> 85000 | V7: =S7-K7 -> 0 | W7: =Table014[[#This Row],[THÀNH TIỀN FAST]]-Table014[[#This Row],[THÀNH TIỀN]] -> 0 | X7: =Table014[[#This Row],[ĐG FAST]]=Table014[[#This Row],[ĐƠN GIÁ]] -> TRUE | Y7: =Table014[[#This Row],[THÀNH TIỀN FAST]]=Table014[[#This Row],[THÀNH TIỀN]] -> TRUE
B8: 01/01/2026 | D8: TIANLONG 06 | I8: Bí đỏ hồ lô | J8: Kg | K8: 1 | L8: 30000 | M8: =K8*L8 -> 30000 | N8: =VLOOKUP(I8,'MÃ '!$A$2:$E$1048576,4,0) -> NL300007 | O8: =VLOOKUP(I8,'MÃ '!$A$2:$E$1048576,5,0) -> Bí đỏ | P8: =$P$6 -> TSG06 | Q8: =DAY(Table014[[#This Row],[NGÀY]])&Table014[[#This Row],[TSG06]]&Table014[[#This Row],[MÃ FAST]] -> 1TSG06NL300007 | R8: =COUNTIF($Q$7:Q8,Q8)&Q8 -> 11TSG06NL300007 | S8: =IFERROR(VLOOKUP(R8,Table1[[ct2]:[Số lượng]],13,0),0) -> 1 | T8: =IFERROR(VLOOKUP(R8,Table1[[ct2]:[Giá]],14,0),Table014[[#This Row],[ĐƠN GIÁ]]) -> 30000 | U8: =IFERROR((T8*S8),"0") -> 30000 | V8: =S8-K8 -> 0 | W8: =Table014[[#This Row],[THÀNH TIỀN FAST]]-Table014[[#This Row],[THÀNH TIỀN]] -> 0 | X8: =Table014[[#This Row],[ĐG FAST]]=Table014[[#This Row],[ĐƠN GIÁ]] -> TRUE | Y8: =Table014[[#This Row],[THÀNH TIỀN FAST]]=Table014[[#This Row],[THÀNH TIỀN]] -> TRUE
B9: 01/01/2026 | D9: TIANLONG 06 | I9: Bó xôi (Nhà Lồng) | J9: Kg | K9: 4 | L9: 45000 | M9: =K9*L9 -> 180000 | N9: =VLOOKUP(I9,'MÃ '!$A$2:$E$1048576,4,0) -> NL300203 | O9: =VLOOKUP(I9,'MÃ '!$A$2:$E$1048576,5,0) -> Cải bó xôi | P9: =$P$6 -> TSG06 | Q9: =DAY(Table014[[#This Row],[NGÀY]])&Table014[[#This Row],[TSG06]]&Table014[[#This Row],[MÃ FAST]] -> 1TSG06NL300203 | R9: =COUNTIF($Q$7:Q9,Q9)&Q9 -> 11TSG06NL300203 | S9: =IFERROR(VLOOKUP(R9,Table1[[ct2]:[Số lượng]],13,0),0) -> 4 | T9: =IFERROR(VLOOKUP(R9,Table1[[ct2]:[Giá]],14,0),Table014[[#This Row],[ĐƠN GIÁ]]) -> 45000 | U9: =IFERROR((T9*S9),"0") -> 180000 | V9: =S9-K9 -> 0 | W9: =Table014[[#This Row],[THÀNH TIỀN FAST]]-Table014[[#This Row],[THÀNH TIỀN]] -> 0 | X9: =Table014[[#This Row],[ĐG FAST]]=Table014[[#This Row],[ĐƠN GIÁ]] -> TRUE | Y9: =Table014[[#This Row],[THÀNH TIỀN FAST]]=Table014[[#This Row],[THÀNH TIỀN]] -> TRUE
B10: 01/01/2026 | D10: TIANLONG 06 | I10: Cà chua | J10: Kg | K10: 1 | L10: 50000 | M10: =K10*L10 -> 50000 | N10: =VLOOKUP(I10,'MÃ '!$A$2:$E$1048576,4,0) -> NL300013 | O10: =VLOOKUP(I10,'MÃ '!$A$2:$E$1048576,5,0) -> Cà chua | P10: =$P$6 -> TSG06 | Q10: =DAY(Table014[[#This Row],[NGÀY]])&Table014[[#This Row],[TSG06]]&Table014[[#This Row],[MÃ FAST]] -> 1TSG06NL300013 | R10: =COUNTIF($Q$7:Q10,Q10)&Q10 -> 11TSG06NL300013 | S10: =IFERROR(VLOOKUP(R10,Table1[[ct2]:[Số lượng]],13,0),0) -> 1 | T10: =IFERROR(VLOOKUP(R10,Table1[[ct2]:[Giá]],14,0),Table014[[#This Row],[ĐƠN GIÁ]]) -> 50000 | U10: =IFERROR((T10*S10),"0") -> 50000 | V10: =S10-K10 -> 0 | W10: =Table014[[#This Row],[THÀNH TIỀN FAST]]-Table014[[#This Row],[THÀNH TIỀN]] -> 0 | X10: =Table014[[#This Row],[ĐG FAST]]=Table014[[#This Row],[ĐƠN GIÁ]] -> TRUE | Y10: =Table014[[#This Row],[THÀNH TIỀN FAST]]=Table014[[#This Row],[THÀNH TIỀN]] -> TRUE
B11: 01/01/2026 | D11: TIANLONG 06 | I11: Cải thảo | J11: Kg | K11: 16 | L11: 18000 | M11: =K11*L11 -> 288000 | N11: =VLOOKUP(I11,'MÃ '!$A$2:$E$1048576,4,0) -> NL300022 | O11: =VLOOKUP(I11,'MÃ '!$A$2:$E$1048576,5,0) -> Cải thảo | P11: =$P$6 -> TSG06 | Q11: =DAY(Table014[[#This Row],[NGÀY]])&Table014[[#This Row],[TSG06]]&Table014[[#This Row],[MÃ FAST]] -> 1TSG06NL300022 | R11: =COUNTIF($Q$7:Q11,Q11)&Q11 -> 11TSG06NL300022 | S11: =IFERROR(VLOOKUP(R11,Table1[[ct2]:[Số lượng]],13,0),0) -> 16 | T11: =IFERROR(VLOOKUP(R11,Table1[[ct2]:[Giá]],14,0),Table014[[#This Row],[ĐƠN GIÁ]]) -> 18000 | U11: =IFERROR((T11*S11),"0") -> 288000 | V11: =S11-K11 -> 0 | W11: =Table014[[#This Row],[THÀNH TIỀN FAST]]-Table014[[#This Row],[THÀNH TIỀN]] -> 0 | X11: =Table014[[#This Row],[ĐG FAST]]=Table014[[#This Row],[ĐƠN GIÁ]] -> TRUE | Y11: =Table014[[#This Row],[THÀNH TIỀN FAST]]=Table014[[#This Row],[THÀNH TIỀN]] -> TRUE
B12: 01/01/2026 | D12: TIANLONG 06 | I12: Cam vàng | J12: Kg | K12: 0.55 | L12: 75000 | M12: =K12*L12 -> 41250 | N12: =VLOOKUP(I12,'MÃ '!$A$2:$E$1048576,4,0) -> NL600067 | O12: =VLOOKUP(I12,'MÃ '!$A$2:$E$1048576,5,0) -> Cam vàng | P12: =$P$6 -> TSG06 | Q12: =DAY(Table014[[#This Row],[NGÀY]])&Table014[[#This Row],[TSG06]]&Table014[[#This Row],[MÃ FAST]] -> 1TSG06NL600067 | R12: =COUNTIF($Q$7:Q12,Q12)&Q12 -> 11TSG06NL600067 | S12: =IFERROR(VLOOKUP(R12,Table1[[ct2]:[Số lượng]],13,0),0) -> 0.55 | T12: =IFERROR(VLOOKUP(R12,Table1[[ct2]:[Giá]],14,0),Table014[[#This Row],[ĐƠN GIÁ]]) -> 75000 | U12: =IFERROR((T12*S12),"0") -> 41250 | V12: =S12-K12 -> 0 | W12: =Table014[[#This Row],[THÀNH TIỀN FAST]]-Table014[[#This Row],[THÀNH TIỀN]] -> 0 | X12: =Table014[[#This Row],[ĐG FAST]]=Table014[[#This Row],[ĐƠN GIÁ]] -> TRUE | Y12: =Table014[[#This Row],[THÀNH TIỀN FAST]]=Table014[[#This Row],[THÀNH TIỀN]] -> TRUE
B13: 01/01/2026 | D13: TIANLONG 06 | I13: Chanh không hạt | J13: Kg | K13: 0.5 | L13: 22000 | M13: =K13*L13 -> 11000 | N13: =VLOOKUP(I13,'MÃ '!$A$2:$E$1048576,4,0) -> NL300029 | O13: =VLOOKUP(I13,'MÃ '!$A$2:$E$1048576,5,0) -> Chanh | P13: =$P$6 -> TSG06 | Q13: =DAY(Table014[[#This Row],[NGÀY]])&Table014[[#This Row],[TSG06]]&Table014[[#This Row],[MÃ FAST]] -> 1TSG06NL300029 | R13: =COUNTIF($Q$7:Q13,Q13)&Q13 -> 11TSG06NL300029 | S13: =IFERROR(VLOOKUP(R13,Table1[[ct2]:[Số lượng]],13,0),0) -> 0.5 | T13: =IFERROR(VLOOKUP(R13,Table1[[ct2]:[Giá]],14,0),Table014[[#This Row],[ĐƠN GIÁ]]) -> 22000 | U13: =IFERROR((T13*S13),"0") -> 11000 | V13: =S13-K13 -> 0 | W13: =Table014[[#This Row],[THÀNH TIỀN FAST]]-Table014[[#This Row],[THÀNH TIỀN]] -> 0 | X13: =Table014[[#This Row],[ĐG FAST]]=Table014[[#This Row],[ĐƠN GIÁ]] -> TRUE | Y13: =Table014[[#This Row],[THÀNH TIỀN FAST]]=Table014[[#This Row],[THÀNH TIỀN]] -> TRUE
B14: 01/01/2026 | D14: TIANLONG 06 | I14: Củ cải trắng (Loại 1) | J14: Kg | K14: 3.3 | L14: 13000 | M14: =K14*L14 -> 42900 | N14: =VLOOKUP(I14,'MÃ '!$A$2:$E$1048576,4,0) -> NL300033 | O14: =VLOOKUP(I14,'MÃ '!$A$2:$E$1048576,5,0) -> Củ cải trắng | P14: =$P$6 -> TSG06 | Q14: =DAY(Table014[[#This Row],[NGÀY]])&Table014[[#This Row],[TSG06]]&Table014[[#This Row],[MÃ FAST]] -> 1TSG06NL300033 | R14: =COUNTIF($Q$7:Q14,Q14)&Q14 -> 11TSG06NL300033 | S14: =IFERROR(VLOOKUP(R14,Table1[[ct2]:[Số lượng]],13,0),0) -> 3.3 | T14: =IFERROR(VLOOKUP(R14,Table1[[ct2]:[Giá]],14,0),Table014[[#This Row],[ĐƠN GIÁ]]) -> 13000 | U14: =IFERROR((T14*S14),"0") -> 42900 | V14: =S14-K14 -> 0 | W14: =Table014[[#This Row],[THÀNH TIỀN FAST]]-Table014[[#This Row],[THÀNH TIỀN]] -> 0 | X14: =Table014[[#This Row],[ĐG FAST]]=Table014[[#This Row],[ĐƠN GIÁ]] -> TRUE | Y14: =Table014[[#This Row],[THÀNH TIỀN FAST]]=Table014[[#This Row],[THÀNH TIỀN]] -> TRUE
B15: 01/01/2026 | D15: TIANLONG 06 | I15: Củ sen | J15: Kg | K15: 2.1 | L15: 47000 | M15: =K15*L15 -> 98700 | N15: =VLOOKUP(I15,'MÃ '!$A$2:$E$1048576,4,0) -> NL300036 | O15: =VLOOKUP(I15,'MÃ '!$A$2:$E$1048576,5,0) -> Củ sen | P15: =$P$6 -> TSG06 | Q15: =DAY(Table014[[#This Row],[NGÀY]])&Table014[[#This Row],[TSG06]]&Table014[[#This Row],[MÃ FAST]] -> 1TSG06NL300036 | R15: =COUNTIF($Q$7:Q15,Q15)&Q15 -> 11TSG06NL300036 | S15: =IFERROR(VLOOKUP(R15,Table1[[ct2]:[Số lượng]],13,0),0) -> 2.1 | T15: =IFERROR(VLOOKUP(R15,Table1[[ct2]:[Giá]],14,0),Table014[[#This Row],[ĐƠN GIÁ]]) -> 47000 | U15: =IFERROR((T15*S15),"0") -> 98700 | V15: =S15-K15 -> 0 | W15: =Table014[[#This Row],[THÀNH TIỀN FAST]]-Table014[[#This Row],[THÀNH TIỀN]] -> 0 | X15: =Table014[[#This Row],[ĐG FAST]]=Table014[[#This Row],[ĐƠN GIÁ]] -> TRUE | Y15: =Table014[[#This Row],[THÀNH TIỀN FAST]]=Table014[[#This Row],[THÀNH TIỀN]] -> TRUE
B16: 01/01/2026 | D16: TIANLONG 06 | I16: Dưa hấu | J16: Kg | K16: 45 | L16: 18000 | M16: =K16*L16 -> 810000 | N16: =VLOOKUP(I16,'MÃ '!$A$2:$E$1048576,4,0) -> NL600004 | O16: =VLOOKUP(I16,'MÃ '!$A$2:$E$1048576,5,0) -> Dưa hấu | P16: =$P$6 -> TSG06 | Q16: =DAY(Table014[[#This Row],[NGÀY]])&Table014[[#This Row],[TSG06]]&Table014[[#This Row],[MÃ FAST]] -> 1TSG06NL600004 | R16: =COUNTIF($Q$7:Q16,Q16)&Q16 -> 11TSG06NL600004 | S16: =IFERROR(VLOOKUP(R16,Table1[[ct2]:[Số lượng]],13,0),0) -> 45 | T16: =IFERROR(VLOOKUP(R16,Table1[[ct2]:[Giá]],14,0),Table014[[#This Row],[ĐƠN GIÁ]]) -> 18000 | U16: =IFERROR((T16*S16),"0") -> 810000 | V16: =S16-K16 -> 0 | W16: =Table014[[#This Row],[THÀNH TIỀN FAST]]-Table014[[#This Row],[THÀNH TIỀN]] -> 0 | X16: =Table014[[#This Row],[ĐG FAST]]=Table014[[#This Row],[ĐƠN GIÁ]] -> TRUE | Y16: =Table014[[#This Row],[THÀNH TIỀN FAST]]=Table014[[#This Row],[THÀNH TIỀN]] -> TRUE
B17: 01/01/2026 | D17: TIANLONG 06 | I17: Hành lá | J17: Kg | K17: 2 | L17: 55000 | M17: =K17*L17 -> 110000 | N17: =VLOOKUP(I17,'MÃ '!$A$2:$E$1048576,4,0) -> NL300058 | O17: =VLOOKUP(I17,'MÃ '!$A$2:$E$1048576,5,0) -> Hành lá | P17: =$P$6 -> TSG06 | Q17: =DAY(Table014[[#This Row],[NGÀY]])&Table014[[#This Row],[TSG06]]&Table014[[#This Row],[MÃ FAST]] -> 1TSG06NL300058 | R17: =COUNTIF($Q$7:Q17,Q17)&Q17 -> 11TSG06NL300058 | S17: =IFERROR(VLOOKUP(R17,Table1[[ct2]:[Số lượng]],13,0),0) -> 2 | T17: =IFERROR(VLOOKUP(R17,Table1[[ct2]:[Giá]],14,0),Table014[[#This Row],[ĐƠN GIÁ]]) -> 55000 | U17: =IFERROR((T17*S17),"0") -> 110000 | V17: =S17-K17 -> 0 | W17: =Table014[[#This Row],[THÀNH TIỀN FAST]]-Table014[[#This Row],[THÀNH TIỀN]] -> 0 | X17: =Table014[[#This Row],[ĐG FAST]]=Table014[[#This Row],[ĐƠN GIÁ]] -> TRUE | Y17: =Table014[[#This Row],[THÀNH TIỀN FAST]]=Table014[[#This Row],[THÀNH TIỀN]] -> TRUE
B18: 01/01/2026 | D18: TIANLONG 06 | I18: Hoa cúc tím | J18: Bó | K18: 1 | L18: 80000 | M18: =K18*L18 -> 80000 | N18: =VLOOKUP(I18,'MÃ '!$A$2:$E$1048576,4,0) -> NL300218 | O18: =VLOOKUP(I18,'MÃ '!$A$2:$E$1048576,5,0) -> Hoa cúc (decor) bó | P18: =$P$6 -> TSG06 | Q18: =DAY(Table014[[#This Row],[NGÀY]])&Table014[[#This Row],[TSG06]]&Table014[[#This Row],[MÃ FAST]] -> 1TSG06NL300218 | R18: =COUNTIF($Q$7:Q18,Q18)&Q18 -> 11TSG06NL300218 | S18: =IFERROR(VLOOKUP(R18,Table1[[ct2]:[Số lượng]],13,0),0) -> 1 | T18: =IFERROR(VLOOKUP(R18,Table1[[ct2]:[Giá]],14,0),Table014[[#This Row],[ĐƠN GIÁ]]) -> 40000 | U18: =IFERROR((T18*S18),"0") -> 40000 | V18: =S18-K18 -> 0 | W18: =Table014[[#This Row],[THÀNH TIỀN FAST]]-Table014[[#This Row],[THÀNH TIỀN]] -> -40000 | X18: =Table014[[#This Row],[ĐG FAST]]=Table014[[#This Row],[ĐƠN GIÁ]] -> FALSE | Y18: =Table014[[#This Row],[THÀNH TIỀN FAST]]=Table014[[#This Row],[THÀNH TIỀN]] -> FALSE
... B322: 15/01/2026 | D322: TIANLONG 06 | I322: Xà lách romain | J322: Kg | K322: 5 | L322: 62000 | M322: =K322*L322 -> 310000 | N322: =VLOOKUP(I322,'MÃ '!$A$2:$E$1048576,4,0) -> NL300147 | O322: =VLOOKUP(I322,'MÃ '!$A$2:$E$1048576,5,0) -> Xà lách Roman | P322: =$P$6 -> TSG06 | Q322: =DAY(Table014[[#This Row],[NGÀY]])&Table014[[#This Row],[TSG06]]&Table014[[#This Row],[MÃ FAST]] -> 15TSG06NL300147 | R322: =COUNTIF($Q$7:Q322,Q322)&Q322 -> 115TSG06NL300147 | S322: =IFERROR(VLOOKUP(R322,Table1[[ct2]:[Số lượng]],13,0),0) -> 5 | T322: =IFERROR(VLOOKUP(R322,Table1[[ct2]:[Giá]],14,0),Table014[[#This Row],[ĐƠN GIÁ]]) -> 62000 | U322: =IFERROR((T322*S322),"0") -> 310000 | V322: =S322-K322 -> 0 | W322: =Table014[[#This Row],[THÀNH TIỀN FAST]]-Table014[[#This Row],[THÀNH TIỀN]] -> 0 | X322: =Table014[[#This Row],[ĐG FAST]]=Table014[[#This Row],[ĐƠN GIÁ]] -> TRUE | Y322: =Table014[[#This Row],[THÀNH TIỀN FAST]]=Table014[[#This Row],[THÀNH TIỀN]] -> TRUE
M323: =K323*L323 -> 0 | N323: =VLOOKUP(I323,'MÃ '!$A$2:$E$1048576,4,0) -> #N/A | O323: =VLOOKUP(I323,'MÃ '!$A$2:$E$1048576,5,0) -> #N/A | P323: =$P$6 -> TSG06 | Q323: =DAY(Table014[[#This Row],[NGÀY]])&Table014[[#This Row],[TSG06]]&Table014[[#This Row],[MÃ FAST]] -> #N/A | R323: =COUNTIF($Q$7:Q323,Q323)&Q323 -> #N/A | S323: =IFERROR(VLOOKUP(R323,Table1[[ct2]:[Số lượng]],13,0),0) -> 0 | T323: =IFERROR(VLOOKUP(R323,Table1[[ct2]:[Giá]],14,0),Table014[[#This Row],[ĐƠN GIÁ]]) -> 0 | U323: =IFERROR((T323*S323),"0") -> 0 | V323: =S323-K323 -> 0 | W323: =Table014[[#This Row],[THÀNH TIỀN FAST]]-Table014[[#This Row],[THÀNH TIỀN]] -> 0 | X323: =Table014[[#This Row],[ĐG FAST]]=Table014[[#This Row],[ĐƠN GIÁ]] -> TRUE | Y323: =Table014[[#This Row],[THÀNH TIỀN FAST]]=Table014[[#This Row],[THÀNH TIỀN]] -> TRUE
M324: =K324*L324 -> 0 | N324: =VLOOKUP(I324,'MÃ '!$A$2:$E$1048576,4,0) -> #N/A | O324: =VLOOKUP(I324,'MÃ '!$A$2:$E$1048576,5,0) -> #N/A | P324: =$P$6 -> TSG06 | Q324: =DAY(Table014[[#This Row],[NGÀY]])&Table014[[#This Row],[TSG06]]&Table014[[#This Row],[MÃ FAST]] -> #N/A | R324: =COUNTIF($Q$7:Q324,Q324)&Q324 -> #N/A | S324: =IFERROR(VLOOKUP(R324,Table1[[ct2]:[Số lượng]],13,0),0) -> 0 | T324: =IFERROR(VLOOKUP(R324,Table1[[ct2]:[Giá]],14,0),Table014[[#This Row],[ĐƠN GIÁ]]) -> 0 | U324: =IFERROR((T324*S324),"0") -> 0 | V324: =S324-K324 -> 0 | W324: =Table014[[#This Row],[THÀNH TIỀN FAST]]-Table014[[#This Row],[THÀNH TIỀN]] -> 0 | X324: =Table014[[#This Row],[ĐG FAST]]=Table014[[#This Row],[ĐƠN GIÁ]] -> TRUE | Y324: =Table014[[#This Row],[THÀNH TIỀN FAST]]=Table014[[#This Row],[THÀNH TIỀN]] -> TRUE
M325: =K325*L325 -> 0 | N325: =VLOOKUP(I325,'MÃ '!$A$2:$E$1048576,4,0) -> #N/A | O325: =VLOOKUP(I325,'MÃ '!$A$2:$E$1048576,5,0) -> #N/A | P325: =$P$6 -> TSG06 | Q325: =DAY(Table014[[#This Row],[NGÀY]])&Table014[[#This Row],[TSG06]]&Table014[[#This Row],[MÃ FAST]] -> #N/A | R325: =COUNTIF($Q$7:Q325,Q325)&Q325 -> #N/A | S325: =IFERROR(VLOOKUP(R325,Table1[[ct2]:[Số lượng]],13,0),0) -> 0 | T325: =IFERROR(VLOOKUP(R325,Table1[[ct2]:[Giá]],14,0),Table014[[#This Row],[ĐƠN GIÁ]]) -> 0 | U325: =IFERROR((T325*S325),"0") -> 0 | V325: =S325-K325 -> 0 | W325: =Table014[[#This Row],[THÀNH TIỀN FAST]]-Table014[[#This Row],[THÀNH TIỀN]] -> 0 | X325: =Table014[[#This Row],[ĐG FAST]]=Table014[[#This Row],[ĐƠN GIÁ]] -> TRUE | Y325: =Table014[[#This Row],[THÀNH TIỀN FAST]]=Table014[[#This Row],[THÀNH TIỀN]] -> TRUE
M326: =K326*L326 -> 0 | N326: =VLOOKUP(I326,'MÃ '!$A$2:$E$1048576,4,0) -> #N/A | O326: =VLOOKUP(I326,'MÃ '!$A$2:$E$1048576,5,0) -> #N/A | P326: =$P$6 -> TSG06 | Q326: =DAY(Table014[[#This Row],[NGÀY]])&Table014[[#This Row],[TSG06]]&Table014[[#This Row],[MÃ FAST]] -> #N/A | R326: =COUNTIF($Q$7:Q326,Q326)&Q326 -> #N/A | S326: =IFERROR(VLOOKUP(R326,Table1[[ct2]:[Số lượng]],13,0),0) -> 0 | T326: =IFERROR(VLOOKUP(R326,Table1[[ct2]:[Giá]],14,0),Table014[[#This Row],[ĐƠN GIÁ]]) -> 0 | U326: =IFERROR((T326*S326),"0") -> 0 | V326: =S326-K326 -> 0 | W326: =Table014[[#This Row],[THÀNH TIỀN FAST]]-Table014[[#This Row],[THÀNH TIỀN]] -> 0 | X326: =Table014[[#This Row],[ĐG FAST]]=Table014[[#This Row],[ĐƠN GIÁ]] -> TRUE | Y326: =Table014[[#This Row],[THÀNH TIỀN FAST]]=Table014[[#This Row],[THÀNH TIỀN]] -> TRUE
M327: =K327*L327 -> 0 | N327: =VLOOKUP(I327,'MÃ '!$A$2:$E$1048576,4,0) -> #N/A | O327: =VLOOKUP(I327,'MÃ '!$A$2:$E$1048576,5,0) -> #N/A | P327: =$P$6 -> TSG06 | Q327: =DAY(Table014[[#This Row],[NGÀY]])&Table014[[#This Row],[TSG06]]&Table014[[#This Row],[MÃ FAST]] -> #N/A | R327: =COUNTIF($Q$7:Q327,Q327)&Q327 -> #N/A | S327: =IFERROR(VLOOKUP(R327,Table1[[ct2]:[Số lượng]],13,0),0) -> 0 | T327: =IFERROR(VLOOKUP(R327,Table1[[ct2]:[Giá]],14,0),Table014[[#This Row],[ĐƠN GIÁ]]) -> 0 | U327: =IFERROR((T327*S327),"0") -> 0 | V327: =S327-K327 -> 0 | W327: =Table014[[#This Row],[THÀNH TIỀN FAST]]-Table014[[#This Row],[THÀNH TIỀN]] -> 0 | X327: =Table014[[#This Row],[ĐG FAST]]=Table014[[#This Row],[ĐƠN GIÁ]] -> TRUE | Y327: =Table014[[#This Row],[THÀNH TIỀN FAST]]=Table014[[#This Row],[THÀNH TIỀN]] -> TRUE
M328: =K328*L328 -> 0 | N328: =VLOOKUP(I328,'MÃ '!$A$2:$E$1048576,4,0) -> #N/A | O328: =VLOOKUP(I328,'MÃ '!$A$2:$E$1048576,5,0) -> #N/A | P328: =$P$6 -> TSG06 | Q328: =DAY(Table014[[#This Row],[NGÀY]])&Table014[[#This Row],[TSG06]]&Table014[[#This Row],[MÃ FAST]] -> #N/A | R328: =COUNTIF($Q$7:Q328,Q328)&Q328 -> #N/A | S328: =IFERROR(VLOOKUP(R328,Table1[[ct2]:[Số lượng]],13,0),0) -> 0 | T328: =IFERROR(VLOOKUP(R328,Table1[[ct2]:[Giá]],14,0),Table014[[#This Row],[ĐƠN GIÁ]]) -> 0 | U328: =IFERROR((T328*S328),"0") -> 0 | V328: =S328-K328 -> 0 | W328: =Table014[[#This Row],[THÀNH TIỀN FAST]]-Table014[[#This Row],[THÀNH TIỀN]] -> 0 | X328: =Table014[[#This Row],[ĐG FAST]]=Table014[[#This Row],[ĐƠN GIÁ]] -> TRUE | Y328: =Table014[[#This Row],[THÀNH TIỀN FAST]]=Table014[[#This Row],[THÀNH TIỀN]] -> TRUE
M329: =K329*L329 -> 0 | N329: =VLOOKUP(I329,'MÃ '!$A$2:$E$1048576,4,0) -> #N/A | O329: =VLOOKUP(I329,'MÃ '!$A$2:$E$1048576,5,0) -> #N/A | P329: =$P$6 -> TSG06 | Q329: =DAY(Table014[[#This Row],[NGÀY]])&Table014[[#This Row],[TSG06]]&Table014[[#This Row],[MÃ FAST]] -> #N/A | R329: =COUNTIF($Q$7:Q329,Q329)&Q329 -> #N/A | S329: =IFERROR(VLOOKUP(R329,Table1[[ct2]:[Số lượng]],13,0),0) -> 0 | T329: =IFERROR(VLOOKUP(R329,Table1[[ct2]:[Giá]],14,0),Table014[[#This Row],[ĐƠN GIÁ]]) -> 0 | U329: =IFERROR((T329*S329),"0") -> 0 | V329: =S329-K329 -> 0 | W329: =Table014[[#This Row],[THÀNH TIỀN FAST]]-Table014[[#This Row],[THÀNH TIỀN]] -> 0 | X329: =Table014[[#This Row],[ĐG FAST]]=Table014[[#This Row],[ĐƠN GIÁ]] -> TRUE | Y329: =Table014[[#This Row],[THÀNH TIỀN FAST]]=Table014[[#This Row],[THÀNH TIỀN]] -> TRUE
M330: =K330*L330 -> 0 | N330: =VLOOKUP(I330,'MÃ '!$A$2:$E$1048576,4,0) -> #N/A | O330: =VLOOKUP(I330,'MÃ '!$A$2:$E$1048576,5,0) -> #N/A | P330: =$P$6 -> TSG06 | Q330: =DAY(Table014[[#This Row],[NGÀY]])&Table014[[#This Row],[TSG06]]&Table014[[#This Row],[MÃ FAST]] -> #N/A | R330: =COUNTIF($Q$7:Q330,Q330)&Q330 -> #N/A | S330: =IFERROR(VLOOKUP(R330,Table1[[ct2]:[Số lượng]],13,0),0) -> 0 | T330: =IFERROR(VLOOKUP(R330,Table1[[ct2]:[Giá]],14,0),Table014[[#This Row],[ĐƠN GIÁ]]) -> 0 | U330: =IFERROR((T330*S330),"0") -> 0 | V330: =S330-K330 -> 0 | W330: =Table014[[#This Row],[THÀNH TIỀN FAST]]-Table014[[#This Row],[THÀNH TIỀN]] -> 0 | X330: =Table014[[#This Row],[ĐG FAST]]=Table014[[#This Row],[ĐƠN GIÁ]] -> TRUE | Y330: =Table014[[#This Row],[THÀNH TIỀN FAST]]=Table014[[#This Row],[THÀNH TIỀN]] -> TRUE
M331: =K331*L331 -> 0 | N331: =VLOOKUP(I331,'MÃ '!$A$2:$E$1048576,4,0) -> #N/A | O331: =VLOOKUP(I331,'MÃ '!$A$2:$E$1048576,5,0) -> #N/A | P331: =$P$6 -> TSG06 | Q331: =DAY(Table014[[#This Row],[NGÀY]])&Table014[[#This Row],[TSG06]]&Table014[[#This Row],[MÃ FAST]] -> #N/A | R331: =COUNTIF($Q$7:Q331,Q331)&Q331 -> #N/A | S331: =IFERROR(VLOOKUP(R331,Table1[[ct2]:[Số lượng]],13,0),0) -> 0 | T331: =IFERROR(VLOOKUP(R331,Table1[[ct2]:[Giá]],14,0),Table014[[#This Row],[ĐƠN GIÁ]]) -> 0 | U331: =IFERROR((T331*S331),"0") -> 0 | V331: =S331-K331 -> 0 | W331: =Table014[[#This Row],[THÀNH TIỀN FAST]]-Table014[[#This Row],[THÀNH TIỀN]] -> 0 | X331: =Table014[[#This Row],[ĐG FAST]]=Table014[[#This Row],[ĐƠN GIÁ]] -> TRUE | Y331: =Table014[[#This Row],[THÀNH TIỀN FAST]]=Table014[[#This Row],[THÀNH TIỀN]] -> TRUE
M332: =K332*L332 -> 0 | N332: =VLOOKUP(I332,'MÃ '!$A$2:$E$1048576,4,0) -> #N/A | O332: =VLOOKUP(I332,'MÃ '!$A$2:$E$1048576,5,0) -> #N/A | P332: =$P$6 -> TSG06 | Q332: =DAY(Table014[[#This Row],[NGÀY]])&Table014[[#This Row],[TSG06]]&Table014[[#This Row],[MÃ FAST]] -> #N/A | R332: =COUNTIF($Q$7:Q332,Q332)&Q332 -> #N/A | S332: =IFERROR(VLOOKUP(R332,Table1[[ct2]:[Số lượng]],13,0),0) -> 0 | T332: =IFERROR(VLOOKUP(R332,Table1[[ct2]:[Giá]],14,0),Table014[[#This Row],[ĐƠN GIÁ]]) -> 0 | U332: =IFERROR((T332*S332),"0") -> 0 | V332: =S332-K332 -> 0 | W332: =Table014[[#This Row],[THÀNH TIỀN FAST]]-Table014[[#This Row],[THÀNH TIỀN]] -> 0 | X332: =Table014[[#This Row],[ĐG FAST]]=Table014[[#This Row],[ĐƠN GIÁ]] -> TRUE | Y332: =Table014[[#This Row],[THÀNH TIỀN FAST]]=Table014[[#This Row],[THÀNH TIỀN]] -> TRUE
M333: =K333*L333 -> 0 | N333: =VLOOKUP(I333,'MÃ '!$A$2:$E$1048576,4,0) -> #N/A | O333: =VLOOKUP(I333,'MÃ '!$A$2:$E$1048576,5,0) -> #N/A | P333: =$P$6 -> TSG06 | Q333: =DAY(Table014[[#This Row],[NGÀY]])&Table014[[#This Row],[TSG06]]&Table014[[#This Row],[MÃ FAST]] -> #N/A | R333: =COUNTIF($Q$7:Q333,Q333)&Q333 -> #N/A | S333: =IFERROR(VLOOKUP(R333,Table1[[ct2]:[Số lượng]],13,0),0) -> 0 | T333: =IFERROR(VLOOKUP(R333,Table1[[ct2]:[Giá]],14,0),Table014[[#This Row],[ĐƠN GIÁ]]) -> 0 | U333: =IFERROR((T333*S333),"0") -> 0 | V333: =S333-K333 -> 0 | W333: =Table014[[#This Row],[THÀNH TIỀN FAST]]-Table014[[#This Row],[THÀNH TIỀN]] -> 0 | X333: =Table014[[#This Row],[ĐG FAST]]=Table014[[#This Row],[ĐƠN GIÁ]] -> TRUE | Y333: =Table014[[#This Row],[THÀNH TIỀN FAST]]=Table014[[#This Row],[THÀNH TIỀN]] -> TRUE
M334: =K334*L334 -> 0 | N334: =VLOOKUP(I334,'MÃ '!$A$2:$E$1048576,4,0) -> #N/A | O334: =VLOOKUP(I334,'MÃ '!$A$2:$E$1048576,5,0) -> #N/A | P334: =$P$6 -> TSG06 | Q334: =DAY(Table014[[#This Row],[NGÀY]])&Table014[[#This Row],[TSG06]]&Table014[[#This Row],[MÃ FAST]] -> #N/A | R334: =COUNTIF($Q$7:Q334,Q334)&Q334 -> #N/A | S334: =IFERROR(VLOOKUP(R334,Table1[[ct2]:[Số lượng]],13,0),0) -> 0 | T334: =IFERROR(VLOOKUP(R334,Table1[[ct2]:[Giá]],14,0),Table014[[#This Row],[ĐƠN GIÁ]]) -> 0 | U334: =IFERROR((T334*S334),"0") -> 0 | V334: =S334-K334 -> 0 | W334: =Table014[[#This Row],[THÀNH TIỀN FAST]]-Table014[[#This Row],[THÀNH TIỀN]] -> 0 | X334: =Table014[[#This Row],[ĐG FAST]]=Table014[[#This Row],[ĐƠN GIÁ]] -> TRUE | Y334: =Table014[[#This Row],[THÀNH TIỀN FAST]]=Table014[[#This Row],[THÀNH TIỀN]] -> TRUE
... M1000: =K1000*L1000 -> 0 | N1000: =VLOOKUP(I1000,'MÃ '!$A$2:$E$1048576,4,0) -> #N/A | O1000: =VLOOKUP(I1000,'MÃ '!$A$2:$E$1048576,5,0) -> #N/A | P1000: =$P$6 -> TSG06 | Q1000: =DAY(Table014[[#This Row],[NGÀY]])&Table014[[#This Row],[TSG06]]&Table014[[#This Row],[MÃ FAST]] -> #N/A | R1000: =COUNTIF($Q$7:Q1000,Q1000)&Q1000 -> #N/A | S1000: =IFERROR(VLOOKUP(R1000,Table1[[ct2]:[Số lượng]],13,0),0) -> 0 | T1000: =IFERROR(VLOOKUP(R1000,Table1[[ct2]:[Giá]],14,0),Table014[[#This Row],[ĐƠN GIÁ]]) -> 0 | U1000: =IFERROR((T1000*S1000),"0") -> 0 | V1000: =S1000-K1000 -> 0 | W1000: =Table014[[#This Row],[THÀNH TIỀN FAST]]-Table014[[#This Row],[THÀNH TIỀN]] -> 0 | X1000: =Table014[[#This Row],[ĐG FAST]]=Table014[[#This Row],[ĐƠN GIÁ]] -> TRUE | Y1000: =Table014[[#This Row],[THÀNH TIỀN FAST]]=Table014[[#This Row],[THÀNH TIỀN]] -> TRUE

Sheet tsg8
A1: TRẦN GIA - TSG8 ( nguyễn đình chiểu )
X2: =W5/M5 -> -0.0094206188
R3: =DAY(B301) -> 15
S4: =SUMIF(Table1[Mã nx],"tsg01",Table1[Đvt])=S5 -> FALSE | U4: =SUMIF(Table1[Mã nx],"tsg01",Table1[Giá báo])=U5 -> FALSE
K5: =SUM(K7:K1048576) -> 1509.67 | M5: =SUM(M7:M1048576) -> 59014170 | S5: =SUM(S7:S1048576) -> 1492.32 | U5: =SUM(U7:U1048576) -> 58458220 | V5: =SUM(V7:V1048576) -> -17.35 | W5: =SUM(W7:W1048576) -> -555950
A6: MÃ ĐƠN HÀNG | B6: NGÀY | C6: MÃ KH | D6: TÊN KH | E6: Line ID | F6: Barcode | G6: MÃ KHO | H6: MÃ HÀNG | I6: TÊN HÀNG | J6: ĐVT | K6: SL | L6: ĐƠN GIÁ | M6: THÀNH TIỀN | N6: MÃ FAST | O6: TÊN FAST | P6: TSG08 | Q6: CT1 | R6: CT2 | S6: THỰC NHẬN | T6: ĐG FAST | U6: THÀNH TIỀN FAST | V6: lệch sl | W6: lệch tổng tiền | X6: LỆCH ĐƠN GIÁ | Y6: CHECK | Z6: Column1
B7: 01/01/2026 | D7: TIANLONG 08 | I7: Bắp mỹ trái (Loại 1) | J7: Trái | K7: 8 | L7: 8500 | M7: =K7*L7 -> 68000 | N7: =VLOOKUP(I7,'MÃ '!$A$2:$E$1048576,4,0) -> NL300107 | O7: =VLOOKUP(I7,'MÃ '!$A$2:$E$1048576,5,0) -> Ngô ngọt ( Bắp trái) | P7: =$P$6 -> TSG08 | Q7: =DAY(Table0145[[#This Row],[NGÀY]])&Table0145[[#This Row],[TSG08]]&Table0145[[#This Row],[MÃ FAST]] -> 1TSG08NL300107 | R7: =COUNTIF($Q$7:Q7,Q7)&Q7 -> 11TSG08NL300107 | S7: =IFERROR(VLOOKUP(R7,Table1[[ct2]:[Số lượng]],13,0),0) -> 8 | T7: =IFERROR(VLOOKUP(R7,Table1[[ct2]:[Giá]],14,0),Table0145[[#This Row],[ĐƠN GIÁ]]) -> 8500 | U7: =IFERROR((T7*S7),"0") -> 68000 | V7: =S7-K7 -> 0 | W7: =Table0145[[#This Row],[THÀNH TIỀN FAST]]-Table0145[[#This Row],[THÀNH TIỀN]] -> 0 | X7: =Table0145[[#This Row],[ĐG FAST]]=Table0145[[#This Row],[ĐƠN GIÁ]] -> TRUE | Y7: =Table0145[[#This Row],[THÀNH TIỀN FAST]]=Table0145[[#This Row],[THÀNH TIỀN]] -> TRUE
B8: 01/01/2026 | D8: TIANLONG 08 | I8: Bó xôi (Nhà Lồng) | J8: Kg | K8: 2.7 | L8: 45000 | M8: =K8*L8 -> 121500 | N8: =VLOOKUP(I8,'MÃ '!$A$2:$E$1048576,4,0) -> NL300203 | O8: =VLOOKUP(I8,'MÃ '!$A$2:$E$1048576,5,0) -> Cải bó xôi | P8: =$P$6 -> TSG08 | Q8: =DAY(Table0145[[#This Row],[NGÀY]])&Table0145[[#This Row],[TSG08]]&Table0145[[#This Row],[MÃ FAST]] -> 1TSG08NL300203 | R8: =COUNTIF($Q$7:Q8,Q8)&Q8 -> 11TSG08NL300203 | S8: =IFERROR(VLOOKUP(R8,Table1[[ct2]:[Số lượng]],13,0),0) -> 2.7 | T8: =IFERROR(VLOOKUP(R8,Table1[[ct2]:[Giá]],14,0),Table0145[[#This Row],[ĐƠN GIÁ]]) -> 45000 | U8: =IFERROR((T8*S8),"0") -> 121500 | V8: =S8-K8 -> 0 | W8: =Table0145[[#This Row],[THÀNH TIỀN FAST]]-Table0145[[#This Row],[THÀNH TIỀN]] -> 0 | X8: =Table0145[[#This Row],[ĐG FAST]]=Table0145[[#This Row],[ĐƠN GIÁ]] -> TRUE | Y8: =Table0145[[#This Row],[THÀNH TIỀN FAST]]=Table0145[[#This Row],[THÀNH TIỀN]] -> TRUE
B9: 01/01/2026 | D9: TIANLONG 08 | I9: Cà chua | J9: Kg | K9: 1 | L9: 50000 | M9: =K9*L9 -> 50000 | N9: =VLOOKUP(I9,'MÃ '!$A$2:$E$1048576,4,0) -> NL300013 | O9: =VLOOKUP(I9,'MÃ '!$A$2:$E$1048576,5,0) -> Cà chua | P9: =$P$6 -> TSG08 | Q9: =DAY(Table0145[[#This Row],[NGÀY]])&Table0145[[#This Row],[TSG08]]&Table0145[[#This Row],[MÃ FAST]] -> 1TSG08NL300013 | R9: =COUNTIF($Q$7:Q9,Q9)&Q9 -> 11TSG08NL300013 | S9: =IFERROR(VLOOKUP(R9,Table1[[ct2]:[Số lượng]],13,0),0) -> 1 | T9: =IFERROR(VLOOKUP(R9,Table1[[ct2]:[Giá]],14,0),Table0145[[#This Row],[ĐƠN GIÁ]]) -> 50000 | U9: =IFERROR((T9*S9),"0") -> 50000 | V9: =S9-K9 -> 0 | W9: =Table0145[[#This Row],[THÀNH TIỀN FAST]]-Table0145[[#This Row],[THÀNH TIỀN]] -> 0 | X9: =Table0145[[#This Row],[ĐG FAST]]=Table0145[[#This Row],[ĐƠN GIÁ]] -> TRUE | Y9: =Table0145[[#This Row],[THÀNH TIỀN FAST]]=Table0145[[#This Row],[THÀNH TIỀN]] -> TRUE
B10: 01/01/2026 | D10: TIANLONG 08 | I10: Cải thảo | J10: Kg | K10: 12 | L10: 18000 | M10: =K10*L10 -> 216000 | N10: =VLOOKUP(I10,'MÃ '!$A$2:$E$1048576,4,0) -> NL300022 | O10: =VLOOKUP(I10,'MÃ '!$A$2:$E$1048576,5,0) -> Cải thảo | P10: =$P$6 -> TSG08 | Q10: =DAY(Table0145[[#This Row],[NGÀY]])&Table0145[[#This Row],[TSG08]]&Table0145[[#This Row],[MÃ FAST]] -> 1TSG08NL300022 | R10: =COUNTIF($Q$7:Q10,Q10)&Q10 -> 11TSG08NL300022 | S10: =IFERROR(VLOOKUP(R10,Table1[[ct2]:[Số lượng]],13,0),0) -> 12 | T10: =IFERROR(VLOOKUP(R10,Table1[[ct2]:[Giá]],14,0),Table0145[[#This Row],[ĐƠN GIÁ]]) -> 18000 | U10: =IFERROR((T10*S10),"0") -> 216000 | V10: =S10-K10 -> 0 | W10: =Table0145[[#This Row],[THÀNH TIỀN FAST]]-Table0145[[#This Row],[THÀNH TIỀN]] -> 0 | X10: =Table0145[[#This Row],[ĐG FAST]]=Table0145[[#This Row],[ĐƠN GIÁ]] -> TRUE | Y10: =Table0145[[#This Row],[THÀNH TIỀN FAST]]=Table0145[[#This Row],[THÀNH TIỀN]] -> TRUE
B11: 01/01/2026 | D11: TIANLONG 08 | I11: Chanh Dây | J11: Kg | K11: 0.5 | L11: 34000 | M11: =K11*L11 -> 17000 | N11: =VLOOKUP(I11,'MÃ '!$A$2:$E$1048576,4,0) -> NL300030 | O11: =VLOOKUP(I11,'MÃ '!$A$2:$E$1048576,5,0) -> Chanh dây (chanh leo) | P11: =$P$6 -> TSG08 | Q11: =DAY(Table0145[[#This Row],[NGÀY]])&Table0145[[#This Row],[TSG08]]&Table0145[[#This Row],[MÃ FAST]] -> 1TSG08NL300030 | R11: =COUNTIF($Q$7:Q11,Q11)&Q11 -> 11TSG08NL300030 | S11: =IFERROR(VLOOKUP(R11,Table1[[ct2]:[Số lượng]],13,0),0) -> 0.5 | T11: =IFERROR(VLOOKUP(R11,Table1[[ct2]:[Giá]],14,0),Table0145[[#This Row],[ĐƠN GIÁ]]) -> 34000 | U11: =IFERROR((T11*S11),"0") -> 17000 | V11: =S11-K11 -> 0 | W11: =Table0145[[#This Row],[THÀNH TIỀN FAST]]-Table0145[[#This Row],[THÀNH TIỀN]] -> 0 | X11: =Table0145[[#This Row],[ĐG FAST]]=Table0145[[#This Row],[ĐƠN GIÁ]] -> TRUE | Y11: =Table0145[[#This Row],[THÀNH TIỀN FAST]]=Table0145[[#This Row],[THÀNH TIỀN]] -> TRUE
B12: 01/01/2026 | D12: TIANLONG 08 | I12: Chanh vàng | J12: Kg | K12: 0.5 | L12: 95000 | M12: =K12*L12 -> 47500 | N12: =VLOOKUP(I12,'MÃ '!$A$2:$E$1048576,4,0) -> NL600068 | O12: =VLOOKUP(I12,'MÃ '!$A$2:$E$1048576,5,0) -> Chanh vàng | P12: =$P$6 -> TSG08 | Q12: =DAY(Table0145[[#This Row],[NGÀY]])&Table0145[[#This Row],[TSG08]]&Table0145[[#This Row],[MÃ FAST]] -> 1TSG08NL600068 | R12: =COUNTIF($Q$7:Q12,Q12)&Q12 -> 11TSG08NL600068 | S12: =IFERROR(VLOOKUP(R12,Table1[[ct2]:[Số lượng]],13,0),0) -> 0.5 | T12: =IFERROR(VLOOKUP(R12,Table1[[ct2]:[Giá]],14,0),Table0145[[#This Row],[ĐƠN GIÁ]]) -> 95000 | U12: =IFERROR((T12*S12),"0") -> 47500 | V12: =S12-K12 -> 0 | W12: =Table0145[[#This Row],[THÀNH TIỀN FAST]]-Table0145[[#This Row],[THÀNH TIỀN]] -> 0 | X12: =Table0145[[#This Row],[ĐG FAST]]=Table0145[[#This Row],[ĐƠN GIÁ]] -> TRUE | Y12: =Table0145[[#This Row],[THÀNH TIỀN FAST]]=Table0145[[#This Row],[THÀNH TIỀN]] -> TRUE
B13: 01/01/2026 | D13: TIANLONG 08 | I13: Củ cải trắng (Loại 1) | J13: Kg | K13: 0.9 | L13: 13000 | M13: =K13*L13 -> 11700 | N13: =VLOOKUP(I13,'MÃ '!$A$2:$E$1048576,4,0) -> NL300033 | O13: =VLOOKUP(I13,'MÃ '!$A$2:$E$1048576,5,0) -> Củ cải trắng | P13: =$P$6 -> TSG08 | Q13: =DAY(Table0145[[#This Row],[NGÀY]])&Table0145[[#This Row],[TSG08]]&Table0145[[#This Row],[MÃ FAST]] -> 1TSG08NL300033 | R13: =COUNTIF($Q$7:Q13,Q13)&Q13 -> 11TSG08NL300033 | S13: =IFERROR(VLOOKUP(R13,Table1[[ct2]:[Số lượng]],13,0),0) -> 0.9 | T13: =IFERROR(VLOOKUP(R13,Table1[[ct2]:[Giá]],14,0),Table0145[[#This Row],[ĐƠN GIÁ]]) -> 13000 | U13: =IFERROR((T13*S13),"0") -> 11700 | V13: =S13-K13 -> 0 | W13: =Table0145[[#This Row],[THÀNH TIỀN FAST]]-Table0145[[#This Row],[THÀNH TIỀN]] -> 0 | X13: =Table0145[[#This Row],[ĐG FAST]]=Table0145[[#This Row],[ĐƠN GIÁ]] -> TRUE | Y13: =Table0145[[#This Row],[THÀNH TIỀN FAST]]=Table0145[[#This Row],[THÀNH TIỀN]] -> TRUE
B14: 01/01/2026 | D14: TIANLONG 08 | I14: Củ sen | J14: Kg | K14: 0.9 | L14: 47000 | M14: =K14*L14 -> 42300 | N14: =VLOOKUP(I14,'MÃ '!$A$2:$E$1048576,4,0) -> NL300036 | O14: =VLOOKUP(I14,'MÃ '!$A$2:$E$1048576,5,0) -> Củ sen | P14: =$P$6 -> TSG08 | Q14: =DAY(Table0145[[#This Row],[NGÀY]])&Table0145[[#This Row],[TSG08]]&Table0145[[#This Row],[MÃ FAST]] -> 1TSG08NL300036 | R14: =COUNTIF($Q$7:Q14,Q14)&Q14 -> 11TSG08NL300036 | S14: =IFERROR(VLOOKUP(R14,Table1[[ct2]:[Số lượng]],13,0),0) -> 0.9 | T14: =IFERROR(VLOOKUP(R14,Table1[[ct2]:[Giá]],14,0),Table0145[[#This Row],[ĐƠN GIÁ]]) -> 47000 | U14: =IFERROR((T14*S14),"0") -> 42300 | V14: =S14-K14 -> 0 | W14: =Table0145[[#This Row],[THÀNH TIỀN FAST]]-Table0145[[#This Row],[THÀNH TIỀN]] -> 0 | X14: =Table0145[[#This Row],[ĐG FAST]]=Table0145[[#This Row],[ĐƠN GIÁ]] -> TRUE | Y14: =Table0145[[#This Row],[THÀNH TIỀN FAST]]=Table0145[[#This Row],[THÀNH TIỀN]] -> TRUE
B15: 01/01/2026 | D15: TIANLONG 08 | I15: Dưa hấu | J15: Kg | K15: 50 | L15: 18000 | M15: =K15*L15 -> 900000 | N15: =VLOOKUP(I15,'MÃ '!$A$2:$E$1048576,4,0) -> NL600004 | O15: =VLOOKUP(I15,'MÃ '!$A$2:$E$1048576,5,0) -> Dưa hấu | P15: =$P$6 -> TSG08 | Q15: =DAY(Table0145[[#This Row],[NGÀY]])&Table0145[[#This Row],[TSG08]]&Table0145[[#This Row],[MÃ FAST]] -> 1TSG08NL600004 | R15: =COUNTIF($Q$7:Q15,Q15)&Q15 -> 11TSG08NL600004 | S15: =IFERROR(VLOOKUP(R15,Table1[[ct2]:[Số lượng]],13,0),0) -> 50 | T15: =IFERROR(VLOOKUP(R15,Table1[[ct2]:[Giá]],14,0),Table0145[[#This Row],[ĐƠN GIÁ]]) -> 18000 | U15: =IFERROR((T15*S15),"0") -> 900000 | V15: =S15-K15 -> 0 | W15: =Table0145[[#This Row],[THÀNH TIỀN FAST]]-Table0145[[#This Row],[THÀNH TIỀN]] -> 0 | X15: =Table0145[[#This Row],[ĐG FAST]]=Table0145[[#This Row],[ĐƠN GIÁ]] -> TRUE | Y15: =Table0145[[#This Row],[THÀNH TIỀN FAST]]=Table0145[[#This Row],[THÀNH TIỀN]] -> TRUE
B16: 01/01/2026 | D16: TIANLONG 08 | I16: Gừng còn vỏ VN | J16: Kg | K16: 0.4 | L16: 30000 | M16: =K16*L16 -> 12000 | N16: =VLOOKUP(I16,'MÃ '!$A$2:$E$1048576,4,0) -> NL300053 | O16: =VLOOKUP(I16,'MÃ '!$A$2:$E$1048576,5,0) -> Gừng ta | P16: =$P$6 -> TSG08 | Q16: =DAY(Table0145[[#This Row],[NGÀY]])&Table0145[[#This Row],[TSG08]]&Table0145[[#This Row],[MÃ FAST]] -> 1TSG08NL300053 | R16: =COUNTIF($Q$7:Q16,Q16)&Q16 -> 11TSG08NL300053 | S16: =IFERROR(VLOOKUP(R16,Table1[[ct2]:[Số lượng]],13,0),0) -> 0.4 | T16: =IFERROR(VLOOKUP(R16,Table1[[ct2]:[Giá]],14,0),Table0145[[#This Row],[ĐƠN GIÁ]]) -> 30000 | U16: =IFERROR((T16*S16),"0") -> 12000 | V16: =S16-K16 -> 0 | W16: =Table0145[[#This Row],[THÀNH TIỀN FAST]]-Table0145[[#This Row],[THÀNH TIỀN]] -> 0 | X16: =Table0145[[#This Row],[ĐG FAST]]=Table0145[[#This Row],[ĐƠN GIÁ]] -> TRUE | Y16: =Table0145[[#This Row],[THÀNH TIỀN FAST]]=Table0145[[#This Row],[THÀNH TIỀN]] -> TRUE
B17: 01/01/2026 | D17: TIANLONG 08 | I17: Hành lá | J17: Kg | K17: 2 | L17: 55000 | M17: =K17*L17 -> 110000 | N17: =VLOOKUP(I17,'MÃ '!$A$2:$E$1048576,4,0) -> NL300058 | O17: =VLOOKUP(I17,'MÃ '!$A$2:$E$1048576,5,0) -> Hành lá | P17: =$P$6 -> TSG08 | Q17: =DAY(Table0145[[#This Row],[NGÀY]])&Table0145[[#This Row],[TSG08]]&Table0145[[#This Row],[MÃ FAST]] -> 1TSG08NL300058 | R17: =COUNTIF($Q$7:Q17,Q17)&Q17 -> 11TSG08NL300058 | S17: =IFERROR(VLOOKUP(R17,Table1[[ct2]:[Số lượng]],13,0),0) -> 2 | T17: =IFERROR(VLOOKUP(R17,Table1[[ct2]:[Giá]],14,0),Table0145[[#This Row],[ĐƠN GIÁ]]) -> 55000 | U17: =IFERROR((T17*S17),"0") -> 110000 | V17: =S17-K17 -> 0 | W17: =Table0145[[#This Row],[THÀNH TIỀN FAST]]-Table0145[[#This Row],[THÀNH TIỀN]] -> 0 | X17: =Table0145[[#This Row],[ĐG FAST]]=Table0145[[#This Row],[ĐƠN GIÁ]] -> TRUE | Y17: =Table0145[[#This Row],[THÀNH TIỀN FAST]]=Table0145[[#This Row],[THÀNH TIỀN]] -> TRUE
B18: 01/01/2026 | D18: TIANLONG 08 | I18: Khoai môn cao | J18: Kg | K18: 1.7 | L18: 30000 | M18: =K18*L18 -> 51000 | N18: =VLOOKUP(I18,'MÃ '!$A$2:$E$1048576,4,0) -> NL300209 | O18: =VLOOKUP(I18,'MÃ '!$A$2:$E$1048576,5,0) -> Khoai môn | P18: =$P$6 -> TSG08 | Q18: =DAY(Table0145[[#This Row],[NGÀY]])&Table0145[[#This Row],[TSG08]]&Table0145[[#This Row],[MÃ FAST]] -> 1TSG08NL300209 | R18: =COUNTIF($Q$7:Q18,Q18)&Q18 -> 11TSG08NL300209 | S18: =IFERROR(VLOOKUP(R18,Table1[[ct2]:[Số lượng]],13,0),0) -> 1.7 | T18: =IFERROR(VLOOKUP(R18,Table1[[ct2]:[Giá]],14,0),Table0145[[#This Row],[ĐƠN GIÁ]]) -> 30000 | U18: =IFERROR((T18*S18),"0") -> 51000 | V18: =S18-K18 -> 0 | W18: =Table0145[[#This Row],[THÀNH TIỀN FAST]]-Table0145[[#This Row],[THÀNH TIỀN]] -> 0 | X18: =Table0145[[#This Row],[ĐG FAST]]=Table0145[[#This Row],[ĐƠN GIÁ]] -> TRUE | Y18: =Table0145[[#This Row],[THÀNH TIỀN FAST]]=Table0145[[#This Row],[THÀNH TIỀN]] -> TRUE
... B306: 15/01/2026 | D306: TIANLONG 08 | I306: Xà lách romain | J306: Kg | K306: 10 | L306: 62000 | M306: =K306*L306 -> 620000 | N306: =VLOOKUP(I306,'MÃ '!$A$2:$E$1048576,4,0) -> NL300147 | O306: =VLOOKUP(I306,'MÃ '!$A$2:$E$1048576,5,0) -> Xà lách Roman | P306: =$P$6 -> TSG08 | Q306: =DAY(Table0145[[#This Row],[NGÀY]])&Table0145[[#This Row],[TSG08]]&Table0145[[#This Row],[MÃ FAST]] -> 15TSG08NL300147 | R306: =COUNTIF($Q$7:Q306,Q306)&Q306 -> 115TSG08NL300147 | S306: =IFERROR(VLOOKUP(R306,Table1[[ct2]:[Số lượng]],13,0),0) -> 10 | T306: =IFERROR(VLOOKUP(R306,Table1[[ct2]:[Giá]],14,0),Table0145[[#This Row],[ĐƠN GIÁ]]) -> 62000 | U306: =IFERROR((T306*S306),"0") -> 620000 | V306: =S306-K306 -> 0 | W306: =Table0145[[#This Row],[THÀNH TIỀN FAST]]-Table0145[[#This Row],[THÀNH TIỀN]] -> 0 | X306: =Table0145[[#This Row],[ĐG FAST]]=Table0145[[#This Row],[ĐƠN GIÁ]] -> TRUE | Y306: =Table0145[[#This Row],[THÀNH TIỀN FAST]]=Table0145[[#This Row],[THÀNH TIỀN]] -> TRUE
M307: =K307*L307 -> 0 | N307: =VLOOKUP(I307,'MÃ '!$A$2:$E$1048576,4,0) -> #N/A | O307: =VLOOKUP(I307,'MÃ '!$A$2:$E$1048576,5,0) -> #N/A | P307: =$P$6 -> TSG08 | Q307: =DAY(Table0145[[#This Row],[NGÀY]])&Table0145[[#This Row],[TSG08]]&Table0145[[#This Row],[MÃ FAST]] -> #N/A | R307: =COUNTIF($Q$7:Q307,Q307)&Q307 -> #N/A | S307: =IFERROR(VLOOKUP(R307,Table1[[ct2]:[Số lượng]],13,0),0) -> 0 | T307: =IFERROR(VLOOKUP(R307,Table1[[ct2]:[Giá]],14,0),Table0145[[#This Row],[ĐƠN GIÁ]]) -> 0 | U307: =IFERROR((T307*S307),"0") -> 0 | V307: =S307-K307 -> 0 | W307: =Table0145[[#This Row],[THÀNH TIỀN FAST]]-Table0145[[#This Row],[THÀNH TIỀN]] -> 0 | X307: =Table0145[[#This Row],[ĐG FAST]]=Table0145[[#This Row],[ĐƠN GIÁ]] -> TRUE | Y307: =Table0145[[#This Row],[THÀNH TIỀN FAST]]=Table0145[[#This Row],[THÀNH TIỀN]] -> TRUE
M308: =K308*L308 -> 0 | N308: =VLOOKUP(I308,'MÃ '!$A$2:$E$1048576,4,0) -> #N/A | O308: =VLOOKUP(I308,'MÃ '!$A$2:$E$1048576,5,0) -> #N/A | P308: =$P$6 -> TSG08 | Q308: =DAY(Table0145[[#This Row],[NGÀY]])&Table0145[[#This Row],[TSG08]]&Table0145[[#This Row],[MÃ FAST]] -> #N/A | R308: =COUNTIF($Q$7:Q308,Q308)&Q308 -> #N/A | S308: =IFERROR(VLOOKUP(R308,Table1[[ct2]:[Số lượng]],13,0),0) -> 0 | T308: =IFERROR(VLOOKUP(R308,Table1[[ct2]:[Giá]],14,0),Table0145[[#This Row],[ĐƠN GIÁ]]) -> 0 | U308: =IFERROR((T308*S308),"0") -> 0 | V308: =S308-K308 -> 0 | W308: =Table0145[[#This Row],[THÀNH TIỀN FAST]]-Table0145[[#This Row],[THÀNH TIỀN]] -> 0 | X308: =Table0145[[#This Row],[ĐG FAST]]=Table0145[[#This Row],[ĐƠN GIÁ]] -> TRUE | Y308: =Table0145[[#This Row],[THÀNH TIỀN FAST]]=Table0145[[#This Row],[THÀNH TIỀN]] -> TRUE
M309: =K309*L309 -> 0 | N309: =VLOOKUP(I309,'MÃ '!$A$2:$E$1048576,4,0) -> #N/A | O309: =VLOOKUP(I309,'MÃ '!$A$2:$E$1048576,5,0) -> #N/A | P309: =$P$6 -> TSG08 | Q309: =DAY(Table0145[[#This Row],[NGÀY]])&Table0145[[#This Row],[TSG08]]&Table0145[[#This Row],[MÃ FAST]] -> #N/A | R309: =COUNTIF($Q$7:Q309,Q309)&Q309 -> #N/A | S309: =IFERROR(VLOOKUP(R309,Table1[[ct2]:[Số lượng]],13,0),0) -> 0 | T309: =IFERROR(VLOOKUP(R309,Table1[[ct2]:[Giá]],14,0),Table0145[[#This Row],[ĐƠN GIÁ]]) -> 0 | U309: =IFERROR((T309*S309),"0") -> 0 | V309: =S309-K309 -> 0 | W309: =Table0145[[#This Row],[THÀNH TIỀN FAST]]-Table0145[[#This Row],[THÀNH TIỀN]] -> 0 | X309: =Table0145[[#This Row],[ĐG FAST]]=Table0145[[#This Row],[ĐƠN GIÁ]] -> TRUE | Y309: =Table0145[[#This Row],[THÀNH TIỀN FAST]]=Table0145[[#This Row],[THÀNH TIỀN]] -> TRUE
M310: =K310*L310 -> 0 | N310: =VLOOKUP(I310,'MÃ '!$A$2:$E$1048576,4,0) -> #N/A | O310: =VLOOKUP(I310,'MÃ '!$A$2:$E$1048576,5,0) -> #N/A | P310: =$P$6 -> TSG08 | Q310: =DAY(Table0145[[#This Row],[NGÀY]])&Table0145[[#This Row],[TSG08]]&Table0145[[#This Row],[MÃ FAST]] -> #N/A | R310: =COUNTIF($Q$7:Q310,Q310)&Q310 -> #N/A | S310: =IFERROR(VLOOKUP(R310,Table1[[ct2]:[Số lượng]],13,0),0) -> 0 | T310: =IFERROR(VLOOKUP(R310,Table1[[ct2]:[Giá]],14,0),Table0145[[#This Row],[ĐƠN GIÁ]]) -> 0 | U310: =IFERROR((T310*S310),"0") -> 0 | V310: =S310-K310 -> 0 | W310: =Table0145[[#This Row],[THÀNH TIỀN FAST]]-Table0145[[#This Row],[THÀNH TIỀN]] -> 0 | X310: =Table0145[[#This Row],[ĐG FAST]]=Table0145[[#This Row],[ĐƠN GIÁ]] -> TRUE | Y310: =Table0145[[#This Row],[THÀNH TIỀN FAST]]=Table0145[[#This Row],[THÀNH TIỀN]] -> TRUE
M311: =K311*L311 -> 0 | N311: =VLOOKUP(I311,'MÃ '!$A$2:$E$1048576,4,0) -> #N/A | O311: =VLOOKUP(I311,'MÃ '!$A$2:$E$1048576,5,0) -> #N/A | P311: =$P$6 -> TSG08 | Q311: =DAY(Table0145[[#This Row],[NGÀY]])&Table0145[[#This Row],[TSG08]]&Table0145[[#This Row],[MÃ FAST]] -> #N/A | R311: =COUNTIF($Q$7:Q311,Q311)&Q311 -> #N/A | S311: =IFERROR(VLOOKUP(R311,Table1[[ct2]:[Số lượng]],13,0),0) -> 0 | T311: =IFERROR(VLOOKUP(R311,Table1[[ct2]:[Giá]],14,0),Table0145[[#This Row],[ĐƠN GIÁ]]) -> 0 | U311: =IFERROR((T311*S311),"0") -> 0 | V311: =S311-K311 -> 0 | W311: =Table0145[[#This Row],[THÀNH TIỀN FAST]]-Table0145[[#This Row],[THÀNH TIỀN]] -> 0 | X311: =Table0145[[#This Row],[ĐG FAST]]=Table0145[[#This Row],[ĐƠN GIÁ]] -> TRUE | Y311: =Table0145[[#This Row],[THÀNH TIỀN FAST]]=Table0145[[#This Row],[THÀNH TIỀN]] -> TRUE
M312: =K312*L312 -> 0 | N312: =VLOOKUP(I312,'MÃ '!$A$2:$E$1048576,4,0) -> #N/A | O312: =VLOOKUP(I312,'MÃ '!$A$2:$E$1048576,5,0) -> #N/A | P312: =$P$6 -> TSG08 | Q312: =DAY(Table0145[[#This Row],[NGÀY]])&Table0145[[#This Row],[TSG08]]&Table0145[[#This Row],[MÃ FAST]] -> #N/A | R312: =COUNTIF($Q$7:Q312,Q312)&Q312 -> #N/A | S312: =IFERROR(VLOOKUP(R312,Table1[[ct2]:[Số lượng]],13,0),0) -> 0 | T312: =IFERROR(VLOOKUP(R312,Table1[[ct2]:[Giá]],14,0),Table0145[[#This Row],[ĐƠN GIÁ]]) -> 0 | U312: =IFERROR((T312*S312),"0") -> 0 | V312: =S312-K312 -> 0 | W312: =Table0145[[#This Row],[THÀNH TIỀN FAST]]-Table0145[[#This Row],[THÀNH TIỀN]] -> 0 | X312: =Table0145[[#This Row],[ĐG FAST]]=Table0145[[#This Row],[ĐƠN GIÁ]] -> TRUE | Y312: =Table0145[[#This Row],[THÀNH TIỀN FAST]]=Table0145[[#This Row],[THÀNH TIỀN]] -> TRUE
M313: =K313*L313 -> 0 | N313: =VLOOKUP(I313,'MÃ '!$A$2:$E$1048576,4,0) -> #N/A | O313: =VLOOKUP(I313,'MÃ '!$A$2:$E$1048576,5,0) -> #N/A | P313: =$P$6 -> TSG08 | Q313: =DAY(Table0145[[#This Row],[NGÀY]])&Table0145[[#This Row],[TSG08]]&Table0145[[#This Row],[MÃ FAST]] -> #N/A | R313: =COUNTIF($Q$7:Q313,Q313)&Q313 -> #N/A | S313: =IFERROR(VLOOKUP(R313,Table1[[ct2]:[Số lượng]],13,0),0) -> 0 | T313: =IFERROR(VLOOKUP(R313,Table1[[ct2]:[Giá]],14,0),Table0145[[#This Row],[ĐƠN GIÁ]]) -> 0 | U313: =IFERROR((T313*S313),"0") -> 0 | V313: =S313-K313 -> 0 | W313: =Table0145[[#This Row],[THÀNH TIỀN FAST]]-Table0145[[#This Row],[THÀNH TIỀN]] -> 0 | X313: =Table0145[[#This Row],[ĐG FAST]]=Table0145[[#This Row],[ĐƠN GIÁ]] -> TRUE | Y313: =Table0145[[#This Row],[THÀNH TIỀN FAST]]=Table0145[[#This Row],[THÀNH TIỀN]] -> TRUE
M314: =K314*L314 -> 0 | N314: =VLOOKUP(I314,'MÃ '!$A$2:$E$1048576,4,0) -> #N/A | O314: =VLOOKUP(I314,'MÃ '!$A$2:$E$1048576,5,0) -> #N/A | P314: =$P$6 -> TSG08 | Q314: =DAY(Table0145[[#This Row],[NGÀY]])&Table0145[[#This Row],[TSG08]]&Table0145[[#This Row],[MÃ FAST]] -> #N/A | R314: =COUNTIF($Q$7:Q314,Q314)&Q314 -> #N/A | S314: =IFERROR(VLOOKUP(R314,Table1[[ct2]:[Số lượng]],13,0),0) -> 0 | T314: =IFERROR(VLOOKUP(R314,Table1[[ct2]:[Giá]],14,0),Table0145[[#This Row],[ĐƠN GIÁ]]) -> 0 | U314: =IFERROR((T314*S314),"0") -> 0 | V314: =S314-K314 -> 0 | W314: =Table0145[[#This Row],[THÀNH TIỀN FAST]]-Table0145[[#This Row],[THÀNH TIỀN]] -> 0 | X314: =Table0145[[#This Row],[ĐG FAST]]=Table0145[[#This Row],[ĐƠN GIÁ]] -> TRUE | Y314: =Table0145[[#This Row],[THÀNH TIỀN FAST]]=Table0145[[#This Row],[THÀNH TIỀN]] -> TRUE
M315: =K315*L315 -> 0 | N315: =VLOOKUP(I315,'MÃ '!$A$2:$E$1048576,4,0) -> #N/A | O315: =VLOOKUP(I315,'MÃ '!$A$2:$E$1048576,5,0) -> #N/A | P315: =$P$6 -> TSG08 | Q315: =DAY(Table0145[[#This Row],[NGÀY]])&Table0145[[#This Row],[TSG08]]&Table0145[[#This Row],[MÃ FAST]] -> #N/A | R315: =COUNTIF($Q$7:Q315,Q315)&Q315 -> #N/A | S315: =IFERROR(VLOOKUP(R315,Table1[[ct2]:[Số lượng]],13,0),0) -> 0 | T315: =IFERROR(VLOOKUP(R315,Table1[[ct2]:[Giá]],14,0),Table0145[[#This Row],[ĐƠN GIÁ]]) -> 0 | U315: =IFERROR((T315*S315),"0") -> 0 | V315: =S315-K315 -> 0 | W315: =Table0145[[#This Row],[THÀNH TIỀN FAST]]-Table0145[[#This Row],[THÀNH TIỀN]] -> 0 | X315: =Table0145[[#This Row],[ĐG FAST]]=Table0145[[#This Row],[ĐƠN GIÁ]] -> TRUE | Y315: =Table0145[[#This Row],[THÀNH TIỀN FAST]]=Table0145[[#This Row],[THÀNH TIỀN]] -> TRUE
M316: =K316*L316 -> 0 | N316: =VLOOKUP(I316,'MÃ '!$A$2:$E$1048576,4,0) -> #N/A | O316: =VLOOKUP(I316,'MÃ '!$A$2:$E$1048576,5,0) -> #N/A | P316: =$P$6 -> TSG08 | Q316: =DAY(Table0145[[#This Row],[NGÀY]])&Table0145[[#This Row],[TSG08]]&Table0145[[#This Row],[MÃ FAST]] -> #N/A | R316: =COUNTIF($Q$7:Q316,Q316)&Q316 -> #N/A | S316: =IFERROR(VLOOKUP(R316,Table1[[ct2]:[Số lượng]],13,0),0) -> 0 | T316: =IFERROR(VLOOKUP(R316,Table1[[ct2]:[Giá]],14,0),Table0145[[#This Row],[ĐƠN GIÁ]]) -> 0 | U316: =IFERROR((T316*S316),"0") -> 0 | V316: =S316-K316 -> 0 | W316: =Table0145[[#This Row],[THÀNH TIỀN FAST]]-Table0145[[#This Row],[THÀNH TIỀN]] -> 0 | X316: =Table0145[[#This Row],[ĐG FAST]]=Table0145[[#This Row],[ĐƠN GIÁ]] -> TRUE | Y316: =Table0145[[#This Row],[THÀNH TIỀN FAST]]=Table0145[[#This Row],[THÀNH TIỀN]] -> TRUE
M317: =K317*L317 -> 0 | N317: =VLOOKUP(I317,'MÃ '!$A$2:$E$1048576,4,0) -> #N/A | O317: =VLOOKUP(I317,'MÃ '!$A$2:$E$1048576,5,0) -> #N/A | P317: =$P$6 -> TSG08 | Q317: =DAY(Table0145[[#This Row],[NGÀY]])&Table0145[[#This Row],[TSG08]]&Table0145[[#This Row],[MÃ FAST]] -> #N/A | R317: =COUNTIF($Q$7:Q317,Q317)&Q317 -> #N/A | S317: =IFERROR(VLOOKUP(R317,Table1[[ct2]:[Số lượng]],13,0),0) -> 0 | T317: =IFERROR(VLOOKUP(R317,Table1[[ct2]:[Giá]],14,0),Table0145[[#This Row],[ĐƠN GIÁ]]) -> 0 | U317: =IFERROR((T317*S317),"0") -> 0 | V317: =S317-K317 -> 0 | W317: =Table0145[[#This Row],[THÀNH TIỀN FAST]]-Table0145[[#This Row],[THÀNH TIỀN]] -> 0 | X317: =Table0145[[#This Row],[ĐG FAST]]=Table0145[[#This Row],[ĐƠN GIÁ]] -> TRUE | Y317: =Table0145[[#This Row],[THÀNH TIỀN FAST]]=Table0145[[#This Row],[THÀNH TIỀN]] -> TRUE
M318: =K318*L318 -> 0 | N318: =VLOOKUP(I318,'MÃ '!$A$2:$E$1048576,4,0) -> #N/A | O318: =VLOOKUP(I318,'MÃ '!$A$2:$E$1048576,5,0) -> #N/A | P318: =$P$6 -> TSG08 | Q318: =DAY(Table0145[[#This Row],[NGÀY]])&Table0145[[#This Row],[TSG08]]&Table0145[[#This Row],[MÃ FAST]] -> #N/A | R318: =COUNTIF($Q$7:Q318,Q318)&Q318 -> #N/A | S318: =IFERROR(VLOOKUP(R318,Table1[[ct2]:[Số lượng]],13,0),0) -> 0 | T318: =IFERROR(VLOOKUP(R318,Table1[[ct2]:[Giá]],14,0),Table0145[[#This Row],[ĐƠN GIÁ]]) -> 0 | U318: =IFERROR((T318*S318),"0") -> 0 | V318: =S318-K318 -> 0 | W318: =Table0145[[#This Row],[THÀNH TIỀN FAST]]-Table0145[[#This Row],[THÀNH TIỀN]] -> 0 | X318: =Table0145[[#This Row],[ĐG FAST]]=Table0145[[#This Row],[ĐƠN GIÁ]] -> TRUE | Y318: =Table0145[[#This Row],[THÀNH TIỀN FAST]]=Table0145[[#This Row],[THÀNH TIỀN]] -> TRUE
... M1000: =K1000*L1000 -> 0 | N1000: =VLOOKUP(I1000,'MÃ '!$A$2:$E$1048576,4,0) -> #N/A | O1000: =VLOOKUP(I1000,'MÃ '!$A$2:$E$1048576,5,0) -> #N/A | P1000: =$P$6 -> TSG08 | Q1000: =DAY(Table0145[[#This Row],[NGÀY]])&Table0145[[#This Row],[TSG08]]&Table0145[[#This Row],[MÃ FAST]] -> #N/A | R1000: =COUNTIF($Q$7:Q1000,Q1000)&Q1000 -> #N/A | S1000: =IFERROR(VLOOKUP(R1000,Table1[[ct2]:[Số lượng]],13,0),0) -> 0 | T1000: =IFERROR(VLOOKUP(R1000,Table1[[ct2]:[Giá]],14,0),Table0145[[#This Row],[ĐƠN GIÁ]]) -> 0 | U1000: =IFERROR((T1000*S1000),"0") -> 0 | V1000: =S1000-K1000 -> 0 | W1000: =Table0145[[#This Row],[THÀNH TIỀN FAST]]-Table0145[[#This Row],[THÀNH TIỀN]] -> 0 | X1000: =Table0145[[#This Row],[ĐG FAST]]=Table0145[[#This Row],[ĐƠN GIÁ]] -> TRUE | Y1000: =Table0145[[#This Row],[THÀNH TIỀN FAST]]=Table0145[[#This Row],[THÀNH TIỀN]] -> TRUE

Sheet tsg9
A1: TRẦN GIA - TSG9 ( quang trung )
X2: =W5/M5 -> -0.10275299
R3: =DAY(B301) -> 0
S4: =SUMIF(Table1[Mã nx],"tsg01",Table1[Đvt])=S5 -> FALSE | U4: =SUMIF(Table1[Mã nx],"tsg01",Table1[Giá báo])=U5 -> FALSE
K5: =SUM(K7:K1048576) -> 1034.31 | M5: =SUM(M7:M1048576) -> 39547160 | S5: =SUM(S7:S1048576) -> 842.528 | U5: =SUM(U7:U1048576) -> 35483571 | V5: =SUM(V7:V1048576) -> -191.782 | W5: =SUM(W7:W1048576) -> -4063589
A6: MÃ ĐƠN HÀNG | B6: NGÀY | C6: MÃ KH | D6: TÊN KH | E6: Line ID | F6: Barcode | G6: MÃ KHO | H6: MÃ HÀNG | I6: TÊN HÀNG | J6: ĐVT | K6: SL | L6: ĐƠN GIÁ | M6: THÀNH TIỀN | N6: MÃ FAST | O6: TÊN FAST | P6: TSG09 | Q6: CT1 | R6: CT2 | S6: THỰC NHẬN | T6: ĐG FAST | U6: THÀNH TIỀN FAST | V6: lệch sl | W6: lệch tổng tiền | X6: LỆCH ĐƠN GIÁ | Y6: CHECK | Z6: Column1
B7: 01/01/2026 | D7: TIANLONG 09 | I7: Bắp mỹ trái (Loại 1) | J7: Trái | K7: 8 | L7: 8500 | M7: =K7*L7 -> 68000 | N7: =VLOOKUP(I7,'MÃ '!$A$2:$E$1048576,4,0) -> NL300107 | O7: =VLOOKUP(I7,'MÃ '!$A$2:$E$1048576,5,0) -> Ngô ngọt ( Bắp trái) | P7: =$P$6 -> TSG09 | Q7: =DAY(Table01456[[#This Row],[NGÀY]])&Table01456[[#This Row],[TSG09]]&Table01456[[#This Row],[MÃ FAST]] -> 1TSG09NL300107 | R7: =COUNTIF($Q$7:Q7,Q7)&Q7 -> 11TSG09NL300107 | S7: =IFERROR(VLOOKUP(R7,Table1[[ct2]:[Số lượng]],13,0),0) -> 8 | T7: =IFERROR(VLOOKUP(R7,Table1[[ct2]:[Giá]],14,0),Table01456[[#This Row],[ĐƠN GIÁ]]) -> 8500 | U7: =IFERROR((T7*S7),"0") -> 68000 | V7: =S7-K7 -> 0 | W7: =Table01456[[#This Row],[THÀNH TIỀN FAST]]-Table01456[[#This Row],[THÀNH TIỀN]] -> 0 | X7: =Table01456[[#This Row],[ĐG FAST]]=Table01456[[#This Row],[ĐƠN GIÁ]] -> TRUE | Y7: =Table01456[[#This Row],[THÀNH TIỀN FAST]]=Table01456[[#This Row],[THÀNH TIỀN]] -> TRUE
B8: 01/01/2026 | D8: TIANLONG 09 | I8: Bí đỏ hồ lô | J8: Kg | K8: 0.6 | L8: 30000 | M8: =K8*L8 -> 18000 | N8: =VLOOKUP(I8,'MÃ '!$A$2:$E$1048576,4,0) -> NL300007 | O8: =VLOOKUP(I8,'MÃ '!$A$2:$E$1048576,5,0) -> Bí đỏ | P8: =$P$6 -> TSG09 | Q8: =DAY(Table01456[[#This Row],[NGÀY]])&Table01456[[#This Row],[TSG09]]&Table01456[[#This Row],[MÃ FAST]] -> 1TSG09NL300007 | R8: =COUNTIF($Q$7:Q8,Q8)&Q8 -> 11TSG09NL300007 | S8: =IFERROR(VLOOKUP(R8,Table1[[ct2]:[Số lượng]],13,0),0) -> 0 | T8: =IFERROR(VLOOKUP(R8,Table1[[ct2]:[Giá]],14,0),Table01456[[#This Row],[ĐƠN GIÁ]]) -> 30000 | U8: =IFERROR((T8*S8),"0") -> 0 | V8: =S8-K8 -> -0.6 | W8: =Table01456[[#This Row],[THÀNH TIỀN FAST]]-Table01456[[#This Row],[THÀNH TIỀN]] -> -18000 | X8: =Table01456[[#This Row],[ĐG FAST]]=Table01456[[#This Row],[ĐƠN GIÁ]] -> TRUE | Y8: =Table01456[[#This Row],[THÀNH TIỀN FAST]]=Table01456[[#This Row],[THÀNH TIỀN]] -> FALSE
B9: 01/01/2026 | D9: TIANLONG 09 | I9: Bó xôi (Nhà Lồng) | J9: Kg | K9: 1.5 | L9: 45000 | M9: =K9*L9 -> 67500 | N9: =VLOOKUP(I9,'MÃ '!$A$2:$E$1048576,4,0) -> NL300203 | O9: =VLOOKUP(I9,'MÃ '!$A$2:$E$1048576,5,0) -> Cải bó xôi | P9: =$P$6 -> TSG09 | Q9: =DAY(Table01456[[#This Row],[NGÀY]])&Table01456[[#This Row],[TSG09]]&Table01456[[#This Row],[MÃ FAST]] -> 1TSG09NL300203 | R9: =COUNTIF($Q$7:Q9,Q9)&Q9 -> 11TSG09NL300203 | S9: =IFERROR(VLOOKUP(R9,Table1[[ct2]:[Số lượng]],13,0),0) -> 0 | T9: =IFERROR(VLOOKUP(R9,Table1[[ct2]:[Giá]],14,0),Table01456[[#This Row],[ĐƠN GIÁ]]) -> 45000 | U9: =IFERROR((T9*S9),"0") -> 0 | V9: =S9-K9 -> -1.5 | W9: =Table01456[[#This Row],[THÀNH TIỀN FAST]]-Table01456[[#This Row],[THÀNH TIỀN]] -> -67500 | X9: =Table01456[[#This Row],[ĐG FAST]]=Table01456[[#This Row],[ĐƠN GIÁ]] -> TRUE | Y9: =Table01456[[#This Row],[THÀNH TIỀN FAST]]=Table01456[[#This Row],[THÀNH TIỀN]] -> FALSE
B10: 01/01/2026 | D10: TIANLONG 09 | I10: Cà chua | J10: Kg | K10: 1 | L10: 50000 | M10: =K10*L10 -> 50000 | N10: =VLOOKUP(I10,'MÃ '!$A$2:$E$1048576,4,0) -> NL300013 | O10: =VLOOKUP(I10,'MÃ '!$A$2:$E$1048576,5,0) -> Cà chua | P10: =$P$6 -> TSG09 | Q10: =DAY(Table01456[[#This Row],[NGÀY]])&Table01456[[#This Row],[TSG09]]&Table01456[[#This Row],[MÃ FAST]] -> 1TSG09NL300013 | R10: =COUNTIF($Q$7:Q10,Q10)&Q10 -> 11TSG09NL300013 | S10: =IFERROR(VLOOKUP(R10,Table1[[ct2]:[Số lượng]],13,0),0) -> 1 | T10: =IFERROR(VLOOKUP(R10,Table1[[ct2]:[Giá]],14,0),Table01456[[#This Row],[ĐƠN GIÁ]]) -> 50000 | U10: =IFERROR((T10*S10),"0") -> 50000 | V10: =S10-K10 -> 0 | W10: =Table01456[[#This Row],[THÀNH TIỀN FAST]]-Table01456[[#This Row],[THÀNH TIỀN]] -> 0 | X10: =Table01456[[#This Row],[ĐG FAST]]=Table01456[[#This Row],[ĐƠN GIÁ]] -> TRUE | Y10: =Table01456[[#This Row],[THÀNH TIỀN FAST]]=Table01456[[#This Row],[THÀNH TIỀN]] -> TRUE
B11: 01/01/2026 | D11: TIANLONG 09 | I11: Cải thảo | J11: Kg | K11: 12 | L11: 18000 | M11: =K11*L11 -> 216000 | N11: =VLOOKUP(I11,'MÃ '!$A$2:$E$1048576,4,0) -> NL300022 | O11: =VLOOKUP(I11,'MÃ '!$A$2:$E$1048576,5,0) -> Cải thảo | P11: =$P$6 -> TSG09 | Q11: =DAY(Table01456[[#This Row],[NGÀY]])&Table01456[[#This Row],[TSG09]]&Table01456[[#This Row],[MÃ FAST]] -> 1TSG09NL300022 | R11: =COUNTIF($Q$7:Q11,Q11)&Q11 -> 11TSG09NL300022 | S11: =IFERROR(VLOOKUP(R11,Table1[[ct2]:[Số lượng]],13,0),0) -> 9.3 | T11: =IFERROR(VLOOKUP(R11,Table1[[ct2]:[Giá]],14,0),Table01456[[#This Row],[ĐƠN GIÁ]]) -> 18000 | U11: =IFERROR((T11*S11),"0") -> 167400 | V11: =S11-K11 -> -2.7 | W11: =Table01456[[#This Row],[THÀNH TIỀN FAST]]-Table01456[[#This Row],[THÀNH TIỀN]] -> -48600 | X11: =Table01456[[#This Row],[ĐG FAST]]=Table01456[[#This Row],[ĐƠN GIÁ]] -> TRUE | Y11: =Table01456[[#This Row],[THÀNH TIỀN FAST]]=Table01456[[#This Row],[THÀNH TIỀN]] -> FALSE
B12: 01/01/2026 | D12: TIANLONG 09 | I12: Chanh vàng | J12: Kg | K12: 0.3 | L12: 95000 | M12: =K12*L12 -> 28500 | N12: =VLOOKUP(I12,'MÃ '!$A$2:$E$1048576,4,0) -> NL600068 | O12: =VLOOKUP(I12,'MÃ '!$A$2:$E$1048576,5,0) -> Chanh vàng | P12: =$P$6 -> TSG09 | Q12: =DAY(Table01456[[#This Row],[NGÀY]])&Table01456[[#This Row],[TSG09]]&Table01456[[#This Row],[MÃ FAST]] -> 1TSG09NL600068 | R12: =COUNTIF($Q$7:Q12,Q12)&Q12 -> 11TSG09NL600068 | S12: =IFERROR(VLOOKUP(R12,Table1[[ct2]:[Số lượng]],13,0),0) -> 0.3 | T12: =IFERROR(VLOOKUP(R12,Table1[[ct2]:[Giá]],14,0),Table01456[[#This Row],[ĐƠN GIÁ]]) -> 95000 | U12: =IFERROR((T12*S12),"0") -> 28500 | V12: =S12-K12 -> 0 | W12: =Table01456[[#This Row],[THÀNH TIỀN FAST]]-Table01456[[#This Row],[THÀNH TIỀN]] -> 0 | X12: =Table01456[[#This Row],[ĐG FAST]]=Table01456[[#This Row],[ĐƠN GIÁ]] -> TRUE | Y12: =Table01456[[#This Row],[THÀNH TIỀN FAST]]=Table01456[[#This Row],[THÀNH TIỀN]] -> TRUE
B13: 01/01/2026 | D13: TIANLONG 09 | I13: Củ cải trắng (Loại 1) | J13: Kg | K13: 2 | L13: 13000 | M13: =K13*L13 -> 26000 | N13: =VLOOKUP(I13,'MÃ '!$A$2:$E$1048576,4,0) -> NL300033 | O13: =VLOOKUP(I13,'MÃ '!$A$2:$E$1048576,5,0) -> Củ cải trắng | P13: =$P$6 -> TSG09 | Q13: =DAY(Table01456[[#This Row],[NGÀY]])&Table01456[[#This Row],[TSG09]]&Table01456[[#This Row],[MÃ FAST]] -> 1TSG09NL300033 | R13: =COUNTIF($Q$7:Q13,Q13)&Q13 -> 11TSG09NL300033 | S13: =IFERROR(VLOOKUP(R13,Table1[[ct2]:[Số lượng]],13,0),0) -> 2 | T13: =IFERROR(VLOOKUP(R13,Table1[[ct2]:[Giá]],14,0),Table01456[[#This Row],[ĐƠN GIÁ]]) -> 13000 | U13: =IFERROR((T13*S13),"0") -> 26000 | V13: =S13-K13 -> 0 | W13: =Table01456[[#This Row],[THÀNH TIỀN FAST]]-Table01456[[#This Row],[THÀNH TIỀN]] -> 0 | X13: =Table01456[[#This Row],[ĐG FAST]]=Table01456[[#This Row],[ĐƠN GIÁ]] -> TRUE | Y13: =Table01456[[#This Row],[THÀNH TIỀN FAST]]=Table01456[[#This Row],[THÀNH TIỀN]] -> TRUE
B14: 01/01/2026 | D14: TIANLONG 09 | I14: Củ sen | J14: Kg | K14: 1.4 | L14: 47000 | M14: =K14*L14 -> 65800 | N14: =VLOOKUP(I14,'MÃ '!$A$2:$E$1048576,4,0) -> NL300036 | O14: =VLOOKUP(I14,'MÃ '!$A$2:$E$1048576,5,0) -> Củ sen | P14: =$P$6 -> TSG09 | Q14: =DAY(Table01456[[#This Row],[NGÀY]])&Table01456[[#This Row],[TSG09]]&Table01456[[#This Row],[MÃ FAST]] -> 1TSG09NL300036 | R14: =COUNTIF($Q$7:Q14,Q14)&Q14 -> 11TSG09NL300036 | S14: =IFERROR(VLOOKUP(R14,Table1[[ct2]:[Số lượng]],13,0),0) -> 1.4 | T14: =IFERROR(VLOOKUP(R14,Table1[[ct2]:[Giá]],14,0),Table01456[[#This Row],[ĐƠN GIÁ]]) -> 47000 | U14: =IFERROR((T14*S14),"0") -> 65800 | V14: =S14-K14 -> 0 | W14: =Table01456[[#This Row],[THÀNH TIỀN FAST]]-Table01456[[#This Row],[THÀNH TIỀN]] -> 0 | X14: =Table01456[[#This Row],[ĐG FAST]]=Table01456[[#This Row],[ĐƠN GIÁ]] -> TRUE | Y14: =Table01456[[#This Row],[THÀNH TIỀN FAST]]=Table01456[[#This Row],[THÀNH TIỀN]] -> TRUE
B15: 01/01/2026 | D15: TIANLONG 09 | I15: Dưa hấu | J15: Kg | K15: 22 | L15: 18000 | M15: =K15*L15 -> 396000 | N15: =VLOOKUP(I15,'MÃ '!$A$2:$E$1048576,4,0) -> NL600004 | O15: =VLOOKUP(I15,'MÃ '!$A$2:$E$1048576,5,0) -> Dưa hấu | P15: =$P$6 -> TSG09 | Q15: =DAY(Table01456[[#This Row],[NGÀY]])&Table01456[[#This Row],[TSG09]]&Table01456[[#This Row],[MÃ FAST]] -> 1TSG09NL600004 | R15: =COUNTIF($Q$7:Q15,Q15)&Q15 -> 11TSG09NL600004 | S15: =IFERROR(VLOOKUP(R15,Table1[[ct2]:[Số lượng]],13,0),0) -> 22 | T15: =IFERROR(VLOOKUP(R15,Table1[[ct2]:[Giá]],14,0),Table01456[[#This Row],[ĐƠN GIÁ]]) -> 18000 | U15: =IFERROR((T15*S15),"0") -> 396000 | V15: =S15-K15 -> 0 | W15: =Table01456[[#This Row],[THÀNH TIỀN FAST]]-Table01456[[#This Row],[THÀNH TIỀN]] -> 0 | X15: =Table01456[[#This Row],[ĐG FAST]]=Table01456[[#This Row],[ĐƠN GIÁ]] -> TRUE | Y15: =Table01456[[#This Row],[THÀNH TIỀN FAST]]=Table01456[[#This Row],[THÀNH TIỀN]] -> TRUE
B16: 01/01/2026 | D16: TIANLONG 09 | I16: Hoa cúc tím | J16: Bó | K16: 1 | L16: 80000 | M16: =K16*L16 -> 80000 | N16: =VLOOKUP(I16,'MÃ '!$A$2:$E$1048576,4,0) -> NL300218 | O16: =VLOOKUP(I16,'MÃ '!$A$2:$E$1048576,5,0) -> Hoa cúc (decor) bó | P16: =$P$6 -> TSG09 | Q16: =DAY(Table01456[[#This Row],[NGÀY]])&Table01456[[#This Row],[TSG09]]&Table01456[[#This Row],[MÃ FAST]] -> 1TSG09NL300218 | R16: =COUNTIF($Q$7:Q16,Q16)&Q16 -> 11TSG09NL300218 | S16: =IFERROR(VLOOKUP(R16,Table1[[ct2]:[Số lượng]],13,0),0) -> 1 | T16: =IFERROR(VLOOKUP(R16,Table1[[ct2]:[Giá]],14,0),Table01456[[#This Row],[ĐƠN GIÁ]]) -> 40000 | U16: =IFERROR((T16*S16),"0") -> 40000 | V16: =S16-K16 -> 0 | W16: =Table01456[[#This Row],[THÀNH TIỀN FAST]]-Table01456[[#This Row],[THÀNH TIỀN]] -> -40000 | X16: =Table01456[[#This Row],[ĐG FAST]]=Table01456[[#This Row],[ĐƠN GIÁ]] -> FALSE | Y16: =Table01456[[#This Row],[THÀNH TIỀN FAST]]=Table01456[[#This Row],[THÀNH TIỀN]] -> FALSE
B17: 01/01/2026 | D17: TIANLONG 09 | I17: Húng lũi | J17: Kg | K17: 0.3 | L17: 65000 | M17: =K17*L17 -> 19500 | N17: =VLOOKUP(I17,'MÃ '!$A$2:$E$1048576,4,0) -> NL300062 | O17: =VLOOKUP(I17,'MÃ '!$A$2:$E$1048576,5,0) -> Húng Bạc Hà | P17: =$P$6 -> TSG09 | Q17: =DAY(Table01456[[#This Row],[NGÀY]])&Table01456[[#This Row],[TSG09]]&Table01456[[#This Row],[MÃ FAST]] -> 1TSG09NL300062 | R17: =COUNTIF($Q$7:Q17,Q17)&Q17 -> 11TSG09NL300062 | S17: =IFERROR(VLOOKUP(R17,Table1[[ct2]:[Số lượng]],13,0),0) -> 0.3 | T17: =IFERROR(VLOOKUP(R17,Table1[[ct2]:[Giá]],14,0),Table01456[[#This Row],[ĐƠN GIÁ]]) -> 65000 | U17: =IFERROR((T17*S17),"0") -> 19500 | V17: =S17-K17 -> 0 | W17: =Table01456[[#This Row],[THÀNH TIỀN FAST]]-Table01456[[#This Row],[THÀNH TIỀN]] -> 0 | X17: =Table01456[[#This Row],[ĐG FAST]]=Table01456[[#This Row],[ĐƠN GIÁ]] -> TRUE | Y17: =Table01456[[#This Row],[THÀNH TIỀN FAST]]=Table01456[[#This Row],[THÀNH TIỀN]] -> TRUE
B18: 01/01/2026 | D18: TIANLONG 09 | I18: Khoai môn cao | J18: Kg | K18: 2 | L18: 30000 | M18: =K18*L18 -> 60000 | N18: =VLOOKUP(I18,'MÃ '!$A$2:$E$1048576,4,0) -> NL300209 | O18: =VLOOKUP(I18,'MÃ '!$A$2:$E$1048576,5,0) -> Khoai môn | P18: =$P$6 -> TSG09 | Q18: =DAY(Table01456[[#This Row],[NGÀY]])&Table01456[[#This Row],[TSG09]]&Table01456[[#This Row],[MÃ FAST]] -> 1TSG09NL300209 | R18: =COUNTIF($Q$7:Q18,Q18)&Q18 -> 11TSG09NL300209 | S18: =IFERROR(VLOOKUP(R18,Table1[[ct2]:[Số lượng]],13,0),0) -> 2 | T18: =IFERROR(VLOOKUP(R18,Table1[[ct2]:[Giá]],14,0),Table01456[[#This Row],[ĐƠN GIÁ]]) -> 30000 | U18: =IFERROR((T18*S18),"0") -> 60000 | V18: =S18-K18 -> 0 | W18: =Table01456[[#This Row],[THÀNH TIỀN FAST]]-Table01456[[#This Row],[THÀNH TIỀN]] -> 0 | X18: =Table01456[[#This Row],[ĐG FAST]]=Table01456[[#This Row],[ĐƠN GIÁ]] -> TRUE | Y18: =Table01456[[#This Row],[THÀNH TIỀN FAST]]=Table01456[[#This Row],[THÀNH TIỀN]] -> TRUE
... B299: 15/01/2026 | D299: TIANLONG 09 | I299: Xà lách romain | J299: Kg | K299: 5.7 | L299: 62000 | M299: =K299*L299 -> 353400 | N299: =VLOOKUP(I299,'MÃ '!$A$2:$E$1048576,4,0) -> NL300147 | O299: =VLOOKUP(I299,'MÃ '!$A$2:$E$1048576,5,0) -> Xà lách Roman | P299: =$P$6 -> TSG09 | Q299: =DAY(Table01456[[#This Row],[NGÀY]])&Table01456[[#This Row],[TSG09]]&Table01456[[#This Row],[MÃ FAST]] -> 15TSG09NL300147 | R299: =COUNTIF($Q$7:Q299,Q299)&Q299 -> 115TSG09NL300147 | S299: =IFERROR(VLOOKUP(R299,Table1[[ct2]:[Số lượng]],13,0),0) -> 5 | T299: =IFERROR(VLOOKUP(R299,Table1[[ct2]:[Giá]],14,0),Table01456[[#This Row],[ĐƠN GIÁ]]) -> 62000 | U299: =IFERROR((T299*S299),"0") -> 310000 | V299: =S299-K299 -> -0.7 | W299: =Table01456[[#This Row],[THÀNH TIỀN FAST]]-Table01456[[#This Row],[THÀNH TIỀN]] -> -43400 | X299: =Table01456[[#This Row],[ĐG FAST]]=Table01456[[#This Row],[ĐƠN GIÁ]] -> TRUE | Y299: =Table01456[[#This Row],[THÀNH TIỀN FAST]]=Table01456[[#This Row],[THÀNH TIỀN]] -> FALSE
N300: =VLOOKUP(I300,'MÃ '!$A$2:$E$1048576,4,0) -> #N/A | O300: =VLOOKUP(I300,'MÃ '!$A$2:$E$1048576,5,0) -> #N/A | P300: =$P$6 -> TSG09 | Q300: =DAY(Table01456[[#This Row],[NGÀY]])&Table01456[[#This Row],[TSG09]]&Table01456[[#This Row],[MÃ FAST]] -> #N/A | R300: =COUNTIF($Q$7:Q300,Q300)&Q300 -> #N/A | S300: =IFERROR(VLOOKUP(R300,Table1[[ct2]:[Số lượng]],13,0),0) -> 0 | T300: =IFERROR(VLOOKUP(R300,Table1[[ct2]:[Giá]],14,0),Table01456[[#This Row],[ĐƠN GIÁ]]) -> 0 | U300: =IFERROR((T300*S300),"0") -> 0 | V300: =S300-K300 -> 0 | W300: =Table01456[[#This Row],[THÀNH TIỀN FAST]]-Table01456[[#This Row],[THÀNH TIỀN]] -> 0 | X300: =Table01456[[#This Row],[ĐG FAST]]=Table01456[[#This Row],[ĐƠN GIÁ]] -> TRUE | Y300: =Table01456[[#This Row],[THÀNH TIỀN FAST]]=Table01456[[#This Row],[THÀNH TIỀN]] -> TRUE
N301: =VLOOKUP(I301,'MÃ '!$A$2:$E$1048576,4,0) -> #N/A | O301: =VLOOKUP(I301,'MÃ '!$A$2:$E$1048576,5,0) -> #N/A | P301: =$P$6 -> TSG09 | Q301: =DAY(Table01456[[#This Row],[NGÀY]])&Table01456[[#This Row],[TSG09]]&Table01456[[#This Row],[MÃ FAST]] -> #N/A | R301: =COUNTIF($Q$7:Q301,Q301)&Q301 -> #N/A | S301: =IFERROR(VLOOKUP(R301,Table1[[ct2]:[Số lượng]],13,0),0) -> 0 | T301: =IFERROR(VLOOKUP(R301,Table1[[ct2]:[Giá]],14,0),Table01456[[#This Row],[ĐƠN GIÁ]]) -> 0 | U301: =IFERROR((T301*S301),"0") -> 0 | V301: =S301-K301 -> 0 | W301: =Table01456[[#This Row],[THÀNH TIỀN FAST]]-Table01456[[#This Row],[THÀNH TIỀN]] -> 0 | X301: =Table01456[[#This Row],[ĐG FAST]]=Table01456[[#This Row],[ĐƠN GIÁ]] -> TRUE | Y301: =Table01456[[#This Row],[THÀNH TIỀN FAST]]=Table01456[[#This Row],[THÀNH TIỀN]] -> TRUE
M302: =K302*L302 -> 0 | N302: =VLOOKUP(I302,'MÃ '!$A$2:$E$1048576,4,0) -> #N/A | O302: =VLOOKUP(I302,'MÃ '!$A$2:$E$1048576,5,0) -> #N/A | P302: =$P$6 -> TSG09 | Q302: =DAY(Table01456[[#This Row],[NGÀY]])&Table01456[[#This Row],[TSG09]]&Table01456[[#This Row],[MÃ FAST]] -> #N/A | R302: =COUNTIF($Q$7:Q302,Q302)&Q302 -> #N/A | S302: =IFERROR(VLOOKUP(R302,Table1[[ct2]:[Số lượng]],13,0),0) -> 0 | T302: =IFERROR(VLOOKUP(R302,Table1[[ct2]:[Giá]],14,0),Table01456[[#This Row],[ĐƠN GIÁ]]) -> 0 | U302: =IFERROR((T302*S302),"0") -> 0 | V302: =S302-K302 -> 0 | W302: =Table01456[[#This Row],[THÀNH TIỀN FAST]]-Table01456[[#This Row],[THÀNH TIỀN]] -> 0 | X302: =Table01456[[#This Row],[ĐG FAST]]=Table01456[[#This Row],[ĐƠN GIÁ]] -> TRUE | Y302: =Table01456[[#This Row],[THÀNH TIỀN FAST]]=Table01456[[#This Row],[THÀNH TIỀN]] -> TRUE
M303: =K303*L303 -> 0 | N303: =VLOOKUP(I303,'MÃ '!$A$2:$E$1048576,4,0) -> #N/A | O303: =VLOOKUP(I303,'MÃ '!$A$2:$E$1048576,5,0) -> #N/A | P303: =$P$6 -> TSG09 | Q303: =DAY(Table01456[[#This Row],[NGÀY]])&Table01456[[#This Row],[TSG09]]&Table01456[[#This Row],[MÃ FAST]] -> #N/A | R303: =COUNTIF($Q$7:Q303,Q303)&Q303 -> #N/A | S303: =IFERROR(VLOOKUP(R303,Table1[[ct2]:[Số lượng]],13,0),0) -> 0 | T303: =IFERROR(VLOOKUP(R303,Table1[[ct2]:[Giá]],14,0),Table01456[[#This Row],[ĐƠN GIÁ]]) -> 0 | U303: =IFERROR((T303*S303),"0") -> 0 | V303: =S303-K303 -> 0 | W303: =Table01456[[#This Row],[THÀNH TIỀN FAST]]-Table01456[[#This Row],[THÀNH TIỀN]] -> 0 | X303: =Table01456[[#This Row],[ĐG FAST]]=Table01456[[#This Row],[ĐƠN GIÁ]] -> TRUE | Y303: =Table01456[[#This Row],[THÀNH TIỀN FAST]]=Table01456[[#This Row],[THÀNH TIỀN]] -> TRUE
M304: =K304*L304 -> 0 | N304: =VLOOKUP(I304,'MÃ '!$A$2:$E$1048576,4,0) -> #N/A | O304: =VLOOKUP(I304,'MÃ '!$A$2:$E$1048576,5,0) -> #N/A | P304: =$P$6 -> TSG09 | Q304: =DAY(Table01456[[#This Row],[NGÀY]])&Table01456[[#This Row],[TSG09]]&Table01456[[#This Row],[MÃ FAST]] -> #N/A | R304: =COUNTIF($Q$7:Q304,Q304)&Q304 -> #N/A | S304: =IFERROR(VLOOKUP(R304,Table1[[ct2]:[Số lượng]],13,0),0) -> 0 | T304: =IFERROR(VLOOKUP(R304,Table1[[ct2]:[Giá]],14,0),Table01456[[#This Row],[ĐƠN GIÁ]]) -> 0 | U304: =IFERROR((T304*S304),"0") -> 0 | V304: =S304-K304 -> 0 | W304: =Table01456[[#This Row],[THÀNH TIỀN FAST]]-Table01456[[#This Row],[THÀNH TIỀN]] -> 0 | X304: =Table01456[[#This Row],[ĐG FAST]]=Table01456[[#This Row],[ĐƠN GIÁ]] -> TRUE | Y304: =Table01456[[#This Row],[THÀNH TIỀN FAST]]=Table01456[[#This Row],[THÀNH TIỀN]] -> TRUE
M305: =K305*L305 -> 0 | N305: =VLOOKUP(I305,'MÃ '!$A$2:$E$1048576,4,0) -> #N/A | O305: =VLOOKUP(I305,'MÃ '!$A$2:$E$1048576,5,0) -> #N/A | P305: =$P$6 -> TSG09 | Q305: =DAY(Table01456[[#This Row],[NGÀY]])&Table01456[[#This Row],[TSG09]]&Table01456[[#This Row],[MÃ FAST]] -> #N/A | R305: =COUNTIF($Q$7:Q305,Q305)&Q305 -> #N/A | S305: =IFERROR(VLOOKUP(R305,Table1[[ct2]:[Số lượng]],13,0),0) -> 0 | T305: =IFERROR(VLOOKUP(R305,Table1[[ct2]:[Giá]],14,0),Table01456[[#This Row],[ĐƠN GIÁ]]) -> 0 | U305: =IFERROR((T305*S305),"0") -> 0 | V305: =S305-K305 -> 0 | W305: =Table01456[[#This Row],[THÀNH TIỀN FAST]]-Table01456[[#This Row],[THÀNH TIỀN]] -> 0 | X305: =Table01456[[#This Row],[ĐG FAST]]=Table01456[[#This Row],[ĐƠN GIÁ]] -> TRUE | Y305: =Table01456[[#This Row],[THÀNH TIỀN FAST]]=Table01456[[#This Row],[THÀNH TIỀN]] -> TRUE
M306: =K306*L306 -> 0 | N306: =VLOOKUP(I306,'MÃ '!$A$2:$E$1048576,4,0) -> #N/A | O306: =VLOOKUP(I306,'MÃ '!$A$2:$E$1048576,5,0) -> #N/A | P306: =$P$6 -> TSG09 | Q306: =DAY(Table01456[[#This Row],[NGÀY]])&Table01456[[#This Row],[TSG09]]&Table01456[[#This Row],[MÃ FAST]] -> #N/A | R306: =COUNTIF($Q$7:Q306,Q306)&Q306 -> #N/A | S306: =IFERROR(VLOOKUP(R306,Table1[[ct2]:[Số lượng]],13,0),0) -> 0 | T306: =IFERROR(VLOOKUP(R306,Table1[[ct2]:[Giá]],14,0),Table01456[[#This Row],[ĐƠN GIÁ]]) -> 0 | U306: =IFERROR((T306*S306),"0") -> 0 | V306: =S306-K306 -> 0 | W306: =Table01456[[#This Row],[THÀNH TIỀN FAST]]-Table01456[[#This Row],[THÀNH TIỀN]] -> 0 | X306: =Table01456[[#This Row],[ĐG FAST]]=Table01456[[#This Row],[ĐƠN GIÁ]] -> TRUE | Y306: =Table01456[[#This Row],[THÀNH TIỀN FAST]]=Table01456[[#This Row],[THÀNH TIỀN]] -> TRUE
M307: =K307*L307 -> 0 | N307: =VLOOKUP(I307,'MÃ '!$A$2:$E$1048576,4,0) -> #N/A | O307: =VLOOKUP(I307,'MÃ '!$A$2:$E$1048576,5,0) -> #N/A | P307: =$P$6 -> TSG09 | Q307: =DAY(Table01456[[#This Row],[NGÀY]])&Table01456[[#This Row],[TSG09]]&Table01456[[#This Row],[MÃ FAST]] -> #N/A | R307: =COUNTIF($Q$7:Q307,Q307)&Q307 -> #N/A | S307: =IFERROR(VLOOKUP(R307,Table1[[ct2]:[Số lượng]],13,0),0) -> 0 | T307: =IFERROR(VLOOKUP(R307,Table1[[ct2]:[Giá]],14,0),Table01456[[#This Row],[ĐƠN GIÁ]]) -> 0 | U307: =IFERROR((T307*S307),"0") -> 0 | V307: =S307-K307 -> 0 | W307: =Table01456[[#This Row],[THÀNH TIỀN FAST]]-Table01456[[#This Row],[THÀNH TIỀN]] -> 0 | X307: =Table01456[[#This Row],[ĐG FAST]]=Table01456[[#This Row],[ĐƠN GIÁ]] -> TRUE | Y307: =Table01456[[#This Row],[THÀNH TIỀN FAST]]=Table01456[[#This Row],[THÀNH TIỀN]] -> TRUE
M308: =K308*L308 -> 0 | N308: =VLOOKUP(I308,'MÃ '!$A$2:$E$1048576,4,0) -> #N/A | O308: =VLOOKUP(I308,'MÃ '!$A$2:$E$1048576,5,0) -> #N/A | P308: =$P$6 -> TSG09 | Q308: =DAY(Table01456[[#This Row],[NGÀY]])&Table01456[[#This Row],[TSG09]]&Table01456[[#This Row],[MÃ FAST]] -> #N/A | R308: =COUNTIF($Q$7:Q308,Q308)&Q308 -> #N/A | S308: =IFERROR(VLOOKUP(R308,Table1[[ct2]:[Số lượng]],13,0),0) -> 0 | T308: =IFERROR(VLOOKUP(R308,Table1[[ct2]:[Giá]],14,0),Table01456[[#This Row],[ĐƠN GIÁ]]) -> 0 | U308: =IFERROR((T308*S308),"0") -> 0 | V308: =S308-K308 -> 0 | W308: =Table01456[[#This Row],[THÀNH TIỀN FAST]]-Table01456[[#This Row],[THÀNH TIỀN]] -> 0 | X308: =Table01456[[#This Row],[ĐG FAST]]=Table01456[[#This Row],[ĐƠN GIÁ]] -> TRUE | Y308: =Table01456[[#This Row],[THÀNH TIỀN FAST]]=Table01456[[#This Row],[THÀNH TIỀN]] -> TRUE
M309: =K309*L309 -> 0 | N309: =VLOOKUP(I309,'MÃ '!$A$2:$E$1048576,4,0) -> #N/A | O309: =VLOOKUP(I309,'MÃ '!$A$2:$E$1048576,5,0) -> #N/A | P309: =$P$6 -> TSG09 | Q309: =DAY(Table01456[[#This Row],[NGÀY]])&Table01456[[#This Row],[TSG09]]&Table01456[[#This Row],[MÃ FAST]] -> #N/A | R309: =COUNTIF($Q$7:Q309,Q309)&Q309 -> #N/A | S309: =IFERROR(VLOOKUP(R309,Table1[[ct2]:[Số lượng]],13,0),0) -> 0 | T309: =IFERROR(VLOOKUP(R309,Table1[[ct2]:[Giá]],14,0),Table01456[[#This Row],[ĐƠN GIÁ]]) -> 0 | U309: =IFERROR((T309*S309),"0") -> 0 | V309: =S309-K309 -> 0 | W309: =Table01456[[#This Row],[THÀNH TIỀN FAST]]-Table01456[[#This Row],[THÀNH TIỀN]] -> 0 | X309: =Table01456[[#This Row],[ĐG FAST]]=Table01456[[#This Row],[ĐƠN GIÁ]] -> TRUE | Y309: =Table01456[[#This Row],[THÀNH TIỀN FAST]]=Table01456[[#This Row],[THÀNH TIỀN]] -> TRUE
M310: =K310*L310 -> 0 | N310: =VLOOKUP(I310,'MÃ '!$A$2:$E$1048576,4,0) -> #N/A | O310: =VLOOKUP(I310,'MÃ '!$A$2:$E$1048576,5,0) -> #N/A | P310: =$P$6 -> TSG09 | Q310: =DAY(Table01456[[#This Row],[NGÀY]])&Table01456[[#This Row],[TSG09]]&Table01456[[#This Row],[MÃ FAST]] -> #N/A | R310: =COUNTIF($Q$7:Q310,Q310)&Q310 -> #N/A | S310: =IFERROR(VLOOKUP(R310,Table1[[ct2]:[Số lượng]],13,0),0) -> 0 | T310: =IFERROR(VLOOKUP(R310,Table1[[ct2]:[Giá]],14,0),Table01456[[#This Row],[ĐƠN GIÁ]]) -> 0 | U310: =IFERROR((T310*S310),"0") -> 0 | V310: =S310-K310 -> 0 | W310: =Table01456[[#This Row],[THÀNH TIỀN FAST]]-Table01456[[#This Row],[THÀNH TIỀN]] -> 0 | X310: =Table01456[[#This Row],[ĐG FAST]]=Table01456[[#This Row],[ĐƠN GIÁ]] -> TRUE | Y310: =Table01456[[#This Row],[THÀNH TIỀN FAST]]=Table01456[[#This Row],[THÀNH TIỀN]] -> TRUE
M311: =K311*L311 -> 0 | N311: =VLOOKUP(I311,'MÃ '!$A$2:$E$1048576,4,0) -> #N/A | O311: =VLOOKUP(I311,'MÃ '!$A$2:$E$1048576,5,0) -> #N/A | P311: =$P$6 -> TSG09 | Q311: =DAY(Table01456[[#This Row],[NGÀY]])&Table01456[[#This Row],[TSG09]]&Table01456[[#This Row],[MÃ FAST]] -> #N/A | R311: =COUNTIF($Q$7:Q311,Q311)&Q311 -> #N/A | S311: =IFERROR(VLOOKUP(R311,Table1[[ct2]:[Số lượng]],13,0),0) -> 0 | T311: =IFERROR(VLOOKUP(R311,Table1[[ct2]:[Giá]],14,0),Table01456[[#This Row],[ĐƠN GIÁ]]) -> 0 | U311: =IFERROR((T311*S311),"0") -> 0 | V311: =S311-K311 -> 0 | W311: =Table01456[[#This Row],[THÀNH TIỀN FAST]]-Table01456[[#This Row],[THÀNH TIỀN]] -> 0 | X311: =Table01456[[#This Row],[ĐG FAST]]=Table01456[[#This Row],[ĐƠN GIÁ]] -> TRUE | Y311: =Table01456[[#This Row],[THÀNH TIỀN FAST]]=Table01456[[#This Row],[THÀNH TIỀN]] -> TRUE
M312: =K312*L312 -> 0 | N312: =VLOOKUP(I312,'MÃ '!$A$2:$E$1048576,4,0) -> #N/A | O312: =VLOOKUP(I312,'MÃ '!$A$2:$E$1048576,5,0) -> #N/A | P312: =$P$6 -> TSG09 | Q312: =DAY(Table01456[[#This Row],[NGÀY]])&Table01456[[#This Row],[TSG09]]&Table01456[[#This Row],[MÃ FAST]] -> #N/A | R312: =COUNTIF($Q$7:Q312,Q312)&Q312 -> #N/A | S312: =IFERROR(VLOOKUP(R312,Table1[[ct2]:[Số lượng]],13,0),0) -> 0 | T312: =IFERROR(VLOOKUP(R312,Table1[[ct2]:[Giá]],14,0),Table01456[[#This Row],[ĐƠN GIÁ]]) -> 0 | U312: =IFERROR((T312*S312),"0") -> 0 | V312: =S312-K312 -> 0 | W312: =Table01456[[#This Row],[THÀNH TIỀN FAST]]-Table01456[[#This Row],[THÀNH TIỀN]] -> 0 | X312: =Table01456[[#This Row],[ĐG FAST]]=Table01456[[#This Row],[ĐƠN GIÁ]] -> TRUE | Y312: =Table01456[[#This Row],[THÀNH TIỀN FAST]]=Table01456[[#This Row],[THÀNH TIỀN]] -> TRUE
M313: =K313*L313 -> 0 | N313: =VLOOKUP(I313,'MÃ '!$A$2:$E$1048576,4,0) -> #N/A | O313: =VLOOKUP(I313,'MÃ '!$A$2:$E$1048576,5,0) -> #N/A | P313: =$P$6 -> TSG09 | Q313: =DAY(Table01456[[#This Row],[NGÀY]])&Table01456[[#This Row],[TSG09]]&Table01456[[#This Row],[MÃ FAST]] -> #N/A | R313: =COUNTIF($Q$7:Q313,Q313)&Q313 -> #N/A | S313: =IFERROR(VLOOKUP(R313,Table1[[ct2]:[Số lượng]],13,0),0) -> 0 | T313: =IFERROR(VLOOKUP(R313,Table1[[ct2]:[Giá]],14,0),Table01456[[#This Row],[ĐƠN GIÁ]]) -> 0 | U313: =IFERROR((T313*S313),"0") -> 0 | V313: =S313-K313 -> 0 | W313: =Table01456[[#This Row],[THÀNH TIỀN FAST]]-Table01456[[#This Row],[THÀNH TIỀN]] -> 0 | X313: =Table01456[[#This Row],[ĐG FAST]]=Table01456[[#This Row],[ĐƠN GIÁ]] -> TRUE | Y313: =Table01456[[#This Row],[THÀNH TIỀN FAST]]=Table01456[[#This Row],[THÀNH TIỀN]] -> TRUE
... M1000: =K1000*L1000 -> 0 | N1000: =VLOOKUP(I1000,'MÃ '!$A$2:$E$1048576,4,0) -> #N/A | O1000: =VLOOKUP(I1000,'MÃ '!$A$2:$E$1048576,5,0) -> #N/A | P1000: =$P$6 -> TSG09 | Q1000: =DAY(Table01456[[#This Row],[NGÀY]])&Table01456[[#This Row],[TSG09]]&Table01456[[#This Row],[MÃ FAST]] -> #N/A | R1000: =COUNTIF($Q$7:Q1000,Q1000)&Q1000 -> #N/A | S1000: =IFERROR(VLOOKUP(R1000,Table1[[ct2]:[Số lượng]],13,0),0) -> 0 | T1000: =IFERROR(VLOOKUP(R1000,Table1[[ct2]:[Giá]],14,0),Table01456[[#This Row],[ĐƠN GIÁ]]) -> 0 | U1000: =IFERROR((T1000*S1000),"0") -> 0 | V1000: =S1000-K1000 -> 0 | W1000: =Table01456[[#This Row],[THÀNH TIỀN FAST]]-Table01456[[#This Row],[THÀNH TIỀN]] -> 0 | X1000: =Table01456[[#This Row],[ĐG FAST]]=Table01456[[#This Row],[ĐƠN GIÁ]] -> TRUE | Y1000: =Table01456[[#This Row],[THÀNH TIỀN FAST]]=Table01456[[#This Row],[THÀNH TIỀN]] -> TRUE

Sheet FAST
M3: =SUM(Table1[Đvt]) -> 0 | N3: =SUM(Table1[Số lượng]) -> 4809.292 | Q3: =SUM(Table1[Tiền]) -> 188213891
A4: ct1 | B4: ct2 | C4: Ngày ct | D4: Mã ct | E4: Số ct | F4: Số hđ | G4: Áp giá | H4: Mã ncc | I4: Tên ncc | J4: Diễn giải | K4: Mã hàng | L4: Tên mặt hàng | M4: Đvt | N4: Số lượng | O4: Giá | P4: Giá báo | Q4: Tiền | R4: Thuế suất | S4: Chênh lệch giá | T4: Kho hàng | U4: Mã nx | V4: Vụ việc | W4: Bộ phận | X4: Hợp đồng | Y4: Người tạo | Z4: Người sửa | AA4: Column1
A5: =DAY(C5)&Table1[[#This Row],[Bộ phận]]&Table1[[#This Row],[Mã hàng]] -> 1TSG01NL300090 | B5: =COUNTIF($A$5:A5,A5)&A5 -> 11TSG01NL300090 | C5: 46023 | D5: HD | E5: 2601TSG011 | G5: 1 | H5: NCC100186 | I5: CÔNG TY TNHH NÔNG SẢN THỰC PHẨM TRẦN GIA | J5: TSG01 - Nhập hàng mua ngày 01/01/2026 | K5: NL300090 | L5: Nấm đông cô tươi | M5: kg | N5: 6 | O5: 145000 | P5: 0 | Q5: 870000 | R5: 0 | S5: 145000 | T5: TSG.01 | U5: 3311 | W5: TSG01 | Y5: KHAINN | Z5: KHAINN | AA5: =IFERROR((VLOOKUP(Table1[[#This Row],[ct2]],Table01[[CT2]:[THỰC NHẬN]],2,0)),0)+(IFERROR((VLOOKUP(Table1[[#This Row],[ct2]],Table014[[CT2]:[THỰC NHẬN]],2,0)),0))+(IFERROR((VLOOKUP(Table1[[#This Row],[ct2]],Table0145[[CT2]:[THỰC NHẬN]],2,0)),0))+(IFERROR((VLOOKUP(Table1[[#This Row],[ct2]],Table01456[[CT2]:[THỰC NHẬN]],2,0)),0))-Table1[[#This Row],[Số lượng]] -> 0
A6: =DAY(C6)&Table1[[#This Row],[Bộ phận]]&Table1[[#This Row],[Mã hàng]] -> 1TSG01NL300091 | B6: =COUNTIF($A$5:A6,A6)&A6 -> 11TSG01NL300091 | C6: 46023 | D6: HD | E6: 2601TSG011 | G6: 1 | H6: NCC100186 | I6: CÔNG TY TNHH NÔNG SẢN THỰC PHẨM TRẦN GIA | J6: TSG01 - Nhập hàng mua ngày 01/01/2026 | K6: NL300091 | L6: Nấm đùi gà | M6: kg | N6: 6 | O6: 47000 | P6: 0 | Q6: 282000 | R6: 0 | S6: 47000 | T6: TSG.01 | U6: 3311 | W6: TSG01 | Y6: KHAINN | Z6: KHAINN | AA6: =IFERROR((VLOOKUP(Table1[[#This Row],[ct2]],Table01[[CT2]:[THỰC NHẬN]],2,0)),0)+(IFERROR((VLOOKUP(Table1[[#This Row],[ct2]],Table014[[CT2]:[THỰC NHẬN]],2,0)),0))+(IFERROR((VLOOKUP(Table1[[#This Row],[ct2]],Table0145[[CT2]:[THỰC NHẬN]],2,0)),0))+(IFERROR((VLOOKUP(Table1[[#This Row],[ct2]],Table01456[[CT2]:[THỰC NHẬN]],2,0)),0))-Table1[[#This Row],[Số lượng]] -> 0
A7: =DAY(C7)&Table1[[#This Row],[Bộ phận]]&Table1[[#This Row],[Mã hàng]] -> 1TSG01NL300094 | B7: =COUNTIF($A$5:A7,A7)&A7 -> 11TSG01NL300094 | C7: 46023 | D7: HD | E7: 2601TSG011 | G7: 1 | H7: NCC100186 | I7: CÔNG TY TNHH NÔNG SẢN THỰC PHẨM TRẦN GIA | J7: TSG01 - Nhập hàng mua ngày 01/01/2026 | K7: NL300094 | L7: Nấm hải sản | M7: kg | N7: 1 | O7: 80000 | P7: 0 | Q7: 80000 | R7: 0 | S7: 80000 | T7: TSG.01 | U7: 3311 | W7: TSG01 | Y7: KHAINN | Z7: KHAINN | AA7: =IFERROR((VLOOKUP(Table1[[#This Row],[ct2]],Table01[[CT2]:[THỰC NHẬN]],2,0)),0)+(IFERROR((VLOOKUP(Table1[[#This Row],[ct2]],Table014[[CT2]:[THỰC NHẬN]],2,0)),0))+(IFERROR((VLOOKUP(Table1[[#This Row],[ct2]],Table0145[[CT2]:[THỰC NHẬN]],2,0)),0))+(IFERROR((VLOOKUP(Table1[[#This Row],[ct2]],Table01456[[CT2]:[THỰC NHẬN]],2,0)),0))-Table1[[#This Row],[Số lượng]] -> 0
A8: =DAY(C8)&Table1[[#This Row],[Bộ phận]]&Table1[[#This Row],[Mã hàng]] -> 1TSG01NL300098 | B8: =COUNTIF($A$5:A8,A8)&A8 -> 11TSG01NL300098 | C8: 46023 | D8: HD | E8: 2601TSG011 | G8: 1 | H8: NCC100186 | I8: CÔNG TY TNHH NÔNG SẢN THỰC PHẨM TRẦN GIA | J8: TSG01 - Nhập hàng mua ngày 01/01/2026 | K8: NL300098 | L8: Nấm Linh Chi trắng | M8: kg | N8: 10 | O8: 95000 | P8: 0 | Q8: 950000 | R8: 0 | S8: 95000 | T8: TSG.01 | U8: 3311 | W8: TSG01 | Y8: KHAINN | Z8: KHAINN | AA8: =IFERROR((VLOOKUP(Table1[[#This Row],[ct2]],Table01[[CT2]:[THỰC NHẬN]],2,0)),0)+(IFERROR((VLOOKUP(Table1[[#This Row],[ct2]],Table014[[CT2]:[THỰC NHẬN]],2,0)),0))+(IFERROR((VLOOKUP(Table1[[#This Row],[ct2]],Table0145[[CT2]:[THỰC NHẬN]],2,0)),0))+(IFERROR((VLOOKUP(Table1[[#This Row],[ct2]],Table01456[[CT2]:[THỰC NHẬN]],2,0)),0))-Table1[[#This Row],[Số lượng]] -> 0
A9: =DAY(C9)&Table1[[#This Row],[Bộ phận]]&Table1[[#This Row],[Mã hàng]] -> 1TSG01NL300013 | B9: =COUNTIF($A$5:A9,A9)&A9 -> 11TSG01NL300013 | C9: 46023 | D9: HD | E9: 2601TSG011 | G9: 1 | H9: NCC100186 | I9: CÔNG TY TNHH NÔNG SẢN THỰC PHẨM TRẦN GIA | J9: TSG01 - Nhập hàng mua ngày 01/01/2026 | K9: NL300013 | L9: Cà chua | M9: kg | N9: 2 | O9: 50000 | P9: 0 | Q9: 100000 | R9: 0 | S9: 50000 | T9: TSG.01 | U9: 3311 | W9: TSG01 | Y9: KHAINN | Z9: KHAINN | AA9: =IFERROR((VLOOKUP(Table1[[#This Row],[ct2]],Table01[[CT2]:[THỰC NHẬN]],2,0)),0)+(IFERROR((VLOOKUP(Table1[[#This Row],[ct2]],Table014[[CT2]:[THỰC NHẬN]],2,0)),0))+(IFERROR((VLOOKUP(Table1[[#This Row],[ct2]],Table0145[[CT2]:[THỰC NHẬN]],2,0)),0))+(IFERROR((VLOOKUP(Table1[[#This Row],[ct2]],Table01456[[CT2]:[THỰC NHẬN]],2,0)),0))-Table1[[#This Row],[Số lượng]] -> 0
A10: =DAY(C10)&Table1[[#This Row],[Bộ phận]]&Table1[[#This Row],[Mã hàng]] -> 1TSG01NL300022 | B10: =COUNTIF($A$5:A10,A10)&A10 -> 11TSG01NL300022 | C10: 46023 | D10: HD | E10: 2601TSG011 | G10: 1 | H10: NCC100186 | I10: CÔNG TY TNHH NÔNG SẢN THỰC PHẨM TRẦN GIA | J10: TSG01 - Nhập hàng mua ngày 01/01/2026 | K10: NL300022 | L10: Cải thảo | M10: kg | N10: 9.5 | O10: 18000 | P10: 0 | Q10: 171000 | R10: 0 | S10: 18000 | T10: TSG.01 | U10: 3311 | W10: TSG01 | Y10: KHAINN | Z10: KHAINN | AA10: =IFERROR((VLOOKUP(Table1[[#This Row],[ct2]],Table01[[CT2]:[THỰC NHẬN]],2,0)),0)+(IFERROR((VLOOKUP(Table1[[#This Row],[ct2]],Table014[[CT2]:[THỰC NHẬN]],2,0)),0))+(IFERROR((VLOOKUP(Table1[[#This Row],[ct2]],Table0145[[CT2]:[THỰC NHẬN]],2,0)),0))+(IFERROR((VLOOKUP(Table1[[#This Row],[ct2]],Table01456[[CT2]:[THỰC NHẬN]],2,0)),0))-Table1[[#This Row],[Số lượng]] -> 0
A11: =DAY(C11)&Table1[[#This Row],[Bộ phận]]&Table1[[#This Row],[Mã hàng]] -> 1TSG01NL300033 | B11: =COUNTIF($A$5:A11,A11)&A11 -> 11TSG01NL300033 | C11: 46023 | D11: HD | E11: 2601TSG011 | G11: 1 | H11: NCC100186 | I11: CÔNG TY TNHH NÔNG SẢN THỰC PHẨM TRẦN GIA | J11: TSG01 - Nhập hàng mua ngày 01/01/2026 | K11: NL300033 | L11: Củ cải trắng | M11: kg | N11: 1.2 | O11: 13000 | P11: 0 | Q11: 15600 | R11: 0 | S11: 13000 | T11: TSG.01 | U11: 3311 | W11: TSG01 | Y11: KHAINN | Z11: KHAINN | AA11: =IFERROR((VLOOKUP(Table1[[#This Row],[ct2]],Table01[[CT2]:[THỰC NHẬN]],2,0)),0)+(IFERROR((VLOOKUP(Table1[[#This Row],[ct2]],Table014[[CT2]:[THỰC NHẬN]],2,0)),0))+(IFERROR((VLOOKUP(Table1[[#This Row],[ct2]],Table0145[[CT2]:[THỰC NHẬN]],2,0)),0))+(IFERROR((VLOOKUP(Table1[[#This Row],[ct2]],Table01456[[CT2]:[THỰC NHẬN]],2,0)),0))-Table1[[#This Row],[Số lượng]] -> 0
A12: =DAY(C12)&Table1[[#This Row],[Bộ phận]]&Table1[[#This Row],[Mã hàng]] -> 1TSG01NL300036 | B12: =COUNTIF($A$5:A12,A12)&A12 -> 11TSG01NL300036 | C12: 46023 | D12: HD | E12: 2601TSG011 | G12: 1 | H12: NCC100186 | I12: CÔNG TY TNHH NÔNG SẢN THỰC PHẨM TRẦN GIA | J12: TSG01 - Nhập hàng mua ngày 01/01/2026 | K12: NL300036 | L12: Củ sen | M12: kg | N12: 1.8 | O12: 47000 | P12: 0 | Q12: 84600 | R12: 0 | S12: 47000 | T12: TSG.01 | U12: 3311 | W12: TSG01 | Y12: KHAINN | Z12: KHAINN | AA12: =IFERROR((VLOOKUP(Table1[[#This Row],[ct2]],Table01[[CT2]:[THỰC NHẬN]],2,0)),0)+(IFERROR((VLOOKUP(Table1[[#This Row],[ct2]],Table014[[CT2]:[THỰC NHẬN]],2,0)),0))+(IFERROR((VLOOKUP(Table1[[#This Row],[ct2]],Table0145[[CT2]:[THỰC NHẬN]],2,0)),0))+(IFERROR((VLOOKUP(Table1[[#This Row],[ct2]],Table01456[[CT2]:[THỰC NHẬN]],2,0)),0))-Table1[[#This Row],[Số lượng]] -> 0
A13: =DAY(C13)&Table1[[#This Row],[Bộ phận]]&Table1[[#This Row],[Mã hàng]] -> 1TSG01NL300058 | B13: =COUNTIF($A$5:A13,A13)&A13 -> 11TSG01NL300058 | C13: 46023 | D13: HD | E13: 2601TSG011 | G13: 1 | H13: NCC100186 | I13: CÔNG TY TNHH NÔNG SẢN THỰC PHẨM TRẦN GIA | J13: TSG01 - Nhập hàng mua ngày 01/01/2026 | K13: NL300058 | L13: Hành lá | M13: kg | N13: 1 | O13: 55000 | P13: 0 | Q13: 55000 | R13: 0 | S13: 55000 | T13: TSG.01 | U13: 3311 | W13: TSG01 | Y13: KHAINN | Z13: KHAINN | AA13: =IFERROR((VLOOKUP(Table1[[#This Row],[ct2]],Table01[[CT2]:[THỰC NHẬN]],2,0)),0)+(IFERROR((VLOOKUP(Table1[[#This Row],[ct2]],Table014[[CT2]:[THỰC NHẬN]],2,0)),0))+(IFERROR((VLOOKUP(Table1[[#This Row],[ct2]],Table0145[[CT2]:[THỰC NHẬN]],2,0)),0))+(IFERROR((VLOOKUP(Table1[[#This Row],[ct2]],Table01456[[CT2]:[THỰC NHẬN]],2,0)),0))-Table1[[#This Row],[Số lượng]] -> 0
A14: =DAY(C14)&Table1[[#This Row],[Bộ phận]]&Table1[[#This Row],[Mã hàng]] -> 1TSG01NL300074 | B14: =COUNTIF($A$5:A14,A14)&A14 -> 11TSG01NL300074 | C14: 46023 | D14: HD | E14: 2601TSG011 | G14: 1 | H14: NCC100186 | I14: CÔNG TY TNHH NÔNG SẢN THỰC PHẨM TRẦN GIA | J14: TSG01 - Nhập hàng mua ngày 01/01/2026 | K14: NL300074 | L14: Lá chuối | M14: kg | N14: 1.2 | O14: 18000 | P14: 0 | Q14: 21600 | R14: 0 | S14: 18000 | T14: TSG.01 | U14: 3311 | W14: TSG01 | Y14: KHAINN | Z14: KHAINN | AA14: =IFERROR((VLOOKUP(Table1[[#This Row],[ct2]],Table01[[CT2]:[THỰC NHẬN]],2,0)),0)+(IFERROR((VLOOKUP(Table1[[#This Row],[ct2]],Table014[[CT2]:[THỰC NHẬN]],2,0)),0))+(IFERROR((VLOOKUP(Table1[[#This Row],[ct2]],Table0145[[CT2]:[THỰC NHẬN]],2,0)),0))+(IFERROR((VLOOKUP(Table1[[#This Row],[ct2]],Table01456[[CT2]:[THỰC NHẬN]],2,0)),0))-Table1[[#This Row],[Số lượng]] -> 0
A15: =DAY(C15)&Table1[[#This Row],[Bộ phận]]&Table1[[#This Row],[Mã hàng]] -> 1TSG01NL300085 | B15: =COUNTIF($A$5:A15,A15)&A15 -> 11TSG01NL300085 | C15: 46023 | D15: HD | E15: 2601TSG011 | G15: 1 | H15: NCC100186 | I15: CÔNG TY TNHH NÔNG SẢN THỰC PHẨM TRẦN GIA | J15: TSG01 - Nhập hàng mua ngày 01/01/2026 | K15: NL300085 | L15: Mùi ta ( Ngò rí ) | M15: kg | N15: 1.2 | O15: 45000 | P15: 0 | Q15: 54000 | R15: 0 | S15: 45000 | T15: TSG.01 | U15: 3311 | W15: TSG01 | Y15: KHAINN | Z15: KHAINN | AA15: =IFERROR((VLOOKUP(Table1[[#This Row],[ct2]],Table01[[CT2]:[THỰC NHẬN]],2,0)),0)+(IFERROR((VLOOKUP(Table1[[#This Row],[ct2]],Table014[[CT2]:[THỰC NHẬN]],2,0)),0))+(IFERROR((VLOOKUP(Table1[[#This Row],[ct2]],Table0145[[CT2]:[THỰC NHẬN]],2,0)),0))+(IFERROR((VLOOKUP(Table1[[#This Row],[ct2]],Table01456[[CT2]:[THỰC NHẬN]],2,0)),0))-Table1[[#This Row],[Số lượng]] -> 0
A16: =DAY(C16)&Table1[[#This Row],[Bộ phận]]&Table1[[#This Row],[Mã hàng]] -> 1TSG01NL300096 | B16: =COUNTIF($A$5:A16,A16)&A16 -> 11TSG01NL300096 | C16: 46023 | D16: HD | E16: 2601TSG011 | G16: 1 | H16: NCC100186 | I16: CÔNG TY TNHH NÔNG SẢN THỰC PHẨM TRẦN GIA | J16: TSG01 - Nhập hàng mua ngày 01/01/2026 | K16: NL300096 | L16: Nấm kim châm tươi | M16: kg | N16: 4 | O16: 45000 | P16: 0 | Q16: 180000 | R16: 0 | S16: 45000 | T16: TSG.01 | U16: 3311 | W16: TSG01 | Y16: KHAINN | Z16: KHAINN | AA16: =IFERROR((VLOOKUP(Table1[[#This Row],[ct2]],Table01[[CT2]:[THỰC NHẬN]],2,0)),0)+(IFERROR((VLOOKUP(Table1[[#This Row],[ct2]],Table014[[CT2]:[THỰC NHẬN]],2,0)),0))+(IFERROR((VLOOKUP(Table1[[#This Row],[ct2]],Table0145[[CT2]:[THỰC NHẬN]],2,0)),0))+(IFERROR((VLOOKUP(Table1[[#This Row],[ct2]],Table01456[[CT2]:[THỰC NHẬN]],2,0)),0))-Table1[[#This Row],[Số lượng]] -> 0
... A1177: =DAY(C1177)&Table1[[#This Row],[Bộ phận]]&Table1[[#This Row],[Mã hàng]] -> 15TSG09NL300113 | B1177: =COUNTIF($A$5:A1177,A1177)&A1177 -> 115TSG09NL300113 | C1177: 46037 | D1177: HD | E1177: 2601TSG09122 | G1177: 1 | H1177: NCC100186 | I1177: CÔNG TY TNHH NÔNG SẢN THỰC PHẨM TRẦN GIA | J1177: TSG09 - Nhập hàng mua ngày 15/01/2026 | K1177: NL300113 | L1177: Ớt hiểm đỏ | M1177: kg | N1177: 1 | O1177: 145000 | P1177: 0 | Q1177: 145000 | R1177: 0 | S1177: 145000 | T1177: TSG.09 | U1177: 3311 | W1177: TSG09 | Y1177: KHAINN | Z1177: KHAINN | AA1177: =IFERROR((VLOOKUP(Table1[[#This Row],[ct2]],Table01[[CT2]:[THỰC NHẬN]],2,0)),0)+(IFERROR((VLOOKUP(Table1[[#This Row],[ct2]],Table014[[CT2]:[THỰC NHẬN]],2,0)),0))+(IFERROR((VLOOKUP(Table1[[#This Row],[ct2]],Table0145[[CT2]:[THỰC NHẬN]],2,0)),0))+(IFERROR((VLOOKUP(Table1[[#This Row],[ct2]],Table01456[[CT2]:[THỰC NHẬN]],2,0)),0))-Table1[[#This Row],[Số lượng]] -> 0
A1178: =DAY(C1178)&Table1[[#This Row],[Bộ phận]]&Table1[[#This Row],[Mã hàng]] -> 0 | B1178: =COUNTIF($A$5:A1178,A1178)&A1178 -> 10 | AA1178: =IFERROR((VLOOKUP(Table1[[#This Row],[ct2]],Table01[[CT2]:[THỰC NHẬN]],2,0)),0)+(IFERROR((VLOOKUP(Table1[[#This Row],[ct2]],Table014[[CT2]:[THỰC NHẬN]],2,0)),0))+(IFERROR((VLOOKUP(Table1[[#This Row],[ct2]],Table0145[[CT2]:[THỰC NHẬN]],2,0)),0))+(IFERROR((VLOOKUP(Table1[[#This Row],[ct2]],Table01456[[CT2]:[THỰC NHẬN]],2,0)),0))-Table1[[#This Row],[Số lượng]] -> 0
A1179: =DAY(C1179)&Table1[[#This Row],[Bộ phận]]&Table1[[#This Row],[Mã hàng]] -> 0 | B1179: =COUNTIF($A$5:A1179,A1179)&A1179 -> 20 | AA1179: =IFERROR((VLOOKUP(Table1[[#This Row],[ct2]],Table01[[CT2]:[THỰC NHẬN]],2,0)),0)+(IFERROR((VLOOKUP(Table1[[#This Row],[ct2]],Table014[[CT2]:[THỰC NHẬN]],2,0)),0))+(IFERROR((VLOOKUP(Table1[[#This Row],[ct2]],Table0145[[CT2]:[THỰC NHẬN]],2,0)),0))+(IFERROR((VLOOKUP(Table1[[#This Row],[ct2]],Table01456[[CT2]:[THỰC NHẬN]],2,0)),0))-Table1[[#This Row],[Số lượng]] -> 0
A1180: =DAY(C1180)&Table1[[#This Row],[Bộ phận]]&Table1[[#This Row],[Mã hàng]] -> 0 | B1180: =COUNTIF($A$5:A1180,A1180)&A1180 -> 30 | AA1180: =IFERROR((VLOOKUP(Table1[[#This Row],[ct2]],Table01[[CT2]:[THỰC NHẬN]],2,0)),0)+(IFERROR((VLOOKUP(Table1[[#This Row],[ct2]],Table014[[CT2]:[THỰC NHẬN]],2,0)),0))+(IFERROR((VLOOKUP(Table1[[#This Row],[ct2]],Table0145[[CT2]:[THỰC NHẬN]],2,0)),0))+(IFERROR((VLOOKUP(Table1[[#This Row],[ct2]],Table01456[[CT2]:[THỰC NHẬN]],2,0)),0))-Table1[[#This Row],[Số lượng]] -> 0
A1181: =DAY(C1181)&Table1[[#This Row],[Bộ phận]]&Table1[[#This Row],[Mã hàng]] -> 0 | B1181: =COUNTIF($A$5:A1181,A1181)&A1181 -> 40 | AA1181: =IFERROR((VLOOKUP(Table1[[#This Row],[ct2]],Table01[[CT2]:[THỰC NHẬN]],2,0)),0)+(IFERROR((VLOOKUP(Table1[[#This Row],[ct2]],Table014[[CT2]:[THỰC NHẬN]],2,0)),0))+(IFERROR((VLOOKUP(Table1[[#This Row],[ct2]],Table0145[[CT2]:[THỰC NHẬN]],2,0)),0))+(IFERROR((VLOOKUP(Table1[[#This Row],[ct2]],Table01456[[CT2]:[THỰC NHẬN]],2,0)),0))-Table1[[#This Row],[Số lượng]] -> 0
A1182: =DAY(C1182)&Table1[[#This Row],[Bộ phận]]&Table1[[#This Row],[Mã hàng]] -> 0 | B1182: =COUNTIF($A$5:A1182,A1182)&A1182 -> 50 | AA1182: =IFERROR((VLOOKUP(Table1[[#This Row],[ct2]],Table01[[CT2]:[THỰC NHẬN]],2,0)),0)+(IFERROR((VLOOKUP(Table1[[#This Row],[ct2]],Table014[[CT2]:[THỰC NHẬN]],2,0)),0))+(IFERROR((VLOOKUP(Table1[[#This Row],[ct2]],Table0145[[CT2]:[THỰC NHẬN]],2,0)),0))+(IFERROR((VLOOKUP(Table1[[#This Row],[ct2]],Table01456[[CT2]:[THỰC NHẬN]],2,0)),0))-Table1[[#This Row],[Số lượng]] -> 0
A1183: =DAY(C1183)&Table1[[#This Row],[Bộ phận]]&Table1[[#This Row],[Mã hàng]] -> 0 | B1183: =COUNTIF($A$5:A1183,A1183)&A1183 -> 60 | AA1183: =IFERROR((VLOOKUP(Table1[[#This Row],[ct2]],Table01[[CT2]:[THỰC NHẬN]],2,0)),0)+(IFERROR((VLOOKUP(Table1[[#This Row],[ct2]],Table014[[CT2]:[THỰC NHẬN]],2,0)),0))+(IFERROR((VLOOKUP(Table1[[#This Row],[ct2]],Table0145[[CT2]:[THỰC NHẬN]],2,0)),0))+(IFERROR((VLOOKUP(Table1[[#This Row],[ct2]],Table01456[[CT2]:[THỰC NHẬN]],2,0)),0))-Table1[[#This Row],[Số lượng]] -> 0
A1184: =DAY(C1184)&Table1[[#This Row],[Bộ phận]]&Table1[[#This Row],[Mã hàng]] -> 0 | B1184: =COUNTIF($A$5:A1184,A1184)&A1184 -> 70 | AA1184: =IFERROR((VLOOKUP(Table1[[#This Row],[ct2]],Table01[[CT2]:[THỰC NHẬN]],2,0)),0)+(IFERROR((VLOOKUP(Table1[[#This Row],[ct2]],Table014[[CT2]:[THỰC NHẬN]],2,0)),0))+(IFERROR((VLOOKUP(Table1[[#This Row],[ct2]],Table0145[[CT2]:[THỰC NHẬN]],2,0)),0))+(IFERROR((VLOOKUP(Table1[[#This Row],[ct2]],Table01456[[CT2]:[THỰC NHẬN]],2,0)),0))-Table1[[#This Row],[Số lượng]] -> 0
A1185: =DAY(C1185)&Table1[[#This Row],[Bộ phận]]&Table1[[#This Row],[Mã hàng]] -> 0 | B1185: =COUNTIF($A$5:A1185,A1185)&A1185 -> 80 | AA1185: =IFERROR((VLOOKUP(Table1[[#This Row],[ct2]],Table01[[CT2]:[THỰC NHẬN]],2,0)),0)+(IFERROR((VLOOKUP(Table1[[#This Row],[ct2]],Table014[[CT2]:[THỰC NHẬN]],2,0)),0))+(IFERROR((VLOOKUP(Table1[[#This Row],[ct2]],Table0145[[CT2]:[THỰC NHẬN]],2,0)),0))+(IFERROR((VLOOKUP(Table1[[#This Row],[ct2]],Table01456[[CT2]:[THỰC NHẬN]],2,0)),0))-Table1[[#This Row],[Số lượng]] -> 0
A1186: =DAY(C1186)&Table1[[#This Row],[Bộ phận]]&Table1[[#This Row],[Mã hàng]] -> 0 | B1186: =COUNTIF($A$5:A1186,A1186)&A1186 -> 90 | AA1186: =IFERROR((VLOOKUP(Table1[[#This Row],[ct2]],Table01[[CT2]:[THỰC NHẬN]],2,0)),0)+(IFERROR((VLOOKUP(Table1[[#This Row],[ct2]],Table014[[CT2]:[THỰC NHẬN]],2,0)),0))+(IFERROR((VLOOKUP(Table1[[#This Row],[ct2]],Table0145[[CT2]:[THỰC NHẬN]],2,0)),0))+(IFERROR((VLOOKUP(Table1[[#This Row],[ct2]],Table01456[[CT2]:[THỰC NHẬN]],2,0)),0))-Table1[[#This Row],[Số lượng]] -> 0
A1187: =DAY(C1187)&Table1[[#This Row],[Bộ phận]]&Table1[[#This Row],[Mã hàng]] -> 0 | B1187: =COUNTIF($A$5:A1187,A1187)&A1187 -> 100 | AA1187: =IFERROR((VLOOKUP(Table1[[#This Row],[ct2]],Table01[[CT2]:[THỰC NHẬN]],2,0)),0)+(IFERROR((VLOOKUP(Table1[[#This Row],[ct2]],Table014[[CT2]:[THỰC NHẬN]],2,0)),0))+(IFERROR((VLOOKUP(Table1[[#This Row],[ct2]],Table0145[[CT2]:[THỰC NHẬN]],2,0)),0))+(IFERROR((VLOOKUP(Table1[[#This Row],[ct2]],Table01456[[CT2]:[THỰC NHẬN]],2,0)),0))-Table1[[#This Row],[Số lượng]] -> 0
A1188: =DAY(C1188)&Table1[[#This Row],[Bộ phận]]&Table1[[#This Row],[Mã hàng]] -> 0 | B1188: =COUNTIF($A$5:A1188,A1188)&A1188 -> 110 | AA1188: =IFERROR((VLOOKUP(Table1[[#This Row],[ct2]],Table01[[CT2]:[THỰC NHẬN]],2,0)),0)+(IFERROR((VLOOKUP(Table1[[#This Row],[ct2]],Table014[[CT2]:[THỰC NHẬN]],2,0)),0))+(IFERROR((VLOOKUP(Table1[[#This Row],[ct2]],Table0145[[CT2]:[THỰC NHẬN]],2,0)),0))+(IFERROR((VLOOKUP(Table1[[#This Row],[ct2]],Table01456[[CT2]:[THỰC NHẬN]],2,0)),0))-Table1[[#This Row],[Số lượng]] -> 0
A1189: =DAY(C1189)&Table1[[#This Row],[Bộ phận]]&Table1[[#This Row],[Mã hàng]] -> 0 | B1189: =COUNTIF($A$5:A1189,A1189)&A1189 -> 120 | AA1189: =IFERROR((VLOOKUP(Table1[[#This Row],[ct2]],Table01[[CT2]:[THỰC NHẬN]],2,0)),0)+(IFERROR((VLOOKUP(Table1[[#This Row],[ct2]],Table014[[CT2]:[THỰC NHẬN]],2,0)),0))+(IFERROR((VLOOKUP(Table1[[#This Row],[ct2]],Table0145[[CT2]:[THỰC NHẬN]],2,0)),0))+(IFERROR((VLOOKUP(Table1[[#This Row],[ct2]],Table01456[[CT2]:[THỰC NHẬN]],2,0)),0))-Table1[[#This Row],[Số lượng]] -> 0
... A4999: =DAY(C4999)&Table1[[#This Row],[Bộ phận]]&Table1[[#This Row],[Mã hàng]] -> 0 | B4999: =COUNTIF($A$5:A4999,A4999)&A4999 -> 38220 | AA4999: =IFERROR((VLOOKUP(Table1[[#This Row],[ct2]],Table01[[CT2]:[THỰC NHẬN]],2,0)),0)+(IFERROR((VLOOKUP(Table1[[#This Row],[ct2]],Table014[[CT2]:[THỰC NHẬN]],2,0)),0))+(IFERROR((VLOOKUP(Table1[[#This Row],[ct2]],Table0145[[CT2]:[THỰC NHẬN]],2,0)),0))+(IFERROR((VLOOKUP(Table1[[#This Row],[ct2]],Table01456[[CT2]:[THỰC NHẬN]],2,0)),0))-Table1[[#This Row],[Số lượng]] -> 0

Sheet MÃ 
A1: TRẦN GIA | D1: FAST | J1: fast | K1: ncc
A2: Trứng gà | D2: NL100100 | E2: =VLOOKUP(D2,[1]FAST!$A$2:$C$4520,2,0) -> Trứng gà | F2: =VLOOKUP(D2,[1]FAST!$A$2:$C$4520,3,0) -> quả | I2: tsg01 | J2: ='tsg1'!U5 -> 47972750 | K2: ='tsg1'!M5 -> 50171740 | L2: =J2-K2 -> -2198990
A3: Trứng vịt muối | B3: =VLOOKUP(A3,'[1]BÁO CÁO CÔNG NỢ_KIỂM TRA_ĐIỀU C'!J143:K532,2,0) -> Quả | D3: NL100101 | E3: =VLOOKUP(D3,[1]FAST!$A$2:$C$4520,2,0) -> Trứng vịt muối | F3: =VLOOKUP(D3,[1]FAST!$A$2:$C$4520,3,0) -> quả | I3: tsg06 | J3: =#REF! -> #REF! | K3: =#REF! -> #REF! | L3: =J3-K3 -> #REF!
A4: Chả lụa chay | D4: NL100153 | E4: =VLOOKUP(D4,[1]FAST!$A$2:$C$4520,2,0) -> Chả Lụa Chay | F4: =VLOOKUP(D4,[1]FAST!$A$2:$C$4520,3,0) -> kg | I4: tsg08 | J4: =#REF! -> #REF! | K4: =#REF! -> #REF! | L4: =J4-K4 -> #REF!
A5: Hành phi | D5: NL200008 | E5: =VLOOKUP(D5,[1]FAST!$A$2:$C$4520,2,0) -> Hành phi sẵn | F5: =VLOOKUP(D5,[1]FAST!$A$2:$C$4520,3,0) -> kg | I5: tsg09 | J5: =#REF! -> #REF! | K5: =#REF! -> #REF! | L5: =J5-K5 -> #REF!
A6: Me Vắt | D6: NL200143 | E6: =VLOOKUP(D6,[1]FAST!$A$2:$C$4520,2,0) -> Me vàng | F6: =VLOOKUP(D6,[1]FAST!$A$2:$C$4520,3,0) -> kg
A7: Nấm mèo | D7: NL200147 | E7: =VLOOKUP(D7,[1]FAST!$A$2:$C$4520,2,0) -> Mộc nhĩ ( Nấm mèo) | F7: =VLOOKUP(D7,[1]FAST!$A$2:$C$4520,3,0) -> kg
A8: Nấm đông cô khô | B8: Kg | D8: NL200158 | E8: =VLOOKUP(D8,[1]FAST!$A$2:$C$4520,2,0) -> Nấm hương (Nấm đông cô khô) | F8: =VLOOKUP(D8,[1]FAST!$A$2:$C$4520,3,0) -> kg
A9: Đậu Hà Lan | D9: NL200314 | E9: =VLOOKUP(D9,[1]FAST!$A$2:$C$4520,2,0) -> Đậu Hà lan đông lạnh | F9: =VLOOKUP(D9,[1]FAST!$A$2:$C$4520,3,0) -> kg
A10: Miến dong | D10: NL200324 | E10: =VLOOKUP(D10,[1]FAST!$A$2:$C$4520,2,0) -> Miến | F10: =VLOOKUP(D10,[1]FAST!$A$2:$C$4520,3,0) -> kg
A11: Bánh phở | D11: NL300002 | E11: =VLOOKUP(D11,[1]FAST!$A$2:$C$4520,2,0) -> Bánh phở | F11: =VLOOKUP(D11,[1]FAST!$A$2:$C$4520,3,0) -> kg
A12: Bắp cải tím | D12: NL300003 | E12: =VLOOKUP(D12,[1]FAST!$A$2:$C$4520,2,0) -> Bắp cải tím | F12: =VLOOKUP(D12,[1]FAST!$A$2:$C$4520,3,0) -> kg
A13: Bắp cải trắng | B13: =VLOOKUP(A13,'[1]BÁO CÁO CÔNG NỢ_KIỂM TRA_ĐIỀU C'!J17:K406,2,0) -> Kg | D13: NL300004 | E13: =VLOOKUP(D13,[1]FAST!$A$2:$C$4520,2,0) -> Bắp cải trắng | F13: =VLOOKUP(D13,[1]FAST!$A$2:$C$4520,3,0) -> kg
A14: Bí đỏ hồ lô | B14: =VLOOKUP(A14,'[1]BÁO CÁO CÔNG NỢ_KIỂM TRA_ĐIỀU C'!J158:K547,2,0) -> Kg | D14: NL300007 | E14: =VLOOKUP(D14,[1]FAST!$A$2:$C$4520,2,0) -> Bí đỏ | F14: =VLOOKUP(D14,[1]FAST!$A$2:$C$4520,3,0) -> kg
A15: Bí ngòi xanh | B15: =VLOOKUP(A15,'[1]BÁO CÁO CÔNG NỢ_KIỂM TRA_ĐIỀU C'!J126:K515,2,0) -> Kg | D15: NL300008 | E15: =VLOOKUP(D15,[1]FAST!$A$2:$C$4520,2,0) -> Bí ngòi | F15: =VLOOKUP(D15,[1]FAST!$A$2:$C$4520,3,0) -> kg
A16: Bí nụ | D16: NL300009 | E16: =VLOOKUP(D16,[1]FAST!$A$2:$C$4520,2,0) -> Bí nụ | F16: =VLOOKUP(D16,[1]FAST!$A$2:$C$4520,3,0) -> kg
A17: Bún nhỏ | D17: NL300012 | E17: =VLOOKUP(D17,[1]FAST!$A$2:$C$4520,2,0) -> Bún | F17: =VLOOKUP(D17,[1]FAST!$A$2:$C$4520,3,0) -> kg
A18: Cà chua | D18: NL300013 | E18: =VLOOKUP(D18,[1]FAST!$A$2:$C$4520,2,0) -> Cà chua | F18: =VLOOKUP(D18,[1]FAST!$A$2:$C$4520,3,0) -> kg
A19: Cà chua bi | D19: NL300014 | E19: =VLOOKUP(D19,[1]FAST!$A$2:$C$4520,2,0) -> Cà chua bi | F19: =VLOOKUP(D19,[1]FAST!$A$2:$C$4520,3,0) -> kg
A20: Bông cải xanh Baby | D20: NL300015 | E20: =VLOOKUP(D20,[1]FAST!$A$2:$C$4520,2,0) -> Bông cải xanh Baby | F20: =VLOOKUP(D20,[1]FAST!$A$2:$C$4520,3,0) -> kg
A21: Tần ô | D21: NL300018 | E21: =VLOOKUP(D21,[1]FAST!$A$2:$C$4520,2,0) -> Cải cúc | F21: =VLOOKUP(D21,[1]FAST!$A$2:$C$4520,3,0) -> kg
A22: Cải Hongkong(Cai ngong) | B22: =VLOOKUP(A22,'[1]BÁO CÁO CÔNG NỢ_KIỂM TRA_ĐIỀU C'!J130:K519,2,0) -> Kg | D22: NL300020 | E22: =VLOOKUP(D22,[1]FAST!$A$2:$C$4520,2,0) -> Cải ngồng | F22: =VLOOKUP(D22,[1]FAST!$A$2:$C$4520,3,0) -> kg
A23: Cải thảo | D23: NL300022 | E23: =VLOOKUP(D23,[1]FAST!$A$2:$C$4520,2,0) -> Cải thảo | F23: =VLOOKUP(D23,[1]FAST!$A$2:$C$4520,3,0) -> kg
A24: Cần tây | B24: =VLOOKUP(A24,'[1]BÁO CÁO CÔNG NỢ_KIỂM TRA_ĐIỀU C'!J29:K418,2,0) -> Kg | D24: NL300025 | E24: =VLOOKUP(D24,[1]FAST!$A$2:$C$4520,2,0) -> Rau cần tây | F24: =VLOOKUP(D24,[1]FAST!$A$2:$C$4520,3,0) -> kg
A25: Cà rốt | D25: NL300027 | E25: =VLOOKUP(D25,[1]FAST!$A$2:$C$4520,2,0) -> Cà rốt | F25: =VLOOKUP(D25,[1]FAST!$A$2:$C$4520,3,0) -> kg
A26: Cà rốt baby | B26: =VLOOKUP(A26,'[1]BÁO CÁO CÔNG NỢ_KIỂM TRA_ĐIỀU C'!J129:K518,2,0) -> Kg | D26: NL300028 | E26: =VLOOKUP(D26,[1]FAST!$A$2:$C$4520,2,0) -> Cà rốt baby | F26: =VLOOKUP(D26,[1]FAST!$A$2:$C$4520,3,0) -> kg
A27: Chanh không hạt | B27: =VLOOKUP(A27,'[1]BÁO CÁO CÔNG NỢ_KIỂM TRA_ĐIỀU C'!J160:K549,2,0) -> Kg | D27: NL300029 | E27: =VLOOKUP(D27,[1]FAST!$A$2:$C$4520,2,0) -> Chanh | F27: =VLOOKUP(D27,[1]FAST!$A$2:$C$4520,3,0) -> kg
A28: Chanh ko hạt | D28: NL300029 | E28: =VLOOKUP(D28,[1]FAST!$A$2:$C$4520,2,0) -> Chanh | F28: =VLOOKUP(D28,[1]FAST!$A$2:$C$4520,3,0) -> kg
A29: Chanh Dây | B29: =VLOOKUP(A29,'[1]BÁO CÁO CÔNG NỢ_KIỂM TRA_ĐIỀU C'!J96:K485,2,0) -> Kg | D29: NL300030 | E29: =VLOOKUP(D29,[1]FAST!$A$2:$C$4520,2,0) -> Chanh dây (chanh leo) | F29: =VLOOKUP(D29,[1]FAST!$A$2:$C$4520,3,0) -> kg
A30: Củ cải trắng (Loại 1) | D30: NL300033 | E30: =VLOOKUP(D30,[1]FAST!$A$2:$C$4520,2,0) -> Củ cải trắng | F30: =VLOOKUP(D30,[1]FAST!$A$2:$C$4520,3,0) -> kg
A31: Củ cải đỏ (Radis) | D31: NL300034 | E31: =VLOOKUP(D31,[1]FAST!$A$2:$C$4520,2,0) -> Củ cải đỏ | F31: =VLOOKUP(D31,[1]FAST!$A$2:$C$4520,3,0) -> kg
A32: Củ riềng | B32: =VLOOKUP(A32,'[1]BÁO CÁO CÔNG NỢ_KIỂM TRA_ĐIỀU C'!J187:K576,2,0) -> Kg | D32: NL300035 | E32: =VLOOKUP(D32,[1]FAST!$A$2:$C$4520,2,0) -> Củ riềng | F32: =VLOOKUP(D32,[1]FAST!$A$2:$C$4520,3,0) -> kg
A33: Củ sen | B33: =VLOOKUP(A33,'[1]BÁO CÁO CÔNG NỢ_KIỂM TRA_ĐIỀU C'!J183:K572,2,0) -> Kg | D33: NL300036 | E33: =VLOOKUP(D33,[1]FAST!$A$2:$C$4520,2,0) -> Củ sen | F33: =VLOOKUP(D33,[1]FAST!$A$2:$C$4520,3,0) -> kg
A34: Đậu hủ miếng trắng | D34: NL300037 | E34: =VLOOKUP(D34,[1]FAST!$A$2:$C$4520,2,0) -> Đậu phụ | F34: =VLOOKUP(D34,[1]FAST!$A$2:$C$4520,3,0) -> miếng
A35: Đậu bắp | B35: =VLOOKUP(A35,'[1]BÁO CÁO CÔNG NỢ_KIỂM TRA_ĐIỀU C'!J33:K422,2,0) -> Kg | D35: NL300038 | E35: =VLOOKUP(D35,[1]FAST!$A$2:$C$4520,2,0) -> Đậu bắp | F35: =VLOOKUP(D35,[1]FAST!$A$2:$C$4520,3,0) -> kg
A36: Đậu hủ trắng cây Ichiban 220gr | D36: NL300041 | E36: =VLOOKUP(D36,[1]FAST!$A$2:$C$4520,2,0) -> Đậu hủ non trứng | F36: =VLOOKUP(D36,[1]FAST!$A$2:$C$4520,3,0) -> Cái
A37: Đậu hủ trứng cây Ichiban 220gr | D37: NL300041 | E37: =VLOOKUP(D37,[1]FAST!$A$2:$C$4520,2,0) -> Đậu hủ non trứng | F37: =VLOOKUP(D37,[1]FAST!$A$2:$C$4520,3,0) -> Cái
A38: Đậu hủ trứng CP 220gr | B38: =VLOOKUP(A38,'[1]BÁO CÁO CÔNG NỢ_KIỂM TRA_ĐIỀU C'!J36:K425,2,0) -> Cây | D38: NL300041 | E38: =VLOOKUP(D38,[1]FAST!$A$2:$C$4520,2,0) -> Đậu hủ non trứng | F38: =VLOOKUP(D38,[1]FAST!$A$2:$C$4520,3,0) -> Cái
A39: Lá cóc | D39: NL300043 | E39: =VLOOKUP(D39,[1]FAST!$A$2:$C$4520,2,0) -> Đọt cóc | F39: =VLOOKUP(D39,[1]FAST!$A$2:$C$4520,3,0) -> kg
A40: Lá Trâm Ổi | D40: NL300044 | E40: =VLOOKUP(D40,[1]FAST!$A$2:$C$4520,2,0) -> Đọt mọt ( Lá trăm ) | F40: =VLOOKUP(D40,[1]FAST!$A$2:$C$4520,3,0) -> kg
A41: Thơm trái xanh | D41: NL300047 | E41: =VLOOKUP(D41,[1]FAST!$A$2:$C$4520,2,0) -> Dứa chưa gọt vỏ | F41: =VLOOKUP(D41,[1]FAST!$A$2:$C$4520,3,0) -> quả
A42: Dưa leo | D42: NL300048 | E42: =VLOOKUP(D42,[1]FAST!$A$2:$C$4520,2,0) -> Dưa chuột | F42: =VLOOKUP(D42,[1]FAST!$A$2:$C$4520,3,0) -> kg
A43: Đu đủ trái xanh | D43: NL300049 | E43: =VLOOKUP(D43,[1]FAST!$A$2:$C$4520,2,0) -> Đu đủ xanh | F43: =VLOOKUP(D43,[1]FAST!$A$2:$C$4520,3,0) -> kg
A44: Gừng còn vỏ VN | B44: Kg | D44: NL300053 | E44: Gừng ta | F44: kg
A45: Củ Gừng | B45: =VLOOKUP(A45,'[1]BÁO CÁO CÔNG NỢ_KIỂM TRA_ĐIỀU C'!J32:K421,2,0) -> Kg | D45: NL300054 | E45: =VLOOKUP(D45,[1]FAST!$A$2:$C$4520,2,0) -> Gừng tàu | F45: =VLOOKUP(D45,[1]FAST!$A$2:$C$4520,3,0) -> kg
A46: Hành tím bắc lột | B46: =VLOOKUP(A46,'[1]BÁO CÁO CÔNG NỢ_KIỂM TRA_ĐIỀU C'!J42:K431,2,0) -> Kg | D46: NL300055 | E46: =VLOOKUP(D46,[1]FAST!$A$2:$C$4520,2,0) -> Hành bóc | F46: =VLOOKUP(D46,[1]FAST!$A$2:$C$4520,3,0) -> kg
A47: Hành tím củ | B47: Kg | D47: NL300055 | E47: =VLOOKUP(D47,[1]FAST!$A$2:$C$4520,2,0) -> Hành bóc | F47: =VLOOKUP(D47,[1]FAST!$A$2:$C$4520,3,0) -> kg
A48: Hành tím lột vỏ TQ | D48: NL300055 | E48: =VLOOKUP(D48,[1]FAST!$A$2:$C$4520,2,0) -> Hành bóc | F48: =VLOOKUP(D48,[1]FAST!$A$2:$C$4520,3,0) -> kg
A49: Hành tím VN lột vỏ | D49: NL300055 | E49: =VLOOKUP(D49,[1]FAST!$A$2:$C$4520,2,0) -> Hành bóc | F49: =VLOOKUP(D49,[1]FAST!$A$2:$C$4520,3,0) -> kg
A50: Hành lá | B50: =VLOOKUP(A50,'[1]BÁO CÁO CÔNG NỢ_KIỂM TRA_ĐIỀU C'!J40:K429,2,0) -> Kg | D50: NL300058 | E50: =VLOOKUP(D50,[1]FAST!$A$2:$C$4520,2,0) -> Hành lá | F50: =VLOOKUP(D50,[1]FAST!$A$2:$C$4520,3,0) -> kg
A51: Hành tây | B51: =VLOOKUP(A51,'[1]BÁO CÁO CÔNG NỢ_KIỂM TRA_ĐIỀU C'!J41:K430,2,0) -> Kg | D51: NL300059 | E51: =VLOOKUP(D51,[1]FAST!$A$2:$C$4520,2,0) -> Hành tây | F51: =VLOOKUP(D51,[1]FAST!$A$2:$C$4520,3,0) -> kg
A52: Hành Paro | B52: =VLOOKUP(A52,'[1]BÁO CÁO CÔNG NỢ_KIỂM TRA_ĐIỀU C'!J150:K539,2,0) -> Kg | D52: NL300061 | E52: =VLOOKUP(D52,[1]FAST!$A$2:$C$4520,2,0) -> Hành Paro (Hành Baro) | F52: =VLOOKUP(D52,[1]FAST!$A$2:$C$4520,3,0) -> kg
A53: Bạc hà | B53: Kg | D53: NL300062 | E53: =VLOOKUP(D53,[1]FAST!$A$2:$C$4520,2,0) -> Húng Bạc Hà | F53: =VLOOKUP(D53,[1]FAST!$A$2:$C$4520,3,0) -> kg
A54: Húng lũi | B54: =VLOOKUP(A54,'[1]BÁO CÁO CÔNG NỢ_KIỂM TRA_ĐIỀU C'!J46:K435,2,0) -> Kg | D54: NL300062 | E54: =VLOOKUP(D54,[1]FAST!$A$2:$C$4520,2,0) -> Húng Bạc Hà | F54: =VLOOKUP(D54,[1]FAST!$A$2:$C$4520,3,0) -> kg
A55: Húng cây | D55: NL300063 | E55: =VLOOKUP(D55,[1]FAST!$A$2:$C$4520,2,0) -> Húng cây (Rau thơm) | F55: =VLOOKUP(D55,[1]FAST!$A$2:$C$4520,3,0) -> kg
A56: Rose mary | D56: NL300066 | E56: =VLOOKUP(D56,[1]FAST!$A$2:$C$4520,2,0) -> Lá hương thảo tươi | F56: =VLOOKUP(D56,[1]FAST!$A$2:$C$4520,3,0) -> kg
A57: Rosemary (Hương thảo) | D57: NL300066 | E57: =VLOOKUP(D57,[1]FAST!$A$2:$C$4520,2,0) -> Lá hương thảo tươi | F57: =VLOOKUP(D57,[1]FAST!$A$2:$C$4520,3,0) -> kg
A58: Khế xanh | D58: NL300068 | E58: =VLOOKUP(D58,[1]FAST!$A$2:$C$4520,2,0) -> Khế | F58: =VLOOKUP(D58,[1]FAST!$A$2:$C$4520,3,0) -> kg
A59: Khoai lang nhật | B59: =VLOOKUP(A59,'[1]BÁO CÁO CÔNG NỢ_KIỂM TRA_ĐIỀU C'!J144:K533,2,0) -> Kg | D59: NL300070 | E59: =VLOOKUP(D59,[1]FAST!$A$2:$C$4520,2,0) -> Khoai lang Nhật | F59: =VLOOKUP(D59,[1]FAST!$A$2:$C$4520,3,0) -> kg
A60: Rau kinh giới | D60: NL300072 | E60: =VLOOKUP(D60,[1]FAST!$A$2:$C$4520,2,0) -> Kinh giới | F60: =VLOOKUP(D60,[1]FAST!$A$2:$C$4520,3,0) -> kg
A61: Lá chanh | B61: =VLOOKUP(A61,'[1]BÁO CÁO CÔNG NỢ_KIỂM TRA_ĐIỀU C'!J50:K439,2,0) -> Kg | D61: NL300073 | E61: =VLOOKUP(D61,[1]FAST!$A$2:$C$4520,2,0) -> Lá chanh | F61: =VLOOKUP(D61,[1]FAST!$A$2:$C$4520,3,0) -> kg
A62: Lá chuối | D62: NL300074 | E62: =VLOOKUP(D62,[1]FAST!$A$2:$C$4520,2,0) -> Lá chuối | F62: =VLOOKUP(D62,[1]FAST!$A$2:$C$4520,3,0) -> kg
A63: Hẹ lá | D63: NL300076 | E63: =VLOOKUP(D63,[1]FAST!$A$2:$C$4520,2,0) -> Lá hẹ | F63: =VLOOKUP(D63,[1]FAST!$A$2:$C$4520,3,0) -> kg
A64: Lá lốt | D64: NL300077 | E64: =VLOOKUP(D64,[1]FAST!$A$2:$C$4520,2,0) -> Lá lốt (có cuống) | F64: =VLOOKUP(D64,[1]FAST!$A$2:$C$4520,3,0) -> kg
A65: Lá cây nhíp | D65: NL300080 | E65: =VLOOKUP(D65,[1]FAST!$A$2:$C$4520,2,0) -> Lá vừng Hàn Quốc - Lá kê nhíp | F65: =VLOOKUP(D65,[1]FAST!$A$2:$C$4520,3,0) -> kg
A66: Lá cây nhíp (lá mè) | D66: NL300080 | E66: =VLOOKUP(D66,[1]FAST!$A$2:$C$4520,2,0) -> Lá vừng Hàn Quốc - Lá kê nhíp | F66: =VLOOKUP(D66,[1]FAST!$A$2:$C$4520,3,0) -> kg
A67: Mồng tơi | D67: NL300084 | E67: =VLOOKUP(D67,[1]FAST!$A$2:$C$4520,2,0) -> Mồng tơi nhặt | F67: =VLOOKUP(D67,[1]FAST!$A$2:$C$4520,3,0) -> kg
A68: Ngò rí | B68: =VLOOKUP(A68,'[1]BÁO CÁO CÔNG NỢ_KIỂM TRA_ĐIỀU C'!J64:K453,2,0) -> Kg | D68: NL300085 | E68: =VLOOKUP(D68,[1]FAST!$A$2:$C$4520,2,0) -> Mùi ta ( Ngò rí ) | F68: =VLOOKUP(D68,[1]FAST!$A$2:$C$4520,3,0) -> kg
A69: Ngò gai | D69: NL300086 | E69: =VLOOKUP(D69,[1]FAST!$A$2:$C$4520,2,0) -> Mùi tàu ( Ngò gai ) | F69: =VLOOKUP(D69,[1]FAST!$A$2:$C$4520,3,0) -> kg
A70: Rau muống bào | D70: NL300087 | E70: =VLOOKUP(D70,[1]FAST!$A$2:$C$4520,2,0) -> Rau muống chẻ | F70: =VLOOKUP(D70,[1]FAST!$A$2:$C$4520,3,0) -> kg
A71: Mướp hương | B71: =VLOOKUP(A71,'[1]BÁO CÁO CÔNG NỢ_KIỂM TRA_ĐIỀU C'!J57:K446,2,0) -> Kg | D71: NL300088 | E71: =VLOOKUP(D71,[1]FAST!$A$2:$C$4520,2,0) -> Mướp hương | F71: =VLOOKUP(D71,[1]FAST!$A$2:$C$4520,3,0) -> kg
A72: Nấm đông cô tươi | B72: =VLOOKUP(A72,'[1]BÁO CÁO CÔNG NỢ_KIỂM TRA_ĐIỀU C'!J58:K447,2,0) -> Kg | D72: NL300090 | E72: =VLOOKUP(D72,[1]FAST!$A$2:$C$4520,2,0) -> Nấm đông cô tươi | F72: =VLOOKUP(D72,[1]FAST!$A$2:$C$4520,3,0) -> kg
A73: Nấm đùi gà | B73: =VLOOKUP(A73,'[1]BÁO CÁO CÔNG NỢ_KIỂM TRA_ĐIỀU C'!J59:K448,2,0) -> Kg | D73: NL300091 | E73: =VLOOKUP(D73,[1]FAST!$A$2:$C$4520,2,0) -> Nấm đùi gà | F73: =VLOOKUP(D73,[1]FAST!$A$2:$C$4520,3,0) -> kg
A74: Nấm đùi gà baby | B74: =VLOOKUP(A74,'[1]BÁO CÁO CÔNG NỢ_KIỂM TRA_ĐIỀU C'!J132:K521,2,0) -> Kg | D74: NL300092 | E74: =VLOOKUP(D74,[1]FAST!$A$2:$C$4520,2,0) -> Nấm đùi gà baby | F74: =VLOOKUP(D74,[1]FAST!$A$2:$C$4520,3,0) -> kg
A75: Nấm hải sản | B75: Kg | D75: NL300094 | E75: =VLOOKUP(D75,[1]FAST!$A$2:$C$4520,2,0) -> Nấm hải sản | F75: =VLOOKUP(D75,[1]FAST!$A$2:$C$4520,3,0) -> kg
A76: Nấm hải sản (kg) | B76: =VLOOKUP(A76,'[1]BÁO CÁO CÔNG NỢ_KIỂM TRA_ĐIỀU C'!J60:K449,2,0) -> Kg | D76: NL300094 | E76: =VLOOKUP(D76,[1]FAST!$A$2:$C$4520,2,0) -> Nấm hải sản | F76: =VLOOKUP(D76,[1]FAST!$A$2:$C$4520,3,0) -> kg
A77: Nấm kim châm tươi | B77: =VLOOKUP(A77,'[1]BÁO CÁO CÔNG NỢ_KIỂM TRA_ĐIỀU C'!J61:K450,2,0) -> Kg | D77: NL300096 | E77: =VLOOKUP(D77,[1]FAST!$A$2:$C$4520,2,0) -> Nấm kim châm tươi | F77: =VLOOKUP(D77,[1]FAST!$A$2:$C$4520,3,0) -> kg
A78: Nấm kim châm gói (200g) | B78: Gói | D78: NL300096 | E78: =VLOOKUP(D78,[1]FAST!$A$2:$C$4520,2,0) -> Nấm kim châm tươi | F78: =VLOOKUP(D78,[1]FAST!$A$2:$C$4520,3,0) -> kg
A79: Nấm linh chi nâu (kg) | B79: =VLOOKUP(A79,'[1]BÁO CÁO CÔNG NỢ_KIỂM TRA_ĐIỀU C'!J134:K523,2,0) -> Kg | D79: NL300097 | E79: =VLOOKUP(D79,[1]FAST!$A$2:$C$4520,2,0) -> Nấm Linh Chi nâu | F79: =VLOOKUP(D79,[1]FAST!$A$2:$C$4520,3,0) -> kg
A80: Nấm linh chi trắng (kg) | B80: =VLOOKUP(A80,'[1]BÁO CÁO CÔNG NỢ_KIỂM TRA_ĐIỀU C'!J133:K522,2,0) -> Kg | D80: NL300098 | E80: =VLOOKUP(D80,[1]FAST!$A$2:$C$4520,2,0) -> Nấm Linh Chi trắng | F80: =VLOOKUP(D80,[1]FAST!$A$2:$C$4520,3,0) -> kg
A81: Nấm linh chi trắng (125g) | B81: Hộp | D81: NL300098 | E81: =VLOOKUP(D81,[1]FAST!$A$2:$C$4520,2,0) -> Nấm Linh Chi trắng | F81: =VLOOKUP(D81,[1]FAST!$A$2:$C$4520,3,0) -> kg
A82: Nấm linh chi trắng - hộp (125g) | B82: Hộp | D82: NL300098 | E82: =VLOOKUP(D82,[1]FAST!$A$2:$C$4520,2,0) -> Nấm Linh Chi trắng | F82: =VLOOKUP(D82,[1]FAST!$A$2:$C$4520,3,0) -> kg
A83: Nấm mối đen | B83: =VLOOKUP(A83,'[1]BÁO CÁO CÔNG NỢ_KIỂM TRA_ĐIỀU C'!J142:K531,2,0) -> Kg | D83: NL300101 | E83: =VLOOKUP(D83,[1]FAST!$A$2:$C$4520,2,0) -> Nấm Mối | F83: =VLOOKUP(D83,[1]FAST!$A$2:$C$4520,3,0) -> kg
A84: Nấm bào ngư xám | D84: NL300102 | E84: =VLOOKUP(D84,[1]FAST!$A$2:$C$4520,2,0) -> Nấm sò nâu | F84: =VLOOKUP(D84,[1]FAST!$A$2:$C$4520,3,0) -> kg
A85: Nấm bào ngư trắng | B85: =VLOOKUP(A85,'[1]BÁO CÁO CÔNG NỢ_KIỂM TRA_ĐIỀU C'!J131:K520,2,0) -> Kg | D85: NL300103 | E85: =VLOOKUP(D85,[1]FAST!$A$2:$C$4520,2,0) -> Nấm sò trắng | F85: =VLOOKUP(D85,[1]FAST!$A$2:$C$4520,3,0) -> kg
A86: Bắp mỹ (kg) | B86: Kg | D86: NL300107 | E86: =VLOOKUP(D86,[1]FAST!$A$2:$C$4520,2,0) -> Ngô ngọt ( Bắp trái) | F86: =VLOOKUP(D86,[1]FAST!$A$2:$C$4520,3,0) -> Cái
A87: Bắp mỹ trái (Loại 1) | B87: =VLOOKUP(A87,'[1]BÁO CÁO CÔNG NỢ_KIỂM TRA_ĐIỀU C'!J18:K407,2,0) -> Trái | D87: NL300107 | E87: =VLOOKUP(D87,[1]FAST!$A$2:$C$4520,2,0) -> Ngô ngọt ( Bắp trái) | F87: =VLOOKUP(D87,[1]FAST!$A$2:$C$4520,3,0) -> Cái
A88: Ớt hiểm xanh | B88: =VLOOKUP(A88,'[1]BÁO CÁO CÔNG NỢ_KIỂM TRA_ĐIỀU C'!J179:K568,2,0) -> Kg | D88: NL300111 | E88: =VLOOKUP(D88,[1]FAST!$A$2:$C$4520,2,0) -> Ớt chỉ thiên | F88: =VLOOKUP(D88,[1]FAST!$A$2:$C$4520,3,0) -> kg
A89: Ớt đà lạt (đỏ) | D89: NL300112 | E89: =VLOOKUP(D89,[1]FAST!$A$2:$C$4520,2,0) -> Ớt đỏ Đà Lạt | F89: =VLOOKUP(D89,[1]FAST!$A$2:$C$4520,3,0) -> kg
A90: Ớt hiểm đỏ | B90: =VLOOKUP(A90,'[1]BÁO CÁO CÔNG NỢ_KIỂM TRA_ĐIỀU C'!J69:K458,2,0) -> Kg | D90: NL300113 | E90: =VLOOKUP(D90,[1]FAST!$A$2:$C$4520,2,0) -> Ớt hiểm đỏ | F90: =VLOOKUP(D90,[1]FAST!$A$2:$C$4520,3,0) -> kg
A91: Ớt sừng đỏ | B91: =VLOOKUP(A91,'[1]BÁO CÁO CÔNG NỢ_KIỂM TRA_ĐIỀU C'!J99:K488,2,0) -> Kg | D91: NL300116 | E91: =VLOOKUP(D91,[1]FAST!$A$2:$C$4520,2,0) -> Ớt sừng | F91: =VLOOKUP(D91,[1]FAST!$A$2:$C$4520,3,0) -> kg
A92: Ớt sừng xanh | D92: NL300117 | E92: =VLOOKUP(D92,[1]FAST!$A$2:$C$4520,2,0) -> Ớt sừng xanh | F92: =VLOOKUP(D92,[1]FAST!$A$2:$C$4520,3,0) -> kg
A93: Tắc trái | B93: =VLOOKUP(A93,'[1]BÁO CÁO CÔNG NỢ_KIỂM TRA_ĐIỀU C'!J94:K483,2,0) -> Kg | D93: NL300119 | E93: =VLOOKUP(D93,[1]FAST!$A$2:$C$4520,2,0) -> Quất ( Tắc trái ) | F93: =VLOOKUP(D93,[1]FAST!$A$2:$C$4520,3,0) -> kg
A94: Quế vị | D94: NL300120 | E94: =VLOOKUP(D94,[1]FAST!$A$2:$C$4520,2,0) -> Quế vị | F94: =VLOOKUP(D94,[1]FAST!$A$2:$C$4520,3,0) -> kg
A95: Quế vị (xá xị) | D95: NL300120 | E95: =VLOOKUP(D95,[1]FAST!$A$2:$C$4520,2,0) -> Quế vị | F95: =VLOOKUP(D95,[1]FAST!$A$2:$C$4520,3,0) -> kg
A96: Rau răm | B96: =VLOOKUP(A96,'[1]BÁO CÁO CÔNG NỢ_KIỂM TRA_ĐIỀU C'!J76:K465,2,0) -> Kg | D96: NL300121 | E96: =VLOOKUP(D96,[1]FAST!$A$2:$C$4520,2,0) -> Rau răm | F96: =VLOOKUP(D96,[1]FAST!$A$2:$C$4520,3,0) -> kg
A97: Rau càng cua | D97: NL300122 | E97: =VLOOKUP(D97,[1]FAST!$A$2:$C$4520,2,0) -> Rau càng cua | F97: =VLOOKUP(D97,[1]FAST!$A$2:$C$4520,3,0) -> kg
A98: Rau má | D98: NL300125 | E98: =VLOOKUP(D98,[1]FAST!$A$2:$C$4520,2,0) -> Rau má | F98: =VLOOKUP(D98,[1]FAST!$A$2:$C$4520,3,0) -> kg
A99: Rau má nhỏ | B99: =VLOOKUP(A99,'[1]BÁO CÁO CÔNG NỢ_KIỂM TRA_ĐIỀU C'!J138:K527,2,0) -> Kg | D99: NL300125 | E99: =VLOOKUP(D99,[1]FAST!$A$2:$C$4520,2,0) -> Rau má | F99: =VLOOKUP(D99,[1]FAST!$A$2:$C$4520,3,0) -> kg
A100: Ngò tây | B100: =VLOOKUP(A100,'[1]BÁO CÁO CÔNG NỢ_KIỂM TRA_ĐIỀU C'!J65:K454,2,0) -> Kg | D100: NL300126 | E100: =VLOOKUP(D100,[1]FAST!$A$2:$C$4520,2,0) -> Rau mùi tây | F100: =VLOOKUP(D100,[1]FAST!$A$2:$C$4520,3,0) -> kg
...
