Workbook

Sheet LW3
D2: CÔNG TY TNHH NÔNG SẢN THỰC PHẨM TRẦN GIA HTX: Ấp Lộc Tiến, Xã Mỹ Lộc, Huyện Cần Giuộc, Tỉnh Long An VP: Tòa nhà An Phú Plaza, 117-119 Lý Chính Thắng, P.7. Q.3, TP.HCM Kho sơ chế: 30 Kha Vạn Cân, P. Hiệp Bình Chánh, TP.Thủ Đức, TP.HCM Kho Đà Lạt: 69 Trần Thủ Độ, TT Liên Nghĩa, Huyện Đức Trọng, Tỉnh Lâm Đồng. Website: rausachtrangia.com - Hotline: 090.245.8081
A4: CHI TIẾT ĐỐI CHIẾU CÔNG NỢ
A6: Từ ngày 1 tháng 01 đến ngày 15 tháng 01 năm 2026
A8: Tên Khách hàng: LONGWANG 3
A10: Địa chỉ:
A12: Người liên hệ: Email: | N12: =SUBTOTAL(9,N15:N465) -> 1854.22 | P12: =SUBTOTAL(9,P15:P465) -> 45597950
J13: =SUBTOTAL(9,J15:J465) -> 55453150
A14: NGÀY | B14: MÃ KHÁCH HÀNG | C14: TÊN KHÁCH HÀNG | D14: MÃ ĐƠN HÀNG | E14: MÃ HÀNG | F14: TÊN HÀNG | G14: ĐVT | H14: SỐ LƯỢNG | I14: ĐƠN GIÁ | J14: THÀNH TIỀN | K14: GHI CHÚ | N14: THỰC NHẬN | O14: ĐƠN GIÁ | P14: THÀNH TIỀN | Q14: LỆCH SL | R14: LỆCH ĐG | S14: NOTE
A15: 01/01/2026 | B15: TG-KS00286 | C15: LONGWANG 3 | D15: TG-AA20662 | E15: I100008 | F15: Bắp mỹ trái (Loại 1) | G15: Trái | H15: 25 | I15: 8500 | J15: =H15*I15 -> 212500 | L15: =IFERROR(VLOOKUP(F15,MÃ!$A:$B,2,0),0) -> NL300107 | M15: ="0"&DAY(A15)&"/01/2026"&L15 -> 01/01/2026NL300107 | N15: =IFERROR(VLOOKUP(M15,'WS3'!$B$2:$Q$437,11,0),0) -> 24 | O15: =IFERROR(VLOOKUP(M15,'WS3'!$B$2:$Q$437,12,0),0) -> 8500 | P15: =N15*O15 -> 204000 | Q15: =H15-N15 -> 1 | R15: =I15-O15 -> 0 | S15: SAI SL
A16: 01/01/2026 | B16: TG-KS00286 | C16: LONGWANG 3 | D16: TG-AA20662 | E16: I100012 | F16: Bí đỏ hồ lô | G16: Kg | H16: 4.8 | I16: 30000 | J16: =H16*I16 -> 144000 | L16: =IFERROR(VLOOKUP(F16,MÃ!$A:$B,2,0),0) -> NL300007 | M16: ="0"&DAY(A16)&"/01/2026"&L16 -> 01/01/2026NL300007 | N16: =IFERROR(VLOOKUP(M16,'WS3'!$B$2:$Q$437,11,0),0) -> 4.8 | O16: =IFERROR(VLOOKUP(M16,'WS3'!$B$2:$Q$437,12,0),0) -> 30000 | P16: =N16*O16 -> 144000 | Q16: =H16-N16 -> 0 | R16: =I16-O16 -> 0
A17: 01/01/2026 | B17: TG-KS00286 | C17: LONGWANG 3 | D17: TG-AA20662 | E17: I100016 | F17: Bí ngòi xanh | G17: Kg | H17: 15 | I17: 40000 | J17: =H17*I17 -> 600000 | L17: =IFERROR(VLOOKUP(F17,MÃ!$A:$B,2,0),0) -> NL300008 | M17: ="0"&DAY(A17)&"/01/2026"&L17 -> 01/01/2026NL300008 | N17: =IFERROR(VLOOKUP(M17,'WS3'!$B$2:$Q$437,11,0),0) -> 10 | O17: =IFERROR(VLOOKUP(M17,'WS3'!$B$2:$Q$437,12,0),0) -> 40000 | P17: =N17*O17 -> 400000 | Q17: =H17-N17 -> 5 | R17: =I17-O17 -> 0 | S17: SAI SL
A18: 01/01/2026 | B18: TG-KS00286 | C18: LONGWANG 3 | D18: TG-AA20662 | E18: I100024 | F18: Bông cải xanh | G18: Kg | H18: 7 | I18: 52000 | J18: =H18*I18 -> 364000 | L18: =IFERROR(VLOOKUP(F18,MÃ!$A:$B,2,0),0) -> NL300137 | M18: ="0"&DAY(A18)&"/01/2026"&L18 -> 01/01/2026NL300137 | N18: =IFERROR(VLOOKUP(M18,'WS3'!$B$2:$Q$437,11,0),0) -> 5 | O18: =IFERROR(VLOOKUP(M18,'WS3'!$B$2:$Q$437,12,0),0) -> 52000 | P18: =N18*O18 -> 260000 | Q18: =H18-N18 -> 2 | R18: =I18-O18 -> 0 | S18: SAI SL
A19: 01/01/2026 | B19: TG-KS00286 | C19: LONGWANG 3 | D19: TG-AA20662 | E19: I100040 | F19: Cà rốt baby | G19: Kg | H19: 0.5 | I19: 75000 | J19: =H19*I19 -> 37500 | L19: =IFERROR(VLOOKUP(F19,MÃ!$A:$B,2,0),0) -> NL300028 | M19: ="0"&DAY(A19)&"/01/2026"&L19 -> 01/01/2026NL300028 | N19: =IFERROR(VLOOKUP(M19,'WS3'!$B$2:$Q$437,11,0),0) -> 0.5 | O19: =IFERROR(VLOOKUP(M19,'WS3'!$B$2:$Q$437,12,0),0) -> 75000 | P19: =N19*O19 -> 37500 | Q19: =H19-N19 -> 0 | R19: =I19-O19 -> 0
A20: 01/01/2026 | B20: TG-KS00286 | C20: LONGWANG 3 | D20: TG-AA20662 | E20: I100045 | F20: Cải Hongkong(Cai ngong) | G20: Kg | H20: 5 | I20: 30000 | J20: =H20*I20 -> 150000 | L20: =IFERROR(VLOOKUP(F20,MÃ!$A:$B,2,0),0) -> NL300020 | M20: ="0"&DAY(A20)&"/01/2026"&L20 -> 01/01/2026NL300020 | N20: =IFERROR(VLOOKUP(M20,'WS3'!$B$2:$Q$437,11,0),0) -> 3 | O20: =IFERROR(VLOOKUP(M20,'WS3'!$B$2:$Q$437,12,0),0) -> 30000 | P20: =N20*O20 -> 90000 | Q20: =H20-N20 -> 2 | R20: =I20-O20 -> 0 | S20: SAI SL
A21: 01/01/2026 | B21: TG-KS00286 | C21: LONGWANG 3 | D21: TG-AA20662 | E21: I100057 | F21: Cần tây | G21: Kg | H21: 2.2 | I21: 44000 | J21: =H21*I21 -> 96800 | L21: =IFERROR(VLOOKUP(F21,MÃ!$A:$B,2,0),0) -> NL300025 | M21: ="0"&DAY(A21)&"/01/2026"&L21 -> 01/01/2026NL300025 | N21: =IFERROR(VLOOKUP(M21,'WS3'!$B$2:$Q$437,11,0),0) -> 2.2 | O21: =IFERROR(VLOOKUP(M21,'WS3'!$B$2:$Q$437,12,0),0) -> 44000 | P21: =N21*O21 -> 96800 | Q21: =H21-N21 -> 0 | R21: =I21-O21 -> 0
A22: 01/01/2026 | B22: TG-KS00286 | C22: LONGWANG 3 | D22: TG-AA20662 | E22: I100097 | F22: Củ Gừng | G22: Kg | H22: 2 | I22: 38000 | J22: =H22*I22 -> 76000 | L22: =IFERROR(VLOOKUP(F22,MÃ!$A:$B,2,0),0) -> NL300054 | M22: ="0"&DAY(A22)&"/01/2026"&L22 -> 01/01/2026NL300054 | N22: =IFERROR(VLOOKUP(M22,'WS3'!$B$2:$Q$437,11,0),0) -> 2 | O22: =IFERROR(VLOOKUP(M22,'WS3'!$B$2:$Q$437,12,0),0) -> 38000 | P22: =N22*O22 -> 76000 | Q22: =H22-N22 -> 0 | R22: =I22-O22 -> 0
A23: 01/01/2026 | B23: TG-KS00286 | C23: LONGWANG 3 | D23: TG-AA20662 | E23: I100072 | F23: Củ riềng | G23: Kg | H23: 0.15 | I23: 25000 | J23: =H23*I23 -> 3750 | L23: =IFERROR(VLOOKUP(F23,MÃ!$A:$B,2,0),0) -> NL300035 | M23: ="0"&DAY(A23)&"/01/2026"&L23 -> 01/01/2026NL300035 | N23: =IFERROR(VLOOKUP(M23,'WS3'!$B$2:$Q$437,11,0),0) -> 0.15 | O23: =IFERROR(VLOOKUP(M23,'WS3'!$B$2:$Q$437,12,0),0) -> 25000 | P23: =N23*O23 -> 3750 | Q23: =H23-N23 -> 0 | R23: =I23-O23 -> 0
A24: 01/01/2026 | B24: TG-KS00286 | C24: LONGWANG 3 | D24: TG-AA20662 | E24: I100074 | F24: Củ sen | G24: Kg | H24: 1 | I24: 47000 | J24: =H24*I24 -> 47000 | L24: =IFERROR(VLOOKUP(F24,MÃ!$A:$B,2,0),0) -> NL300036 | M24: ="0"&DAY(A24)&"/01/2026"&L24 -> 01/01/2026NL300036 | N24: =IFERROR(VLOOKUP(M24,'WS3'!$B$2:$Q$437,11,0),0) -> 1 | O24: =IFERROR(VLOOKUP(M24,'WS3'!$B$2:$Q$437,12,0),0) -> 47000 | P24: =N24*O24 -> 47000 | Q24: =H24-N24 -> 0 | R24: =I24-O24 -> 0
A25: 01/01/2026 | B25: TG-KS00286 | C25: LONGWANG 3 | D25: TG-AA20662 | E25: I100075 | F25: Đậu bắp | G25: Kg | H25: 5 | I25: 32000 | J25: =H25*I25 -> 160000 | L25: =IFERROR(VLOOKUP(F25,MÃ!$A:$B,2,0),0) -> NL300038 | M25: ="0"&DAY(A25)&"/01/2026"&L25 -> 01/01/2026NL300038 | N25: =IFERROR(VLOOKUP(M25,'WS3'!$B$2:$Q$437,11,0),0) -> 5 | O25: =IFERROR(VLOOKUP(M25,'WS3'!$B$2:$Q$437,12,0),0) -> 32000 | P25: =N25*O25 -> 160000 | Q25: =H25-N25 -> 0 | R25: =I25-O25 -> 0
A26: 01/01/2026 | B26: TG-KS00286 | C26: LONGWANG 3 | D26: TG-AA20662 | E26: I100883 | F26: Đậu hủ trứng CP 220gr | G26: Cây | H26: 9 | I26: 15000 | J26: =H26*I26 -> 135000 | L26: =IFERROR(VLOOKUP(F26,MÃ!$A:$B,2,0),0) -> NL300041 | M26: ="0"&DAY(A26)&"/01/2026"&L26 -> 01/01/2026NL300041 | N26: =IFERROR(VLOOKUP(M26,'WS3'!$B$2:$Q$437,11,0),0) -> 9 | O26: =IFERROR(VLOOKUP(M26,'WS3'!$B$2:$Q$437,12,0),0) -> 15000 | P26: =N26*O26 -> 135000 | Q26: =H26-N26 -> 0 | R26: =I26-O26 -> 0
A27: 01/01/2026 | B27: TG-KS00286 | C27: LONGWANG 3 | D27: TG-AA20662 | E27: I100479 | F27: Dưa hấu | G27: Kg | H27: 47 | I27: 18000 | J27: =H27*I27 -> 846000 | L27: =IFERROR(VLOOKUP(F27,MÃ!$A:$B,2,0),0) -> NL600004 | M27: ="0"&DAY(A27)&"/01/2026"&L27 -> 01/01/2026NL600004 | N27: =IFERROR(VLOOKUP(M27,'WS3'!$B$2:$Q$437,11,0),0) -> 47 | O27: =IFERROR(VLOOKUP(M27,'WS3'!$B$2:$Q$437,12,0),0) -> 18000 | P27: =N27*O27 -> 846000 | Q27: =H27-N27 -> 0 | R27: =I27-O27 -> 0
A28: 01/01/2026 | B28: TG-KS00286 | C28: LONGWANG 3 | D28: TG-AA20662 | E28: I100098 | F28: Hành lá | G28: Kg | H28: 6 | I28: 55000 | J28: =H28*I28 -> 330000 | L28: =IFERROR(VLOOKUP(F28,MÃ!$A:$B,2,0),0) -> NL300058 | M28: ="0"&DAY(A28)&"/01/2026"&L28 -> 01/01/2026NL300058 | N28: =IFERROR(VLOOKUP(M28,'WS3'!$B$2:$Q$437,11,0),0) -> 4.5 | O28: =IFERROR(VLOOKUP(M28,'WS3'!$B$2:$Q$437,12,0),0) -> 55000 | P28: =N28*O28 -> 247500 | Q28: =H28-N28 -> 1.5 | R28: =I28-O28 -> 0 | S28: SAI SL
A29: 01/01/2026 | B29: TG-KS00286 | C29: LONGWANG 3 | D29: TG-AA20662 | E29: I100101 | F29: Hành tây | G29: Kg | H29: 0.6 | I29: 13000 | J29: =H29*I29 -> 7800 | L29: =IFERROR(VLOOKUP(F29,MÃ!$A:$B,2,0),0) -> NL300059 | M29: ="0"&DAY(A29)&"/01/2026"&L29 -> 01/01/2026NL300059 | N29: =IFERROR(VLOOKUP(M29,'WS3'!$B$2:$Q$437,11,0),0) -> 0.6 | O29: =IFERROR(VLOOKUP(M29,'WS3'!$B$2:$Q$437,12,0),0) -> 13000 | P29: =N29*O29 -> 7800 | Q29: =H29-N29 -> 0 | R29: =I29-O29 -> 0
A30: 01/01/2026 | B30: TG-KS00286 | C30: LONGWANG 3 | D30: TG-AA20662 | E30: I100730 | F30: Hành tím bắc lột | G30: Kg | H30: 0.5 | I30: 80000 | J30: =H30*I30 -> 40000 | L30: =IFERROR(VLOOKUP(F30,MÃ!$A:$B,2,0),0) -> NL300055 | M30: ="0"&DAY(A30)&"/01/2026"&L30 -> 01/01/2026NL300055 | N30: =IFERROR(VLOOKUP(M30,'WS3'!$B$2:$Q$437,11,0),0) -> 0.5 | O30: =IFERROR(VLOOKUP(M30,'WS3'!$B$2:$Q$437,12,0),0) -> 80000 | P30: =N30*O30 -> 40000 | Q30: =H30-N30 -> 0 | R30: =I30-O30 -> 0
A31: 01/01/2026 | B31: TG-KS00286 | C31: LONGWANG 3 | D31: TG-AA20662 | E31: I100136 | F31: Lá dứa | G31: Kg | H31: 0.5 | I31: 18000 | J31: =H31*I31 -> 9000 | L31: =IFERROR(VLOOKUP(F31,MÃ!$A:$B,2,0),0) -> NL300184 | M31: ="0"&DAY(A31)&"/01/2026"&L31 -> 01/01/2026NL300184 | N31: =IFERROR(VLOOKUP(M31,'WS3'!$B$2:$Q$437,11,0),0) -> 0.5 | O31: =IFERROR(VLOOKUP(M31,'WS3'!$B$2:$Q$437,12,0),0) -> 18000 | P31: =N31*O31 -> 9000 | Q31: =H31-N31 -> 0 | R31: =I31-O31 -> 0
A32: 01/01/2026 | B32: TG-KS00286 | C32: LONGWANG 3 | D32: TG-AA20662 | E32: I100151 | F32: Mướp hương | G32: Kg | H32: 14 | I32: 27000 | J32: =H32*I32 -> 378000 | L32: =IFERROR(VLOOKUP(F32,MÃ!$A:$B,2,0),0) -> NL300088 | M32: ="0"&DAY(A32)&"/01/2026"&L32 -> 01/01/2026NL300088 | N32: =IFERROR(VLOOKUP(M32,'WS3'!$B$2:$Q$437,11,0),0) -> 7 | O32: =IFERROR(VLOOKUP(M32,'WS3'!$B$2:$Q$437,12,0),0) -> 27000 | P32: =N32*O32 -> 189000 | Q32: =H32-N32 -> 7 | R32: =I32-O32 -> 0 | S32: SAI SL
A33: 01/01/2026 | B33: TG-KS00286 | C33: LONGWANG 3 | D33: TG-AA20662 | E33: I100236 | F33: Nấm đông cô tươi | G33: Kg | H33: 7 | I33: 145000 | J33: =H33*I33 -> 1015000 | L33: =IFERROR(VLOOKUP(F33,MÃ!$A:$B,2,0),0) -> NL300090 | M33: ="0"&DAY(A33)&"/01/2026"&L33 -> 01/01/2026NL300090 | N33: =IFERROR(VLOOKUP(M33,'WS3'!$B$2:$Q$437,11,0),0) -> 6.7 | O33: =IFERROR(VLOOKUP(M33,'WS3'!$B$2:$Q$437,12,0),0) -> 145000 | P33: =N33*O33 -> 971500 | Q33: =H33-N33 -> 0.3 | R33: =I33-O33 -> 0 | S33: SAI SL
A34: 01/01/2026 | B34: TG-KS00286 | C34: LONGWANG 3 | D34: TG-AA20662 | E34: I100237 | F34: Nấm đùi gà | G34: Kg | H34: 5 | I34: 47000 | J34: =H34*I34 -> 235000 | L34: =IFERROR(VLOOKUP(F34,MÃ!$A:$B,2,0),0) -> NL300091 | M34: ="0"&DAY(A34)&"/01/2026"&L34 -> 01/01/2026NL300091 | N34: =IFERROR(VLOOKUP(M34,'WS3'!$B$2:$Q$437,11,0),0) -> 5 | O34: =IFERROR(VLOOKUP(M34,'WS3'!$B$2:$Q$437,12,0),0) -> 47000 | P34: =N34*O34 -> 235000 | Q34: =H34-N34 -> 0 | R34: =I34-O34 -> 0
A35: 01/01/2026 | B35: TG-KS00286 | C35: LONGWANG 3 | D35: TG-AA20662 | E35: I100650 | F35: Nấm đùi gà baby | G35: Kg | H35: 3 | I35: 90000 | J35: =H35*I35 -> 270000 | L35: =IFERROR(VLOOKUP(F35,MÃ!$A:$B,2,0),0) -> NL300092 | M35: ="0"&DAY(A35)&"/01/2026"&L35 -> 01/01/2026NL300092 | N35: =IFERROR(VLOOKUP(M35,'WS3'!$B$2:$Q$437,11,0),0) -> 2.8 | O35: =IFERROR(VLOOKUP(M35,'WS3'!$B$2:$Q$437,12,0),0) -> 90000 | P35: =N35*O35 -> 252000 | Q35: =H35-N35 -> 0.2 | R35: =I35-O35 -> 0 | S35: SAI SL
A36: 01/01/2026 | B36: TG-KS00286 | C36: LONGWANG 3 | D36: TG-AA20662 | E36: I100634 | F36: Nấm hải sản (kg) | G36: Kg | H36: 1 | I36: 80000 | J36: =H36*I36 -> 80000 | L36: =IFERROR(VLOOKUP(F36,MÃ!$A:$B,2,0),0) -> NL300094 | M36: ="0"&DAY(A36)&"/01/2026"&L36 -> 01/01/2026NL300094 | N36: =IFERROR(VLOOKUP(M36,'WS3'!$B$2:$Q$437,11,0),0) -> 0.8 | O36: =IFERROR(VLOOKUP(M36,'WS3'!$B$2:$Q$437,12,0),0) -> 80000 | P36: =N36*O36 -> 64000 | Q36: =H36-N36 -> 0.2 | R36: =I36-O36 -> 0 | S36: SAI SL
A37: 01/01/2026 | B37: TG-KS00286 | C37: LONGWANG 3 | D37: TG-AA20662 | E37: I100240 | F37: Nấm kim châm tươi | G37: Kg | H37: 8 | I37: 45000 | J37: =H37*I37 -> 360000 | L37: =IFERROR(VLOOKUP(F37,MÃ!$A:$B,2,0),0) -> NL300096 | M37: ="0"&DAY(A37)&"/01/2026"&L37 -> 01/01/2026NL300096 | N37: =IFERROR(VLOOKUP(M37,'WS3'!$B$2:$Q$437,11,0),0) -> 7.6 | O37: =IFERROR(VLOOKUP(M37,'WS3'!$B$2:$Q$437,12,0),0) -> 45000 | P37: =N37*O37 -> 342000 | Q37: =H37-N37 -> 0.4 | R37: =I37-O37 -> 0 | S37: SAI SL
A38: 01/01/2026 | B38: TG-KS00286 | C38: LONGWANG 3 | D38: TG-AA20662 | E38: I100635 | F38: Nấm linh chi nâu (kg) | G38: Kg | H38: 1 | I38: 90000 | J38: =H38*I38 -> 90000 | L38: =IFERROR(VLOOKUP(F38,MÃ!$A:$B,2,0),0) -> NL300097 | M38: ="0"&DAY(A38)&"/01/2026"&L38 -> 01/01/2026NL300097 | N38: =IFERROR(VLOOKUP(M38,'WS3'!$B$2:$Q$437,11,0),0) -> 1 | O38: =IFERROR(VLOOKUP(M38,'WS3'!$B$2:$Q$437,12,0),0) -> 90000 | P38: =N38*O38 -> 90000 | Q38: =H38-N38 -> 0 | R38: =I38-O38 -> 0
A39: 01/01/2026 | B39: TG-KS00286 | C39: LONGWANG 3 | D39: TG-AA20662 | E39: I100156 | F39: Ngò rí | G39: Kg | H39: 4 | I39: 45000 | J39: =H39*I39 -> 180000 | L39: =IFERROR(VLOOKUP(F39,MÃ!$A:$B,2,0),0) -> NL300085 | M39: ="0"&DAY(A39)&"/01/2026"&L39 -> 01/01/2026NL300085 | N39: =IFERROR(VLOOKUP(M39,'WS3'!$B$2:$Q$437,11,0),0) -> 2.5 | O39: =IFERROR(VLOOKUP(M39,'WS3'!$B$2:$Q$437,12,0),0) -> 45000 | P39: =N39*O39 -> 112500 | Q39: =H39-N39 -> 1.5 | R39: =I39-O39 -> 0 | S39: SAI SL
A40: 01/01/2026 | B40: TG-KS00286 | C40: LONGWANG 3 | D40: TG-AA20662 | E40: I100160 | F40: Ngò tây | G40: Kg | H40: 0.1 | I40: 70000 | J40: =H40*I40 -> 7000 | L40: =IFERROR(VLOOKUP(F40,MÃ!$A:$B,2,0),0) -> NL300126 | M40: ="0"&DAY(A40)&"/01/2026"&L40 -> 01/01/2026NL300126 | N40: =IFERROR(VLOOKUP(M40,'WS3'!$B$2:$Q$437,11,0),0) -> 0.1 | O40: =IFERROR(VLOOKUP(M40,'WS3'!$B$2:$Q$437,12,0),0) -> 70000 | P40: =N40*O40 -> 7000 | Q40: =H40-N40 -> 0 | R40: =I40-O40 -> 0
A41: 01/01/2026 | B41: TG-KS00286 | C41: LONGWANG 3 | D41: TG-AA20662 | E41: I100167 | F41: Ớt hiểm đỏ | G41: Kg | H41: 2 | I41: 145000 | J41: =H41*I41 -> 290000 | L41: =IFERROR(VLOOKUP(F41,MÃ!$A:$B,2,0),0) -> NL300113 | M41: ="0"&DAY(A41)&"/01/2026"&L41 -> 01/01/2026NL300113 | N41: =IFERROR(VLOOKUP(M41,'WS3'!$B$2:$Q$437,11,0),0) -> 2 | O41: =IFERROR(VLOOKUP(M41,'WS3'!$B$2:$Q$437,12,0),0) -> 145000 | P41: =N41*O41 -> 290000 | Q41: =H41-N41 -> 0 | R41: =I41-O41 -> 0
A42: 01/01/2026 | B42: TG-KS00286 | C42: LONGWANG 3 | D42: TG-AA20662 | E42: I100170 | F42: Ớt sừng đỏ | G42: Kg | H42: 0.3 | I42: 148000 | J42: =H42*I42 -> 44400 | L42: =IFERROR(VLOOKUP(F42,MÃ!$A:$B,2,0),0) -> NL300116 | M42: ="0"&DAY(A42)&"/01/2026"&L42 -> 01/01/2026NL300116 | N42: =IFERROR(VLOOKUP(M42,'WS3'!$B$2:$Q$437,11,0),0) -> 0.3 | O42: =IFERROR(VLOOKUP(M42,'WS3'!$B$2:$Q$437,12,0),0) -> 148000 | P42: =N42*O42 -> 44400 | Q42: =H42-N42 -> 0 | R42: =I42-O42 -> 0
A43: 01/01/2026 | B43: TG-KS00286 | C43: LONGWANG 3 | D43: TG-AA20662 | E43: I100626 | F43: Rau má nhỏ | G43: Kg | H43: 1 | I43: 42000 | J43: =H43*I43 -> 42000 | L43: =IFERROR(VLOOKUP(F43,MÃ!$A:$B,2,0),0) -> NL300125 | M43: ="0"&DAY(A43)&"/01/2026"&L43 -> 01/01/2026NL300125 | N43: =IFERROR(VLOOKUP(M43,'WS3'!$B$2:$Q$437,11,0),0) -> 1 | O43: =IFERROR(VLOOKUP(M43,'WS3'!$B$2:$Q$437,12,0),0) -> 42000 | P43: =N43*O43 -> 42000 | Q43: =H43-N43 -> 0 | R43: =I43-O43 -> 0
A44: 01/01/2026 | B44: TG-KS00286 | C44: LONGWANG 3 | D44: TG-AA20662 | E44: I100189 | F44: Rau răm | G44: Kg | H44: 0.1 | I44: 22000 | J44: =H44*I44 -> 2200 | L44: =IFERROR(VLOOKUP(F44,MÃ!$A:$B,2,0),0) -> NL300121 | M44: ="0"&DAY(A44)&"/01/2026"&L44 -> 01/01/2026NL300121 | N44: =IFERROR(VLOOKUP(M44,'WS3'!$B$2:$Q$437,11,0),0) -> 0.1 | O44: =IFERROR(VLOOKUP(M44,'WS3'!$B$2:$Q$437,12,0),0) -> 22000 | P44: =N44*O44 -> 2200 | Q44: =H44-N44 -> 0 | R44: =I44-O44 -> 0
A45: 01/01/2026 | B45: TG-KS00286 | C45: LONGWANG 3 | D45: TG-AA20662 | E45: I100194 | F45: Rau tía tô | G45: Kg | H45: 1 | I45: 36000 | J45: =H45*I45 -> 36000 | L45: =IFERROR(VLOOKUP(F45,MÃ!$A:$B,2,0),0) -> NL300140 | M45: ="0"&DAY(A45)&"/01/2026"&L45 -> 01/01/2026NL300140 | N45: =IFERROR(VLOOKUP(M45,'WS3'!$B$2:$Q$437,11,0),0) -> 1 | O45: =IFERROR(VLOOKUP(M45,'WS3'!$B$2:$Q$437,12,0),0) -> 36000 | P45: =N45*O45 -> 36000 | Q45: =H45-N45 -> 0 | R45: =I45-O45 -> 0
A46: 01/01/2026 | B46: TG-KS00286 | C46: LONGWANG 3 | D46: TG-AA20662 | E46: I100198 | F46: Sả cây | G46: Kg | H46: 1 | I46: 12000 | J46: =H46*I46 -> 12000 | L46: =IFERROR(VLOOKUP(F46,MÃ!$A:$B,2,0),0) -> NL300132 | M46: ="0"&DAY(A46)&"/01/2026"&L46 -> 01/01/2026NL300132 | N46: =IFERROR(VLOOKUP(M46,'WS3'!$B$2:$Q$437,11,0),0) -> 1 | O46: =IFERROR(VLOOKUP(M46,'WS3'!$B$2:$Q$437,12,0),0) -> 12000 | P46: =N46*O46 -> 12000 | Q46: =H46-N46 -> 0 | R46: =I46-O46 -> 0
A47: 01/01/2026 | B47: TG-KS00286 | C47: LONGWANG 3 | D47: TG-AA20662 | E47: I100216 | F47: Tắc trái | G47: Kg | H47: 3 | I47: 21000 | J47: =H47*I47 -> 63000 | L47: =IFERROR(VLOOKUP(F47,MÃ!$A:$B,2,0),0) -> NL300119 | M47: ="0"&DAY(A47)&"/01/2026"&L47 -> 01/01/2026NL300119 | N47: =IFERROR(VLOOKUP(M47,'WS3'!$B$2:$Q$437,11,0),0) -> 3 | O47: =IFERROR(VLOOKUP(M47,'WS3'!$B$2:$Q$437,12,0),0) -> 21000 | P47: =N47*O47 -> 63000 | Q47: =H47-N47 -> 0 | R47: =I47-O47 -> 0
A48: 01/01/2026 | B48: TG-KS00286 | C48: LONGWANG 3 | D48: TG-AA20662 | E48: I100229 | F48: Tỏi lột | G48: Kg | H48: 2 | I48: 50000 | J48: =H48*I48 -> 100000 | L48: =IFERROR(VLOOKUP(F48,MÃ!$A:$B,2,0),0) -> NL300142 | M48: ="0"&DAY(A48)&"/01/2026"&L48 -> 01/01/2026NL300142 | N48: =IFERROR(VLOOKUP(M48,'WS3'!$B$2:$Q$437,11,0),0) -> 2 | O48: =IFERROR(VLOOKUP(M48,'WS3'!$B$2:$Q$437,12,0),0) -> 50000 | P48: =N48*O48 -> 100000 | Q48: =H48-N48 -> 0 | R48: =I48-O48 -> 0
A49: 01/01/2026 | B49: TG-KS00286 | C49: LONGWANG 3 | D49: TG-AA20662 | E49: I100270 | F49: Trứng bắc thảo | G49: Quả | H49: 50 | I49: 9000 | J49: =H49*I49 -> 450000 | L49: =IFERROR(VLOOKUP(F49,MÃ!$A:$B,2,0),0) -> NL100279 | M49: ="0"&DAY(A49)&"/01/2026"&L49 -> 01/01/2026NL100279 | N49: =IFERROR(VLOOKUP(M49,'WS3'!$B$2:$Q$437,11,0),0) -> 50 | O49: =IFERROR(VLOOKUP(M49,'WS3'!$B$2:$Q$437,12,0),0) -> 9000 | P49: =N49*O49 -> 450000 | Q49: =H49-N49 -> 0 | R49: =I49-O49 -> 0
A50: 01/01/2026 | B50: TG-KS00286 | C50: LONGWANG 3 | D50: TG-AA20662 | E50: I100275 | F50: Trứng vịt muối | G50: Quả | H50: 50 | I50: 5000 | J50: =H50*I50 -> 250000 | L50: =IFERROR(VLOOKUP(F50,MÃ!$A:$B,2,0),0) -> NL100101 | M50: ="0"&DAY(A50)&"/01/2026"&L50 -> 01/01/2026NL100101 | N50: =IFERROR(VLOOKUP(M50,'WS3'!$B$2:$Q$437,11,0),0) -> 35 | O50: =IFERROR(VLOOKUP(M50,'WS3'!$B$2:$Q$437,12,0),0) -> 5000 | P50: =N50*O50 -> 175000 | Q50: =H50-N50 -> 15 | R50: =I50-O50 -> 0 | S50: SAI SL
A51: 01/01/2026 | B51: TG-KS00286 | C51: LONGWANG 3 | D51: TG-AA20662 | E51: I100212 | F51: Xà lách Rocket | G51: Kg | H51: 0.3 | I51: 220000 | J51: =H51*I51 -> 66000 | L51: =IFERROR(VLOOKUP(F51,MÃ!$A:$B,2,0),0) -> NL300131 | M51: ="0"&DAY(A51)&"/01/2026"&L51 -> 01/01/2026NL300131 | N51: =IFERROR(VLOOKUP(M51,'WS3'!$B$2:$Q$437,11,0),0) -> 0.3 | O51: =IFERROR(VLOOKUP(M51,'WS3'!$B$2:$Q$437,12,0),0) -> 220000 | P51: =N51*O51 -> 66000 | Q51: =H51-N51 -> 0 | R51: =I51-O51 -> 0
A52: 01/01/2026 | B52: TG-KS00286 | C52: LONGWANG 3 | D52: TG-AA20662 | E52: I100209 | F52: Xà lách romain | G52: Kg | H52: 8 | I52: 62000 | J52: =H52*I52 -> 496000 | L52: =IFERROR(VLOOKUP(F52,MÃ!$A:$B,2,0),0) -> NL300147 | M52: ="0"&DAY(A52)&"/01/2026"&L52 -> 01/01/2026NL300147 | N52: =IFERROR(VLOOKUP(M52,'WS3'!$B$2:$Q$437,11,0),0) -> 5 | O52: =IFERROR(VLOOKUP(M52,'WS3'!$B$2:$Q$437,12,0),0) -> 62000 | P52: =N52*O52 -> 310000 | Q52: =H52-N52 -> 3 | R52: =I52-O52 -> 0 | S52: SAI SL
A53: 02/01/2026 | B53: TG-KS00286 | C53: LONGWANG 3 | D53: TG-AA20840 | E53: I100253 | F53: Bánh ướt | G53: Kg | H53: 3 | I53: 15000 | J53: =H53*I53 -> 45000 | L53: =IFERROR(VLOOKUP(F53,MÃ!$A:$B,2,0),0) -> NL300189 | M53: ="0"&DAY(A53)&"/01/2026"&L53 -> 02/01/2026NL300189 | N53: =IFERROR(VLOOKUP(M53,'WS3'!$B$2:$Q$437,11,0),0) -> 3 | O53: =IFERROR(VLOOKUP(M53,'WS3'!$B$2:$Q$437,12,0),0) -> 15000 | P53: =N53*O53 -> 45000 | Q53: =H53-N53 -> 0 | R53: =I53-O53 -> 0
A54: 02/01/2026 | B54: TG-KS00286 | C54: LONGWANG 3 | D54: TG-AA20840 | E54: I100008 | F54: Bắp mỹ trái (Loại 1) | G54: Trái | H54: 25 | I54: 8500 | J54: =H54*I54 -> 212500 | L54: =IFERROR(VLOOKUP(F54,MÃ!$A:$B,2,0),0) -> NL300107 | M54: ="0"&DAY(A54)&"/01/2026"&L54 -> 02/01/2026NL300107 | N54: =IFERROR(VLOOKUP(M54,'WS3'!$B$2:$Q$437,11,0),0) -> 23 | O54: =IFERROR(VLOOKUP(M54,'WS3'!$B$2:$Q$437,12,0),0) -> 8500 | P54: =N54*O54 -> 195500 | Q54: =H54-N54 -> 2 | R54: =I54-O54 -> 0 | S54: SAI SL
A55: 02/01/2026 | B55: TG-KS00286 | C55: LONGWANG 3 | D55: TG-AA20840 | E55: I100012 | F55: Bí đỏ hồ lô | G55: Kg | H55: 5.5 | I55: 30000 | J55: =H55*I55 -> 165000 | L55: =IFERROR(VLOOKUP(F55,MÃ!$A:$B,2,0),0) -> NL300007 | M55: ="0"&DAY(A55)&"/01/2026"&L55 -> 02/01/2026NL300007 | N55: =IFERROR(VLOOKUP(M55,'WS3'!$B$2:$Q$437,11,0),0) -> 5.1 | O55: =IFERROR(VLOOKUP(M55,'WS3'!$B$2:$Q$437,12,0),0) -> 30000 | P55: =N55*O55 -> 153000 | Q55: =H55-N55 -> 0.4 | R55: =I55-O55 -> 0 | S55: SAI SL
A56: 02/01/2026 | B56: TG-KS00286 | C56: LONGWANG 3 | D56: TG-AA20840 | E56: I100016 | F56: Bí ngòi xanh | G56: Kg | H56: 15.2 | I56: 40000 | J56: =H56*I56 -> 608000 | L56: =IFERROR(VLOOKUP(F56,MÃ!$A:$B,2,0),0) -> NL300008 | M56: ="0"&DAY(A56)&"/01/2026"&L56 -> 02/01/2026NL300008 | N56: =IFERROR(VLOOKUP(M56,'WS3'!$B$2:$Q$437,11,0),0) -> 10.2 | O56: =IFERROR(VLOOKUP(M56,'WS3'!$B$2:$Q$437,12,0),0) -> 40000 | P56: =N56*O56 -> 408000 | Q56: =H56-N56 -> 5 | R56: =I56-O56 -> 0 | S56: SAI SL
A57: 02/01/2026 | B57: TG-KS00286 | C57: LONGWANG 3 | D57: TG-AA20840 | E57: I100024 | F57: Bông cải xanh | G57: Kg | H57: 5 | I57: 52000 | J57: =H57*I57 -> 260000 | L57: =IFERROR(VLOOKUP(F57,MÃ!$A:$B,2,0),0) -> NL300137 | M57: ="0"&DAY(A57)&"/01/2026"&L57 -> 02/01/2026NL300137 | N57: =IFERROR(VLOOKUP(M57,'WS3'!$B$2:$Q$437,11,0),0) -> 3 | O57: =IFERROR(VLOOKUP(M57,'WS3'!$B$2:$Q$437,12,0),0) -> 52000 | P57: =N57*O57 -> 156000 | Q57: =H57-N57 -> 2 | R57: =I57-O57 -> 0 | S57: SAI SL
A58: 02/01/2026 | B58: TG-KS00286 | C58: LONGWANG 3 | D58: TG-AA20840 | E58: I100040 | F58: Cà rốt baby | G58: Kg | H58: 0.5 | I58: 75000 | J58: =H58*I58 -> 37500 | L58: =IFERROR(VLOOKUP(F58,MÃ!$A:$B,2,0),0) -> NL300028 | M58: ="0"&DAY(A58)&"/01/2026"&L58 -> 02/01/2026NL300028 | N58: =IFERROR(VLOOKUP(M58,'WS3'!$B$2:$Q$437,11,0),0) -> 0.2 | O58: =IFERROR(VLOOKUP(M58,'WS3'!$B$2:$Q$437,12,0),0) -> 75000 | P58: =N58*O58 -> 15000 | Q58: =H58-N58 -> 0.3 | R58: =I58-O58 -> 0 | S58: SAI SL
A59: 02/01/2026 | B59: TG-KS00286 | C59: LONGWANG 3 | D59: TG-AA20840 | E59: I100045 | F59: Cải Hongkong(Cai ngong) | G59: Kg | H59: 5 | I59: 30000 | J59: =H59*I59 -> 150000 | L59: =IFERROR(VLOOKUP(F59,MÃ!$A:$B,2,0),0) -> NL300020 | M59: ="0"&DAY(A59)&"/01/2026"&L59 -> 02/01/2026NL300020 | N59: =IFERROR(VLOOKUP(M59,'WS3'!$B$2:$Q$437,11,0),0) -> 2.5 | O59: =IFERROR(VLOOKUP(M59,'WS3'!$B$2:$Q$437,12,0),0) -> 30000 | P59: =N59*O59 -> 75000 | Q59: =H59-N59 -> 2.5 | R59: =I59-O59 -> 0 | S59: SAI SL
A60: 02/01/2026 | B60: TG-KS00286 | C60: LONGWANG 3 | D60: TG-AA20840 | E60: I100057 | F60: Cần tây | G60: Kg | H60: 1.9 | I60: 44000 | J60: =H60*I60 -> 83600 | L60: =IFERROR(VLOOKUP(F60,MÃ!$A:$B,2,0),0) -> NL300025 | M60: ="0"&DAY(A60)&"/01/2026"&L60 -> 02/01/2026NL300025 | N60: =IFERROR(VLOOKUP(M60,'WS3'!$B$2:$Q$437,11,0),0) -> 1.9 | O60: =IFERROR(VLOOKUP(M60,'WS3'!$B$2:$Q$437,12,0),0) -> 44000 | P60: =N60*O60 -> 83600 | Q60: =H60-N60 -> 0 | R60: =I60-O60 -> 0
A61: 02/01/2026 | B61: TG-KS00286 | C61: LONGWANG 3 | D61: TG-AA20840 | E61: I100097 | F61: Củ Gừng | G61: Kg | H61: 2.1 | I61: 38000 | J61: =H61*I61 -> 79800 | L61: =IFERROR(VLOOKUP(F61,MÃ!$A:$B,2,0),0) -> NL300054 | M61: ="0"&DAY(A61)&"/01/2026"&L61 -> 02/01/2026NL300054 | N61: =IFERROR(VLOOKUP(M61,'WS3'!$B$2:$Q$437,11,0),0) -> 2.1 | O61: =IFERROR(VLOOKUP(M61,'WS3'!$B$2:$Q$437,12,0),0) -> 38000 | P61: =N61*O61 -> 79800 | Q61: =H61-N61 -> 0 | R61: =I61-O61 -> 0
A62: 02/01/2026 | B62: TG-KS00286 | C62: LONGWANG 3 | D62: TG-AA20840 | E62: I100072 | F62: Củ riềng | G62: Kg | H62: 0.26 | I62: 25000 | J62: =H62*I62 -> 6500 | L62: =IFERROR(VLOOKUP(F62,MÃ!$A:$B,2,0),0) -> NL300035 | M62: ="0"&DAY(A62)&"/01/2026"&L62 -> 02/01/2026NL300035 | N62: =IFERROR(VLOOKUP(M62,'WS3'!$B$2:$Q$437,11,0),0) -> 0.26 | O62: =IFERROR(VLOOKUP(M62,'WS3'!$B$2:$Q$437,12,0),0) -> 25000 | P62: =N62*O62 -> 6500 | Q62: =H62-N62 -> 0 | R62: =I62-O62 -> 0
A63: 02/01/2026 | B63: TG-KS00286 | C63: LONGWANG 3 | D63: TG-AA20840 | E63: I100074 | F63: Củ sen | G63: Kg | H63: 2 | I63: 47000 | J63: =H63*I63 -> 94000 | L63: =IFERROR(VLOOKUP(F63,MÃ!$A:$B,2,0),0) -> NL300036 | M63: ="0"&DAY(A63)&"/01/2026"&L63 -> 02/01/2026NL300036 | N63: =IFERROR(VLOOKUP(M63,'WS3'!$B$2:$Q$437,11,0),0) -> 2 | O63: =IFERROR(VLOOKUP(M63,'WS3'!$B$2:$Q$437,12,0),0) -> 47000 | P63: =N63*O63 -> 94000 | Q63: =H63-N63 -> 0 | R63: =I63-O63 -> 0
A64: 02/01/2026 | B64: TG-KS00286 | C64: LONGWANG 3 | D64: TG-AA20840 | E64: I100075 | F64: Đậu bắp | G64: Kg | H64: 4 | I64: 32000 | J64: =H64*I64 -> 128000 | L64: =IFERROR(VLOOKUP(F64,MÃ!$A:$B,2,0),0) -> NL300038 | M64: ="0"&DAY(A64)&"/01/2026"&L64 -> 02/01/2026NL300038 | N64: =IFERROR(VLOOKUP(M64,'WS3'!$B$2:$Q$437,11,0),0) -> 4 | O64: =IFERROR(VLOOKUP(M64,'WS3'!$B$2:$Q$437,12,0),0) -> 32000 | P64: =N64*O64 -> 128000 | Q64: =H64-N64 -> 0 | R64: =I64-O64 -> 0
A65: 02/01/2026 | B65: TG-KS00286 | C65: LONGWANG 3 | D65: TG-AA20840 | E65: I100479 | F65: Dưa hấu | G65: Kg | H65: 30 | I65: 18000 | J65: =H65*I65 -> 540000 | L65: =IFERROR(VLOOKUP(F65,MÃ!$A:$B,2,0),0) -> NL600004 | M65: ="0"&DAY(A65)&"/01/2026"&L65 -> 02/01/2026NL600004 | N65: =IFERROR(VLOOKUP(M65,'WS3'!$B$2:$Q$437,11,0),0) -> 30 | O65: =IFERROR(VLOOKUP(M65,'WS3'!$B$2:$Q$437,12,0),0) -> 18000 | P65: =N65*O65 -> 540000 | Q65: =H65-N65 -> 0 | R65: =I65-O65 -> 0
A66: 02/01/2026 | B66: TG-KS00286 | C66: LONGWANG 3 | D66: TG-AA20840 | E66: I100098 | F66: Hành lá | G66: Kg | H66: 6 | I66: 55000 | J66: =H66*I66 -> 330000 | L66: =IFERROR(VLOOKUP(F66,MÃ!$A:$B,2,0),0) -> NL300058 | M66: ="0"&DAY(A66)&"/01/2026"&L66 -> 02/01/2026NL300058 | N66: =IFERROR(VLOOKUP(M66,'WS3'!$B$2:$Q$437,11,0),0) -> 4 | O66: =IFERROR(VLOOKUP(M66,'WS3'!$B$2:$Q$437,12,0),0) -> 55000 | P66: =N66*O66 -> 220000 | Q66: =H66-N66 -> 2 | R66: =I66-O66 -> 0 | S66: SAI SL
A67: 02/01/2026 | B67: TG-KS00286 | C67: LONGWANG 3 | D67: TG-AA20840 | E67: I100730 | F67: Hành tím bắc lột | G67: Kg | H67: 0.3 | I67: 80000 | J67: =H67*I67 -> 24000 | L67: =IFERROR(VLOOKUP(F67,MÃ!$A:$B,2,0),0) -> NL300055 | M67: ="0"&DAY(A67)&"/01/2026"&L67 -> 02/01/2026NL300055 | N67: =IFERROR(VLOOKUP(M67,'WS3'!$B$2:$Q$437,11,0),0) -> 0.3 | O67: =IFERROR(VLOOKUP(M67,'WS3'!$B$2:$Q$437,12,0),0) -> 80000 | P67: =N67*O67 -> 24000 | Q67: =H67-N67 -> 0 | R67: =I67-O67 -> 0
A68: 02/01/2026 | B68: TG-KS00286 | C68: LONGWANG 3 | D68: TG-AA20840 | E68: I100121 | F68: Khoai lang nhật | G68: Kg | H68: 1 | I68: 23000 | J68: =H68*I68 -> 23000 | L68: =IFERROR(VLOOKUP(F68,MÃ!$A:$B,2,0),0) -> NL300070 | M68: ="0"&DAY(A68)&"/01/2026"&L68 -> 02/01/2026NL300070 | N68: =IFERROR(VLOOKUP(M68,'WS3'!$B$2:$Q$437,11,0),0) -> 1 | O68: =IFERROR(VLOOKUP(M68,'WS3'!$B$2:$Q$437,12,0),0) -> 23000 | P68: =N68*O68 -> 23000 | Q68: =H68-N68 -> 0 | R68: =I68-O68 -> 0
A69: 02/01/2026 | B69: TG-KS00286 | C69: LONGWANG 3 | D69: TG-AA20840 | E69: I100133 | F69: Lá chanh | G69: Kg | H69: 0.1 | I69: 42000 | J69: =H69*I69 -> 4200 | L69: =IFERROR(VLOOKUP(F69,MÃ!$A:$B,2,0),0) -> NL300073 | M69: ="0"&DAY(A69)&"/01/2026"&L69 -> 02/01/2026NL300073 | N69: =IFERROR(VLOOKUP(M69,'WS3'!$B$2:$Q$437,11,0),0) -> 0.1 | O69: =IFERROR(VLOOKUP(M69,'WS3'!$B$2:$Q$437,12,0),0) -> 42000 | P69: =N69*O69 -> 4200 | Q69: =H69-N69 -> 0 | R69: =I69-O69 -> 0
A70: 02/01/2026 | B70: TG-KS00286 | C70: LONGWANG 3 | D70: TG-AA20840 | E70: I100136 | F70: Lá dứa | G70: Kg | H70: 0.4 | I70: 18000 | J70: =H70*I70 -> 7200 | L70: =IFERROR(VLOOKUP(F70,MÃ!$A:$B,2,0),0) -> NL300184 | M70: ="0"&DAY(A70)&"/01/2026"&L70 -> 02/01/2026NL300184 | N70: =IFERROR(VLOOKUP(M70,'WS3'!$B$2:$Q$437,11,0),0) -> 0.4 | O70: =IFERROR(VLOOKUP(M70,'WS3'!$B$2:$Q$437,12,0),0) -> 18000 | P70: =N70*O70 -> 7200 | Q70: =H70-N70 -> 0 | R70: =I70-O70 -> 0
A71: 02/01/2026 | B71: TG-KS00286 | C71: LONGWANG 3 | D71: TG-AA20840 | E71: I100151 | F71: Mướp hương | G71: Kg | H71: 13 | I71: 27000 | J71: =H71*I71 -> 351000 | L71: =IFERROR(VLOOKUP(F71,MÃ!$A:$B,2,0),0) -> NL300088 | M71: ="0"&DAY(A71)&"/01/2026"&L71 -> 02/01/2026NL300088 | N71: =IFERROR(VLOOKUP(M71,'WS3'!$B$2:$Q$437,11,0),0) -> 8 | O71: =IFERROR(VLOOKUP(M71,'WS3'!$B$2:$Q$437,12,0),0) -> 27000 | P71: =N71*O71 -> 216000 | Q71: =H71-N71 -> 5 | R71: =I71-O71 -> 0 | S71: SAI SL
A72: 02/01/2026 | B72: TG-KS00286 | C72: LONGWANG 3 | D72: TG-AA20840 | E72: I100236 | F72: Nấm đông cô tươi | G72: Kg | H72: 7 | I72: 145000 | J72: =H72*I72 -> 1015000 | L72: =IFERROR(VLOOKUP(F72,MÃ!$A:$B,2,0),0) -> NL300090 | M72: ="0"&DAY(A72)&"/01/2026"&L72 -> 02/01/2026NL300090 | N72: =IFERROR(VLOOKUP(M72,'WS3'!$B$2:$Q$437,11,0),0) -> 6.5 | O72: =IFERROR(VLOOKUP(M72,'WS3'!$B$2:$Q$437,12,0),0) -> 145000 | P72: =N72*O72 -> 942500 | Q72: =H72-N72 -> 0.5 | R72: =I72-O72 -> 0 | S72: SAI SL
A73: 02/01/2026 | B73: TG-KS00286 | C73: LONGWANG 3 | D73: TG-AA20840 | E73: I100237 | F73: Nấm đùi gà | G73: Kg | H73: 4 | I73: 47000 | J73: =H73*I73 -> 188000 | L73: =IFERROR(VLOOKUP(F73,MÃ!$A:$B,2,0),0) -> NL300091 | M73: ="0"&DAY(A73)&"/01/2026"&L73 -> 02/01/2026NL300091 | N73: =IFERROR(VLOOKUP(M73,'WS3'!$B$2:$Q$437,11,0),0) -> 4 | O73: =IFERROR(VLOOKUP(M73,'WS3'!$B$2:$Q$437,12,0),0) -> 47000 | P73: =N73*O73 -> 188000 | Q73: =H73-N73 -> 0 | R73: =I73-O73 -> 0
A74: 02/01/2026 | B74: TG-KS00286 | C74: LONGWANG 3 | D74: TG-AA20840 | E74: I100650 | F74: Nấm đùi gà baby | G74: Kg | H74: 3 | I74: 90000 | J74: =H74*I74 -> 270000 | L74: =IFERROR(VLOOKUP(F74,MÃ!$A:$B,2,0),0) -> NL300092 | M74: ="0"&DAY(A74)&"/01/2026"&L74 -> 02/01/2026NL300092 | N74: =IFERROR(VLOOKUP(M74,'WS3'!$B$2:$Q$437,11,0),0) -> 1.5 | O74: =IFERROR(VLOOKUP(M74,'WS3'!$B$2:$Q$437,12,0),0) -> 90000 | P74: =N74*O74 -> 135000 | Q74: =H74-N74 -> 1.5 | R74: =I74-O74 -> 0 | S74: SAI SL
A75: 02/01/2026 | B75: TG-KS00286 | C75: LONGWANG 3 | D75: TG-AA20840 | E75: I100634 | F75: Nấm hải sản (kg) | G75: Kg | H75: 2 | I75: 80000 | J75: =H75*I75 -> 160000 | L75: =IFERROR(VLOOKUP(F75,MÃ!$A:$B,2,0),0) -> NL300094 | M75: ="0"&DAY(A75)&"/01/2026"&L75 -> 02/01/2026NL300094 | N75: =IFERROR(VLOOKUP(M75,'WS3'!$B$2:$Q$437,11,0),0) -> 1.8 | O75: =IFERROR(VLOOKUP(M75,'WS3'!$B$2:$Q$437,12,0),0) -> 80000 | P75: =N75*O75 -> 144000 | Q75: =H75-N75 -> 0.2 | R75: =I75-O75 -> 0 | S75: SAI SL
A76: 02/01/2026 | B76: TG-KS00286 | C76: LONGWANG 3 | D76: TG-AA20840 | E76: I100240 | F76: Nấm kim châm tươi | G76: Kg | H76: 8 | I76: 45000 | J76: =H76*I76 -> 360000 | L76: =IFERROR(VLOOKUP(F76,MÃ!$A:$B,2,0),0) -> NL300096 | M76: ="0"&DAY(A76)&"/01/2026"&L76 -> 02/01/2026NL300096 | N76: =IFERROR(VLOOKUP(M76,'WS3'!$B$2:$Q$437,11,0),0) -> 7.4 | O76: =IFERROR(VLOOKUP(M76,'WS3'!$B$2:$Q$437,12,0),0) -> 45000 | P76: =N76*O76 -> 333000 | Q76: =H76-N76 -> 0.6 | R76: =I76-O76 -> 0 | S76: SAI SL
A77: 02/01/2026 | B77: TG-KS00286 | C77: LONGWANG 3 | D77: TG-AA20840 | E77: I100635 | F77: Nấm linh chi nâu (kg) | G77: Kg | H77: 2 | I77: 90000 | J77: =H77*I77 -> 180000 | L77: =IFERROR(VLOOKUP(F77,MÃ!$A:$B,2,0),0) -> NL300097 | M77: ="0"&DAY(A77)&"/01/2026"&L77 -> 02/01/2026NL300097 | N77: =IFERROR(VLOOKUP(M77,'WS3'!$B$2:$Q$437,11,0),0) -> 1.8 | O77: =IFERROR(VLOOKUP(M77,'WS3'!$B$2:$Q$437,12,0),0) -> 90000 | P77: =N77*O77 -> 162000 | Q77: =H77-N77 -> 0.2 | R77: =I77-O77 -> 0 | S77: SAI SL
A78: 02/01/2026 | B78: TG-KS00286 | C78: LONGWANG 3 | D78: TG-AA20840 | E78: I100156 | F78: Ngò rí | G78: Kg | H78: 4 | I78: 45000 | J78: =H78*I78 -> 180000 | L78: =IFERROR(VLOOKUP(F78,MÃ!$A:$B,2,0),0) -> NL300085 | M78: ="0"&DAY(A78)&"/01/2026"&L78 -> 02/01/2026NL300085 | N78: =IFERROR(VLOOKUP(M78,'WS3'!$B$2:$Q$437,11,0),0) -> 2.5 | O78: =IFERROR(VLOOKUP(M78,'WS3'!$B$2:$Q$437,12,0),0) -> 45000 | P78: =N78*O78 -> 112500 | Q78: =H78-N78 -> 1.5 | R78: =I78-O78 -> 0 | S78: SAI SL
A79: 02/01/2026 | B79: TG-KS00286 | C79: LONGWANG 3 | D79: TG-AA20840 | E79: I100160 | F79: Ngò tây | G79: Kg | H79: 0.1 | I79: 70000 | J79: =H79*I79 -> 7000 | L79: =IFERROR(VLOOKUP(F79,MÃ!$A:$B,2,0),0) -> NL300126 | M79: ="0"&DAY(A79)&"/01/2026"&L79 -> 02/01/2026NL300126 | N79: =IFERROR(VLOOKUP(M79,'WS3'!$B$2:$Q$437,11,0),0) -> 0.1 | O79: =IFERROR(VLOOKUP(M79,'WS3'!$B$2:$Q$437,12,0),0) -> 70000 | P79: =N79*O79 -> 7000 | Q79: =H79-N79 -> 0 | R79: =I79-O79 -> 0
A80: 02/01/2026 | B80: TG-KS00286 | C80: LONGWANG 3 | D80: TG-AA20840 | E80: I100167 | F80: Ớt hiểm đỏ | G80: Kg | H80: 2 | I80: 145000 | J80: =H80*I80 -> 290000 | L80: =IFERROR(VLOOKUP(F80,MÃ!$A:$B,2,0),0) -> NL300113 | M80: ="0"&DAY(A80)&"/01/2026"&L80 -> 02/01/2026NL300113 | N80: =IFERROR(VLOOKUP(M80,'WS3'!$B$2:$Q$437,11,0),0) -> 2 | O80: =IFERROR(VLOOKUP(M80,'WS3'!$B$2:$Q$437,12,0),0) -> 145000 | P80: =N80*O80 -> 290000 | Q80: =H80-N80 -> 0 | R80: =I80-O80 -> 0
A81: 02/01/2026 | B81: TG-KS00286 | C81: LONGWANG 3 | D81: TG-AA20840 | E81: I100170 | F81: Ớt sừng đỏ | G81: Kg | H81: 0.5 | I81: 148000 | J81: =H81*I81 -> 74000 | L81: =IFERROR(VLOOKUP(F81,MÃ!$A:$B,2,0),0) -> NL300116 | M81: ="0"&DAY(A81)&"/01/2026"&L81 -> 02/01/2026NL300116 | N81: =IFERROR(VLOOKUP(M81,'WS3'!$B$2:$Q$437,11,0),0) -> 0.5 | O81: =IFERROR(VLOOKUP(M81,'WS3'!$B$2:$Q$437,12,0),0) -> 148000 | P81: =N81*O81 -> 74000 | Q81: =H81-N81 -> 0 | R81: =I81-O81 -> 0
A82: 02/01/2026 | B82: TG-KS00286 | C82: LONGWANG 3 | D82: TG-AA20840 | E82: I100626 | F82: Rau má nhỏ | G82: Kg | H82: 0.5 | I82: 42000 | J82: =H82*I82 -> 21000 | L82: =IFERROR(VLOOKUP(F82,MÃ!$A:$B,2,0),0) -> NL300125 | M82: ="0"&DAY(A82)&"/01/2026"&L82 -> 02/01/2026NL300125 | N82: =IFERROR(VLOOKUP(M82,'WS3'!$B$2:$Q$437,11,0),0) -> 0.5 | O82: =IFERROR(VLOOKUP(M82,'WS3'!$B$2:$Q$437,12,0),0) -> 42000 | P82: =N82*O82 -> 21000 | Q82: =H82-N82 -> 0 | R82: =I82-O82 -> 0
A83: 02/01/2026 | B83: TG-KS00286 | C83: LONGWANG 3 | D83: TG-AA20840 | E83: I100189 | F83: Rau răm | G83: Kg | H83: 0.1 | I83: 22000 | J83: =H83*I83 -> 2200 | L83: =IFERROR(VLOOKUP(F83,MÃ!$A:$B,2,0),0) -> NL300121 | M83: ="0"&DAY(A83)&"/01/2026"&L83 -> 02/01/2026NL300121 | N83: =IFERROR(VLOOKUP(M83,'WS3'!$B$2:$Q$437,11,0),0) -> 0 | O83: =IFERROR(VLOOKUP(M83,'WS3'!$B$2:$Q$437,12,0),0) -> 0 | P83: =N83*O83 -> 0 | Q83: =H83-N83 -> 0.1 | R83: =I83-O83 -> 22000 | S83: ĐƠN KHÔNG NHẬN
A84: 02/01/2026 | B84: TG-KS00286 | C84: LONGWANG 3 | D84: TG-AA20840 | E84: I100194 | F84: Rau tía tô | G84: Kg | H84: 0.5 | I84: 36000 | J84: =H84*I84 -> 18000 | L84: =IFERROR(VLOOKUP(F84,MÃ!$A:$B,2,0),0) -> NL300140 | M84: ="0"&DAY(A84)&"/01/2026"&L84 -> 02/01/2026NL300140 | N84: =IFERROR(VLOOKUP(M84,'WS3'!$B$2:$Q$437,11,0),0) -> 0.3 | O84: =IFERROR(VLOOKUP(M84,'WS3'!$B$2:$Q$437,12,0),0) -> 36000 | P84: =N84*O84 -> 10800 | Q84: =H84-N84 -> 0.2 | R84: =I84-O84 -> 0 | S84: SAI SL
A85: 02/01/2026 | B85: TG-KS00286 | C85: LONGWANG 3 | D85: TG-AA20840 | E85: I100198 | F85: Sả cây | G85: Kg | H85: 1 | I85: 12000 | J85: =H85*I85 -> 12000 | L85: =IFERROR(VLOOKUP(F85,MÃ!$A:$B,2,0),0) -> NL300132 | M85: ="0"&DAY(A85)&"/01/2026"&L85 -> 02/01/2026NL300132 | N85: =IFERROR(VLOOKUP(M85,'WS3'!$B$2:$Q$437,11,0),0) -> 1 | O85: =IFERROR(VLOOKUP(M85,'WS3'!$B$2:$Q$437,12,0),0) -> 12000 | P85: =N85*O85 -> 12000 | Q85: =H85-N85 -> 0 | R85: =I85-O85 -> 0
A86: 02/01/2026 | B86: TG-KS00286 | C86: LONGWANG 3 | D86: TG-AA20840 | E86: I100216 | F86: Tắc trái | G86: Kg | H86: 3 | I86: 21000 | J86: =H86*I86 -> 63000 | L86: =IFERROR(VLOOKUP(F86,MÃ!$A:$B,2,0),0) -> NL300119 | M86: ="0"&DAY(A86)&"/01/2026"&L86 -> 02/01/2026NL300119 | N86: =IFERROR(VLOOKUP(M86,'WS3'!$B$2:$Q$437,11,0),0) -> 3 | O86: =IFERROR(VLOOKUP(M86,'WS3'!$B$2:$Q$437,12,0),0) -> 21000 | P86: =N86*O86 -> 63000 | Q86: =H86-N86 -> 0 | R86: =I86-O86 -> 0
A87: 02/01/2026 | B87: TG-KS00286 | C87: LONGWANG 3 | D87: TG-AA20840 | E87: I100229 | F87: Tỏi lột | G87: Kg | H87: 2 | I87: 50000 | J87: =H87*I87 -> 100000 | L87: =IFERROR(VLOOKUP(F87,MÃ!$A:$B,2,0),0) -> NL300142 | M87: ="0"&DAY(A87)&"/01/2026"&L87 -> 02/01/2026NL300142 | N87: =IFERROR(VLOOKUP(M87,'WS3'!$B$2:$Q$437,11,0),0) -> 2 | O87: =IFERROR(VLOOKUP(M87,'WS3'!$B$2:$Q$437,12,0),0) -> 50000 | P87: =N87*O87 -> 100000 | Q87: =H87-N87 -> 0 | R87: =I87-O87 -> 0
A88: 02/01/2026 | B88: TG-KS00286 | C88: LONGWANG 3 | D88: TG-AA20840 | E88: I100270 | F88: Trứng bắc thảo | G88: Quả | H88: 30 | I88: 9000 | J88: =H88*I88 -> 270000 | L88: =IFERROR(VLOOKUP(F88,MÃ!$A:$B,2,0),0) -> NL100279 | M88: ="0"&DAY(A88)&"/01/2026"&L88 -> 02/01/2026NL100279 | N88: =IFERROR(VLOOKUP(M88,'WS3'!$B$2:$Q$437,11,0),0) -> 30 | O88: =IFERROR(VLOOKUP(M88,'WS3'!$B$2:$Q$437,12,0),0) -> 9000 | P88: =N88*O88 -> 270000 | Q88: =H88-N88 -> 0 | R88: =I88-O88 -> 0
A89: 02/01/2026 | B89: TG-KS00286 | C89: LONGWANG 3 | D89: TG-AA20840 | E89: I100275 | F89: Trứng vịt muối | G89: Quả | H89: 70 | I89: 5000 | J89: =H89*I89 -> 350000 | L89: =IFERROR(VLOOKUP(F89,MÃ!$A:$B,2,0),0) -> NL100101 | M89: ="0"&DAY(A89)&"/01/2026"&L89 -> 02/01/2026NL100101 | N89: =IFERROR(VLOOKUP(M89,'WS3'!$B$2:$Q$437,11,0),0) -> 70 | O89: =IFERROR(VLOOKUP(M89,'WS3'!$B$2:$Q$437,12,0),0) -> 5000 | P89: =N89*O89 -> 350000 | Q89: =H89-N89 -> 0 | R89: =I89-O89 -> 0
A90: 02/01/2026 | B90: TG-KS00286 | C90: LONGWANG 3 | D90: TG-AA20840 | E90: I100212 | F90: Xà lách Rocket | G90: Kg | H90: 0.2 | I90: 220000 | J90: =H90*I90 -> 44000 | L90: =IFERROR(VLOOKUP(F90,MÃ!$A:$B,2,0),0) -> NL300131 | M90: ="0"&DAY(A90)&"/01/2026"&L90 -> 02/01/2026NL300131 | N90: =IFERROR(VLOOKUP(M90,'WS3'!$B$2:$Q$437,11,0),0) -> 0.2 | O90: =IFERROR(VLOOKUP(M90,'WS3'!$B$2:$Q$437,12,0),0) -> 220000 | P90: =N90*O90 -> 44000 | Q90: =H90-N90 -> 0 | R90: =I90-O90 -> 0
A91: 02/01/2026 | B91: TG-KS00286 | C91: LONGWANG 3 | D91: TG-AA20840 | E91: I100209 | F91: Xà lách romain | G91: Kg | H91: 8 | I91: 62000 | J91: =H91*I91 -> 496000 | L91: =IFERROR(VLOOKUP(F91,MÃ!$A:$B,2,0),0) -> NL300147 | M91: ="0"&DAY(A91)&"/01/2026"&L91 -> 02/01/2026NL300147 | N91: =IFERROR(VLOOKUP(M91,'WS3'!$B$2:$Q$437,11,0),0) -> 5.5 | O91: =IFERROR(VLOOKUP(M91,'WS3'!$B$2:$Q$437,12,0),0) -> 62000 | P91: =N91*O91 -> 341000 | Q91: =H91-N91 -> 2.5 | R91: =I91-O91 -> 0 | S91: SAI SL
A92: 02/01/2026 | B92: TG-KS00286 | C92: LONGWANG 3 | D92: TG-AA20923 | E92: I100270 | F92: Trứng bắc thảo | G92: Quả | H92: 30 | I92: 9000 | J92: =H92*I92 -> 270000 | L92: =IFERROR(VLOOKUP(F92,MÃ!$A:$B,2,0),0) -> NL100279 | M92: ="0"&DAY(A92)&"/01/2026"&L92 -> 02/01/2026NL100279 | N92: =IFERROR(VLOOKUP(M92,'WS3'!$B$2:$Q$437,11,0),0) -> 30 | O92: =IFERROR(VLOOKUP(M92,'WS3'!$B$2:$Q$437,12,0),0) -> 9000 | P92: =N92*O92 -> 270000 | Q92: =H92-N92 -> 0 | R92: =I92-O92 -> 0
A93: 03/01/2026 | B93: TG-KS00286 | C93: LONGWANG 3 | D93: TG-AA20968 | E93: I100253 | F93: Bánh ướt | G93: Kg | H93: 4 | I93: 15000 | J93: =H93*I93 -> 60000 | L93: =IFERROR(VLOOKUP(F93,MÃ!$A:$B,2,0),0) -> NL300189 | M93: ="0"&DAY(A93)&"/01/2026"&L93 -> 03/01/2026NL300189 | N93: =IFERROR(VLOOKUP(M93,'WS3'!$B$2:$Q$437,11,0),0) -> 4 | O93: =IFERROR(VLOOKUP(M93,'WS3'!$B$2:$Q$437,12,0),0) -> 15000 | P93: =N93*O93 -> 60000 | Q93: =H93-N93 -> 0 | R93: =I93-O93 -> 0
A94: 03/01/2026 | B94: TG-KS00286 | C94: LONGWANG 3 | D94: TG-AA20968 | E94: I100008 | F94: Bắp mỹ trái (Loại 1) | G94: Trái | H94: 12 | I94: 8500 | J94: =H94*I94 -> 102000 | L94: =IFERROR(VLOOKUP(F94,MÃ!$A:$B,2,0),0) -> NL300107 | M94: ="0"&DAY(A94)&"/01/2026"&L94 -> 03/01/2026NL300107 | N94: =IFERROR(VLOOKUP(M94,'WS3'!$B$2:$Q$437,11,0),0) -> 12 | O94: =IFERROR(VLOOKUP(M94,'WS3'!$B$2:$Q$437,12,0),0) -> 8500 | P94: =N94*O94 -> 102000 | Q94: =H94-N94 -> 0 | R94: =I94-O94 -> 0
A95: 03/01/2026 | B95: TG-KS00286 | C95: LONGWANG 3 | D95: TG-AA20968 | E95: I100012 | F95: Bí đỏ hồ lô | G95: Kg | H95: 3.9 | I95: 30000 | J95: =H95*I95 -> 117000 | L95: =IFERROR(VLOOKUP(F95,MÃ!$A:$B,2,0),0) -> NL300007 | M95: ="0"&DAY(A95)&"/01/2026"&L95 -> 03/01/2026NL300007 | N95: =IFERROR(VLOOKUP(M95,'WS3'!$B$2:$Q$437,11,0),0) -> 3.9 | O95: =IFERROR(VLOOKUP(M95,'WS3'!$B$2:$Q$437,12,0),0) -> 30000 | P95: =N95*O95 -> 117000 | Q95: =H95-N95 -> 0 | R95: =I95-O95 -> 0
A96: 03/01/2026 | B96: TG-KS00286 | C96: LONGWANG 3 | D96: TG-AA20968 | E96: I100016 | F96: Bí ngòi xanh | G96: Kg | H96: 12.1 | I96: 40000 | J96: =H96*I96 -> 484000 | L96: =IFERROR(VLOOKUP(F96,MÃ!$A:$B,2,0),0) -> NL300008 | M96: ="0"&DAY(A96)&"/01/2026"&L96 -> 03/01/2026NL300008 | N96: =IFERROR(VLOOKUP(M96,'WS3'!$B$2:$Q$437,11,0),0) -> 8 | O96: =IFERROR(VLOOKUP(M96,'WS3'!$B$2:$Q$437,12,0),0) -> 40000 | P96: =N96*O96 -> 320000 | Q96: =H96-N96 -> 4.1 | R96: =I96-O96 -> 0 | S96: SAI SL
A97: 03/01/2026 | B97: TG-KS00286 | C97: LONGWANG 3 | D97: TG-AA20968 | E97: I100024 | F97: Bông cải xanh | G97: Kg | H97: 3.5 | I97: 52000 | J97: =H97*I97 -> 182000 | L97: =IFERROR(VLOOKUP(F97,MÃ!$A:$B,2,0),0) -> NL300137 | M97: ="0"&DAY(A97)&"/01/2026"&L97 -> 03/01/2026NL300137 | N97: =IFERROR(VLOOKUP(M97,'WS3'!$B$2:$Q$437,11,0),0) -> 2.5 | O97: =IFERROR(VLOOKUP(M97,'WS3'!$B$2:$Q$437,12,0),0) -> 52000 | P97: =N97*O97 -> 130000 | Q97: =H97-N97 -> 1 | R97: =I97-O97 -> 0 | S97: SAI SL
A98: 03/01/2026 | B98: TG-KS00286 | C98: LONGWANG 3 | D98: TG-AA20968 | E98: I100045 | F98: Cải Hongkong(Cai ngong) | G98: Kg | H98: 3 | I98: 30000 | J98: =H98*I98 -> 90000 | L98: =IFERROR(VLOOKUP(F98,MÃ!$A:$B,2,0),0) -> NL300020 | M98: ="0"&DAY(A98)&"/01/2026"&L98 -> 03/01/2026NL300020 | N98: =IFERROR(VLOOKUP(M98,'WS3'!$B$2:$Q$437,11,0),0) -> 2 | O98: =IFERROR(VLOOKUP(M98,'WS3'!$B$2:$Q$437,12,0),0) -> 30000 | P98: =N98*O98 -> 60000 | Q98: =H98-N98 -> 1 | R98: =I98-O98 -> 0 | S98: SAI SL
A99: 03/01/2026 | B99: TG-KS00286 | C99: LONGWANG 3 | D99: TG-AA20968 | E99: I100469 | F99: Cam vàng | G99: Kg | H99: 0.7 | I99: 75000 | J99: =H99*I99 -> 52500 | L99: =IFERROR(VLOOKUP(F99,MÃ!$A:$B,2,0),0) -> NL600067 | M99: ="0"&DAY(A99)&"/01/2026"&L99 -> 03/01/2026NL600067 | N99: =IFERROR(VLOOKUP(M99,'WS3'!$B$2:$Q$437,11,0),0) -> 0.7 | O99: =IFERROR(VLOOKUP(M99,'WS3'!$B$2:$Q$437,12,0),0) -> 75000 | P99: =N99*O99 -> 52500 | Q99: =H99-N99 -> 0 | R99: =I99-O99 -> 0
A100: 03/01/2026 | B100: TG-KS00286 | C100: LONGWANG 3 | D100: TG-AA20968 | E100: I100057 | F100: Cần tây | G100: Kg | H100: 1.2 | I100: 44000 | J100: =H100*I100 -> 52800 | L100: =IFERROR(VLOOKUP(F100,MÃ!$A:$B,2,0),0) -> NL300025 | M100: ="0"&DAY(A100)&"/01/2026"&L100 -> 03/01/2026NL300025 | N100: =IFERROR(VLOOKUP(M100,'WS3'!$B$2:$Q$437,11,0),0) -> 1.2 | O100: =IFERROR(VLOOKUP(M100,'WS3'!$B$2:$Q$437,12,0),0) -> 44000 | P100: =N100*O100 -> 52800 | Q100: =H100-N100 -> 0 | R100: =I100-O100 -> 0
A101: 03/01/2026 | B101: TG-KS00286 | C101: LONGWANG 3 | D101: TG-AA20968 | E101: I100474 | F101: Chanh Dây | G101: Kg | H101: 1.5 | I101: 34000 | J101: =H101*I101 -> 51000 | L101: =IFERROR(VLOOKUP(F101,MÃ!$A:$B,2,0),0) -> NL300030 | M101: ="0"&DAY(A101)&"/01/2026"&L101 -> 03/01/2026NL300030 | N101: =IFERROR(VLOOKUP(M101,'WS3'!$B$2:$Q$437,11,0),0) -> 1.5 | O101: =IFERROR(VLOOKUP(M101,'WS3'!$B$2:$Q$437,12,0),0) -> 34000 | P101: =N101*O101 -> 51000 | Q101: =H101-N101 -> 0 | R101: =I101-O101 -> 0
A102: 03/01/2026 | B102: TG-KS00286 | C102: LONGWANG 3 | D102: TG-AA20968 | E102: I100060 | F102: Chanh không hạt | G102: Kg | H102: 3 | I102: 22000 | J102: =H102*I102 -> 66000 | L102: =IFERROR(VLOOKUP(F102,MÃ!$A:$B,2,0),0) -> NL300029 | M102: ="0"&DAY(A102)&"/01/2026"&L102 -> 03/01/2026NL300029 | N102: =IFERROR(VLOOKUP(M102,'WS3'!$B$2:$Q$437,11,0),0) -> 3 | O102: =IFERROR(VLOOKUP(M102,'WS3'!$B$2:$Q$437,12,0),0) -> 22000 | P102: =N102*O102 -> 66000 | Q102: =H102-N102 -> 0 | R102: =I102-O102 -> 0
A103: 03/01/2026 | B103: TG-KS00286 | C103: LONGWANG 3 | D103: TG-AA20968 | E103: I100062 | F103: Chanh vàng | G103: Kg | H103: 0.6 | I103: 95000 | J103: =H103*I103 -> 57000 | L103: =IFERROR(VLOOKUP(F103,MÃ!$A:$B,2,0),0) -> NL600068 | M103: ="0"&DAY(A103)&"/01/2026"&L103 -> 03/01/2026NL600068 | N103: =IFERROR(VLOOKUP(M103,'WS3'!$B$2:$Q$437,11,0),0) -> 0.6 | O103: =IFERROR(VLOOKUP(M103,'WS3'!$B$2:$Q$437,12,0),0) -> 95000 | P103: =N103*O103 -> 57000 | Q103: =H103-N103 -> 0 | R103: =I103-O103 -> 0
A104: 03/01/2026 | B104: TG-KS00286 | C104: LONGWANG 3 | D104: TG-AA20968 | E104: I100097 | F104: Củ Gừng | G104: Kg | H104: 2 | I104: 38000 | J104: =H104*I104 -> 76000 | L104: =IFERROR(VLOOKUP(F104,MÃ!$A:$B,2,0),0) -> NL300054 | M104: ="0"&DAY(A104)&"/01/2026"&L104 -> 03/01/2026NL300054 | N104: =IFERROR(VLOOKUP(M104,'WS3'!$B$2:$Q$437,11,0),0) -> 2 | O104: =IFERROR(VLOOKUP(M104,'WS3'!$B$2:$Q$437,12,0),0) -> 38000 | P104: =N104*O104 -> 76000 | Q104: =H104-N104 -> 0 | R104: =I104-O104 -> 0
A105: 03/01/2026 | B105: TG-KS00286 | C105: LONGWANG 3 | D105: TG-AA20968 | E105: I100072 | F105: Củ riềng | G105: Kg | H105: 0.2 | I105: 25000 | J105: =H105*I105 -> 5000 | L105: =IFERROR(VLOOKUP(F105,MÃ!$A:$B,2,0),0) -> NL300035 | M105: ="0"&DAY(A105)&"/01/2026"&L105 -> 03/01/2026NL300035 | N105: =IFERROR(VLOOKUP(M105,'WS3'!$B$2:$Q$437,11,0),0) -> 0.2 | O105: =IFERROR(VLOOKUP(M105,'WS3'!$B$2:$Q$437,12,0),0) -> 25000 | P105: =N105*O105 -> 5000 | Q105: =H105-N105 -> 0 | R105: =I105-O105 -> 0
A106: 03/01/2026 | B106: TG-KS00286 | C106: LONGWANG 3 | D106: TG-AA20968 | E106: I100074 | F106: Củ sen | G106: Kg | H106: 1 | I106: 47000 | J106: =H106*I106 -> 47000 | L106: =IFERROR(VLOOKUP(F106,MÃ!$A:$B,2,0),0) -> NL300036 | M106: ="0"&DAY(A106)&"/01/2026"&L106 -> 03/01/2026NL300036 | N106: =IFERROR(VLOOKUP(M106,'WS3'!$B$2:$Q$437,11,0),0) -> 1 | O106: =IFERROR(VLOOKUP(M106,'WS3'!$B$2:$Q$437,12,0),0) -> 47000 | P106: =N106*O106 -> 47000 | Q106: =H106-N106 -> 0 | R106: =I106-O106 -> 0
...

Sheet WS3
A1: Ngày ct | B1: Mã ct | C1: Số ct | D1: Số hđ | E1: Áp giá | F1: Mã ncc | G1: Tên ncc | H1: Diễn giải | I1: Mã hàng | J1: Tên mặt hàng | K1: Đvt | L1: =SUBTOTAL(9,L2:L437) -> 99.7 | M1: Giá | N1: Giá báo | O1: =SUBTOTAL(9,O2:O437) -> 1840600 | P1: Thuế suất | Q1: Chênh lệch giá | R1: Kho hàng | S1: Mã nx | T1: Vụ việc | U1: Bộ phận | V1: Hợp đồng | W1: Người tạo | X1: Người sửa
A2: 46023 | B2: ="0"&DAY(A2)&"/01/2026"&I2 -> 01/01/2026NL100101 | C2: 2601WSG03004 | E2: 1 | F2: NCC100186 | G2: CÔNG TY TNHH NÔNG SẢN THỰC PHẨM TRẦN GIA | H2: WSG03 - Nhập hàng mua ngày 01/01/2026 | I2: NL100101 | J2: Trứng vịt muối | K2: quả | L2: 35 | M2: 5000 | N2: 0 | O2: 175000 | P2: 0 | Q2: 5000 | R2: WSG.03 | S2: 3311 | U2: WSG03 | W2: NHUNTQ | X2: NHUNTQ
A3: 46023 | B3: ="0"&DAY(A3)&"/01/2026"&I3 -> 01/01/2026NL100279 | C3: 2601WSG03004 | E3: 1 | F3: NCC100186 | G3: CÔNG TY TNHH NÔNG SẢN THỰC PHẨM TRẦN GIA | H3: WSG03 - Nhập hàng mua ngày 01/01/2026 | I3: NL100279 | J3: Trứng Bắc Thảo | K3: Quả | L3: 50 | M3: 9000 | N3: 0 | O3: 450000 | P3: 0 | Q3: 9000 | R3: WSG.03 | S3: 3311 | U3: WSG03 | W3: NHUNTQ | X3: NHUNTQ
A4: 46023 | B4: ="0"&DAY(A4)&"/01/2026"&I4 -> 01/01/2026NL300142 | C4: 2601WSG03004 | E4: 1 | F4: NCC100186 | G4: CÔNG TY TNHH NÔNG SẢN THỰC PHẨM TRẦN GIA | H4: WSG03 - Nhập hàng mua ngày 01/01/2026 | I4: NL300142 | J4: Tỏi bóc | K4: kg | L4: 2 | M4: 50000 | N4: 0 | O4: 100000 | P4: 0 | Q4: 50000 | R4: WSG.03 | S4: 3311 | U4: WSG03 | W4: NHUNTQ | X4: NHUNTQ
A5: 46023 | B5: ="0"&DAY(A5)&"/01/2026"&I5 -> 01/01/2026NL300097 | C5: 2601WSG03004 | E5: 1 | F5: NCC100186 | G5: CÔNG TY TNHH NÔNG SẢN THỰC PHẨM TRẦN GIA | H5: WSG03 - Nhập hàng mua ngày 01/01/2026 | I5: NL300097 | J5: Nấm Linh Chi nâu | K5: kg | L5: 1 | M5: 90000 | N5: 0 | O5: 90000 | P5: 0 | Q5: 90000 | R5: WSG.03 | S5: 3311 | U5: WSG03 | W5: NHUNTQ | X5: NHUNTQ
A6: 46023 | B6: ="0"&DAY(A6)&"/01/2026"&I6 -> 01/01/2026NL300007 | C6: 2601WSG03004 | E6: 1 | F6: NCC100186 | G6: CÔNG TY TNHH NÔNG SẢN THỰC PHẨM TRẦN GIA | H6: WSG03 - Nhập hàng mua ngày 01/01/2026 | I6: NL300007 | J6: Bí đỏ | K6: kg | L6: 4.8 | M6: 30000 | N6: 0 | O6: 144000 | P6: 0 | Q6: 30000 | R6: WSG.03 | S6: 3311 | U6: WSG03 | W6: NHUNTQ | X6: NHUNTQ
A7: 46023 | B7: ="0"&DAY(A7)&"/01/2026"&I7 -> 01/01/2026NL300008 | C7: 2601WSG03004 | E7: 1 | F7: NCC100186 | G7: CÔNG TY TNHH NÔNG SẢN THỰC PHẨM TRẦN GIA | H7: WSG03 - Nhập hàng mua ngày 01/01/2026 | I7: NL300008 | J7: Bí ngòi | K7: kg | L7: 10 | M7: 40000 | N7: 0 | O7: 400000 | P7: 0 | Q7: 40000 | R7: WSG.03 | S7: 3311 | U7: WSG03 | W7: NHUNTQ | X7: NHUNTQ
A8: 46023 | B8: ="0"&DAY(A8)&"/01/2026"&I8 -> 01/01/2026NL300020 | C8: 2601WSG03004 | E8: 1 | F8: NCC100186 | G8: CÔNG TY TNHH NÔNG SẢN THỰC PHẨM TRẦN GIA | H8: WSG03 - Nhập hàng mua ngày 01/01/2026 | I8: NL300020 | J8: Cải ngồng | K8: kg | L8: 3 | M8: 30000 | N8: 0 | O8: 90000 | P8: 0 | Q8: 30000 | R8: WSG.03 | S8: 3311 | U8: WSG03 | W8: NHUNTQ | X8: NHUNTQ
A9: 46023 | B9: ="0"&DAY(A9)&"/01/2026"&I9 -> 01/01/2026NL300025 | C9: 2601WSG03004 | E9: 1 | F9: NCC100186 | G9: CÔNG TY TNHH NÔNG SẢN THỰC PHẨM TRẦN GIA | H9: WSG03 - Nhập hàng mua ngày 01/01/2026 | I9: NL300025 | J9: Rau cần tây | K9: kg | L9: 2.2 | M9: 44000 | N9: 0 | O9: 96800 | P9: 0 | Q9: 44000 | R9: WSG.03 | S9: 3311 | U9: WSG03 | W9: NHUNTQ | X9: NHUNTQ
A10: 46023 | B10: ="0"&DAY(A10)&"/01/2026"&I10 -> 01/01/2026NL300028 | C10: 2601WSG03004 | E10: 1 | F10: NCC100186 | G10: CÔNG TY TNHH NÔNG SẢN THỰC PHẨM TRẦN GIA | H10: WSG03 - Nhập hàng mua ngày 01/01/2026 | I10: NL300028 | J10: Cà rốt baby | K10: kg | L10: 0.5 | M10: 75000 | N10: 0 | O10: 37500 | P10: 0 | Q10: 75000 | R10: WSG.03 | S10: 3311 | U10: WSG03 | W10: NHUNTQ | X10: NHUNTQ
A11: 46023 | B11: ="0"&DAY(A11)&"/01/2026"&I11 -> 01/01/2026NL300035 | C11: 2601WSG03004 | E11: 1 | F11: NCC100186 | G11: CÔNG TY TNHH NÔNG SẢN THỰC PHẨM TRẦN GIA | H11: WSG03 - Nhập hàng mua ngày 01/01/2026 | I11: NL300035 | J11: Riềng củ | K11: kg | L11: 0.15 | M11: 25000 | N11: 0 | O11: 3750 | P11: 0 | Q11: 25000 | R11: WSG.03 | S11: 3311 | U11: WSG03 | W11: NHUNTQ | X11: NHUNTQ
A12: 46023 | B12: ="0"&DAY(A12)&"/01/2026"&I12 -> 01/01/2026NL300036 | C12: 2601WSG03004 | E12: 1 | F12: NCC100186 | G12: CÔNG TY TNHH NÔNG SẢN THỰC PHẨM TRẦN GIA | H12: WSG03 - Nhập hàng mua ngày 01/01/2026 | I12: NL300036 | J12: Củ sen | K12: kg | L12: 1 | M12: 47000 | N12: 0 | O12: 47000 | P12: 0 | Q12: 47000 | R12: WSG.03 | S12: 3311 | U12: WSG03 | W12: NHUNTQ | X12: NHUNTQ
A13: 46023 | B13: ="0"&DAY(A13)&"/01/2026"&I13 -> 01/01/2026NL300038 | C13: 2601WSG03004 | E13: 1 | F13: NCC100186 | G13: CÔNG TY TNHH NÔNG SẢN THỰC PHẨM TRẦN GIA | H13: WSG03 - Nhập hàng mua ngày 01/01/2026 | I13: NL300038 | J13: Đậu bắp | K13: kg | L13: 5 | M13: 32000 | N13: 0 | O13: 160000 | P13: 0 | Q13: 32000 | R13: WSG.03 | S13: 3311 | U13: WSG03 | W13: NHUNTQ | X13: NHUNTQ
... A257: 46031 | B257: ="0"&DAY(A257)&"/01/2026"&I257 -> 09/01/2026NL100279 | C257: 2601WSG03059 | E257: 1 | F257: NCC100186 | G257: CÔNG TY TNHH NÔNG SẢN THỰC PHẨM TRẦN GIA | H257: WSG03 - Nhập hàng mua ngày 09/01/2026 | I257: NL100279 | J257: Trứng Bắc Thảo | K257: Quả | L257: 50 | M257: 9000 | N257: 0 | O257: 450000 | P257: 0 | Q257: 9000 | R257: WSG.03 | S257: 3311 | U257: WSG03 | W257: NHUNTQ | X257: NHUNTQ
A258: 46032 | B258: =""&DAY(A258)&"/01/2026"&I258 -> 10/01/2026NL600004 | C258: 2601WSG03140 | E258: 1 | F258: NCC100186 | G258: CÔNG TY TNHH NÔNG SẢN THỰC PHẨM TRẦN GIA | H258: WSG03 - Nhập hàng mua ngày 10/01/2026 | I258: NL600004 | J258: Dưa hấu | K258: kg | L258: 18.5 | M258: 18000 | N258: 0 | O258: 333000 | P258: 0 | Q258: 18000 | R258: WSG.03 | S258: 3311 | U258: WSG03 | W258: NHUNTQ | X258: NHUNTQ
A259: 46032 | B259: =""&DAY(A259)&"/01/2026"&I259 -> 10/01/2026NL600068 | C259: 2601WSG03140 | E259: 1 | F259: NCC100186 | G259: CÔNG TY TNHH NÔNG SẢN THỰC PHẨM TRẦN GIA | H259: WSG03 - Nhập hàng mua ngày 10/01/2026 | I259: NL600068 | J259: Chanh vàng | K259: kg | L259: 0.3 | M259: 95000 | N259: 0 | O259: 28500 | P259: 0 | Q259: 95000 | R259: WSG.03 | S259: 3311 | U259: WSG03 | W259: NHUNTQ | X259: NHUNTQ
A260: 46032 | B260: =""&DAY(A260)&"/01/2026"&I260 -> 10/01/2026NL300131 | C260: 2601WSG03140 | E260: 1 | F260: NCC100186 | G260: CÔNG TY TNHH NÔNG SẢN THỰC PHẨM TRẦN GIA | H260: WSG03 - Nhập hàng mua ngày 10/01/2026 | I260: NL300131 | J260: Xà lách Rocket | K260: kg | L260: 0.3 | M260: 220000 | N260: 0 | O260: 66000 | P260: 0 | Q260: 220000 | R260: WSG.03 | S260: 3311 | U260: WSG03 | W260: NHUNTQ | X260: NHUNTQ
A261: 46032 | B261: =""&DAY(A261)&"/01/2026"&I261 -> 10/01/2026NL300030 | C261: 2601WSG03140 | E261: 1 | F261: NCC100186 | G261: CÔNG TY TNHH NÔNG SẢN THỰC PHẨM TRẦN GIA | H261: WSG03 - Nhập hàng mua ngày 10/01/2026 | I261: NL300030 | J261: Chanh dây (chanh leo) | K261: kg | L261: 1.2 | M261: 34000 | N261: 0 | O261: 40800 | P261: 0 | Q261: 34000 | R261: WSG.03 | S261: 3311 | U261: WSG03 | W261: NHUNTQ | X261: NHUNTQ
A262: 46032 | B262: =""&DAY(A262)&"/01/2026"&I262 -> 10/01/2026NL300062 | C262: 2601WSG03140 | E262: 1 | F262: NCC100186 | G262: CÔNG TY TNHH NÔNG SẢN THỰC PHẨM TRẦN GIA | H262: WSG03 - Nhập hàng mua ngày 10/01/2026 | I262: NL300062 | J262: Húng Bạc Hà | K262: kg | L262: 0.1 | M262: 65000 | N262: 0 | O262: 6500 | P262: 0 | Q262: 65000 | R262: WSG.03 | S262: 3311 | U262: WSG03 | W262: NHUNTQ | X262: NHUNTQ
A263: 46032 | B263: =""&DAY(A263)&"/01/2026"&I263 -> 10/01/2026NL300125 | C263: 2601WSG03140 | E263: 1 | F263: NCC100186 | G263: CÔNG TY TNHH NÔNG SẢN THỰC PHẨM TRẦN GIA | H263: WSG03 - Nhập hàng mua ngày 10/01/2026 | I263: NL300125 | J263: Rau má | K263: kg | L263: 0.5 | M263: 42000 | N263: 0 | O263: 21000 | P263: 0 | Q263: 42000 | R263: WSG.03 | S263: 3311 | U263: WSG03 | W263: NHUNTQ | X263: NHUNTQ
A264: 46032 | B264: =""&DAY(A264)&"/01/2026"&I264 -> 10/01/2026NL600067 | C264: 2601WSG03140 | E264: 1 | F264: NCC100186 | G264: CÔNG TY TNHH NÔNG SẢN THỰC PHẨM TRẦN GIA | H264: WSG03 - Nhập hàng mua ngày 10/01/2026 | I264: NL600067 | J264: Cam vàng | K264: kg | L264: 0.8 | M264: 75000 | N264: 0 | O264: 60000 | P264: 0 | Q264: 75000 | R264: WSG.03 | S264: 3311 | U264: WSG03 | W264: NHUNTQ | X264: NHUNTQ
A265: 46032 | B265: =""&DAY(A265)&"/01/2026"&I265 -> 10/01/2026NL300184 | C265: 2601WSG03140 | E265: 1 | F265: NCC100186 | G265: CÔNG TY TNHH NÔNG SẢN THỰC PHẨM TRẦN GIA | H265: WSG03 - Nhập hàng mua ngày 10/01/2026 | I265: NL300184 | J265: Lá Dứa (lá nếp) | K265: kg | L265: 0.3 | M265: 18000 | N265: 0 | O265: 5400 | P265: 0 | Q265: 18000 | R265: WSG.03 | S265: 3311 | U265: WSG03 | W265: NHUNTQ | X265: NHUNTQ
A266: 46032 | B266: =""&DAY(A266)&"/01/2026"&I266 -> 10/01/2026NL100101 | C266: 2601WSG03140 | E266: 1 | F266: NCC100186 | G266: CÔNG TY TNHH NÔNG SẢN THỰC PHẨM TRẦN GIA | H266: WSG03 - Nhập hàng mua ngày 10/01/2026 | I266: NL100101 | J266: Trứng vịt muối | K266: quả | L266: 47 | M266: 5000 | N266: 0 | O266: 235000 | P266: 0 | Q266: 5000 | R266: WSG.03 | S266: 3311 | U266: WSG03 | W266: NHUNTQ | X266: NHUNTQ
A267: 46032 | B267: =""&DAY(A267)&"/01/2026"&I267 -> 10/01/2026NL300097 | C267: 2601WSG03140 | E267: 1 | F267: NCC100186 | G267: CÔNG TY TNHH NÔNG SẢN THỰC PHẨM TRẦN GIA | H267: WSG03 - Nhập hàng mua ngày 10/01/2026 | I267: NL300097 | J267: Nấm Linh Chi nâu | K267: kg | L267: 0.5 | M267: 90000 | N267: 0 | O267: 45000 | P267: 0 | Q267: 90000 | R267: WSG.03 | S267: 3311 | U267: WSG03 | W267: NHUNTQ | X267: NHUNTQ
A268: 46032 | B268: =""&DAY(A268)&"/01/2026"&I268 -> 10/01/2026NL300007 | C268: 2601WSG03140 | E268: 1 | F268: NCC100186 | G268: CÔNG TY TNHH NÔNG SẢN THỰC PHẨM TRẦN GIA | H268: WSG03 - Nhập hàng mua ngày 10/01/2026 | I268: NL300007 | J268: Bí đỏ | K268: kg | L268: 4.1 | M268: 30000 | N268: 0 | O268: 123000 | P268: 0 | Q268: 30000 | R268: WSG.03 | S268: 3311 | U268: WSG03 | W268: NHUNTQ | X268: NHUNTQ
A269: 46032 | B269: =""&DAY(A269)&"/01/2026"&I269 -> 10/01/2026NL300008 | C269: 2601WSG03140 | E269: 1 | F269: NCC100186 | G269: CÔNG TY TNHH NÔNG SẢN THỰC PHẨM TRẦN GIA | H269: WSG03 - Nhập hàng mua ngày 10/01/2026 | I269: NL300008 | J269: Bí ngòi | K269: kg | L269: 4 | M269: 40000 | N269: 0 | O269: 160000 | P269: 0 | Q269: 40000 | R269: WSG.03 | S269: 3311 | U269: WSG03 | W269: NHUNTQ | X269: NHUNTQ
... A437: 46037 | B437: =""&DAY(A437)&"/01/2026"&I437 -> 15/01/2026NL300119 | C437: 2601WSG03184 | E437: 1 | F437: NCC100186 | G437: CÔNG TY TNHH NÔNG SẢN THỰC PHẨM TRẦN GIA | H437: WSG03 - Nhập hàng mua ngày 15/01/2026 | I437: NL300119 | J437: Quất ( Tắc trái ) | K437: kg | L437: 1 | M437: 21000 | N437: 0 | O437: 21000 | P437: 0 | Q437: 21000 | R437: WSG.03 | S437: 3311 | U437: WSG03 | W437: NHUNTQ | X437: NHUNTQ

Sheet MÃ
A1: Row Labels | B1: Count of Mã hàng
A2: Bắp cải tím | B2: NL300003
A3: Bắp cải trắng | B3: NL300004
A4: Bắp mỹ trái (Loại 1) | B4: NL300107
A5: Bầu xanh | B5: NL300174
A6: Bông cải xanh | B6: NL300137
A7: Bún nhỏ | B7: NL300012
A8: Cà chua | B8: NL300013
A9: Cà chua bi | B9: NL300014
A10: Cà rốt | B10: NL300027
A11: Cải chua nguyên cây | B11: NL300155
A12: Cải thảo | B12: NL300022
... A146: Trứng bắc thảo | B146: NL100279

Sheet LW11
D2: CÔNG TY TNHH NÔNG SẢN THỰC PHẨM TRẦN GIA HTX: Ấp Lộc Tiến, Xã Mỹ Lộc, Huyện Cần Giuộc, Tỉnh Long An VP: Tòa nhà An Phú Plaza, 117-119 Lý Chính Thắng, P.7. Q.3, TP.HCM Kho sơ chế: 30 Kha Vạn Cân, P. Hiệp Bình Chánh, TP.Thủ Đức, TP.HCM Kho Đà Lạt: 69 Trần Thủ Độ, TT Liên Nghĩa, Huyện Đức Trọng, Tỉnh Lâm Đồng. Website: rausachtrangia.com - Hotline: 090.245.8081
A4: CHI TIẾT ĐỐI CHIẾU CÔNG NỢ
A6: Từ ngày 1 tháng 01 đến ngày 15 tháng 01 năm 2026
A8: Tên Khách hàng: LONGWANG 11
A10: Địa chỉ:
A12: Người liên hệ: Email: | N12: =SUBTOTAL(9,N15:N501) -> 1428.65 | P12: =SUBTOTAL(9,P15:P501) -> 36061660
J13: =SUBTOTAL(9,J15:J498) -> 49135400
A14: NGÀY | B14: MÃ KHÁCH HÀNG | C14: TÊN KHÁCH HÀNG | D14: MÃ ĐƠN HÀNG | E14: MÃ HÀNG | F14: TÊN HÀNG | G14: ĐVT | H14: SỐ LƯỢNG | I14: ĐƠN GIÁ | J14: THÀNH TIỀN | K14: GHI CHÚ | N14: THỰC NHẬN | O14: ĐƠN GIÁ | P14: THÀNH TIỀN | Q14: LỆCH SL | R14: LỆCH ĐG | S14: NOTE
A15: 01/01/2026 | B15: TG-KS00546 | C15: LONGWANG 11 | D15: TG-AA20664 | E15: I100253 | F15: Bánh ướt | G15: Kg | H15: 2.8 | I15: 15000 | J15: =H15*I15 -> 42000 | L15: =IFERROR(VLOOKUP(F15,MÃ!$A:$B,2,0),0) -> NL300189 | M15: ="0"&DAY(A15)&"/01/2026"&L15 -> 01/01/2026NL300189 | N15: =IFERROR(VLOOKUP(M15,'WS11'!$B$2:$Q$475,11,0),0) -> 1 | O15: =IFERROR(VLOOKUP(M15,'WS11'!$B$2:$Q$475,12,0),0) -> 15000 | P15: =N15*O15 -> 15000 | Q15: =H15-N15 -> 1.8 | R15: =I15-O15 -> 0 | S15: SAI SL
A16: 01/01/2026 | B16: TG-KS00546 | C16: LONGWANG 11 | D16: TG-AA20664 | E16: I100008 | F16: Bắp mỹ trái (Loại 1) | G16: Trái | H16: 12 | I16: 8500 | J16: =H16*I16 -> 102000 | L16: =IFERROR(VLOOKUP(F16,MÃ!$A:$B,2,0),0) -> NL300107 | M16: ="0"&DAY(A16)&"/01/2026"&L16 -> 01/01/2026NL300107 | N16: =IFERROR(VLOOKUP(M16,'WS11'!$B$2:$Q$475,11,0),0) -> 10 | O16: =IFERROR(VLOOKUP(M16,'WS11'!$B$2:$Q$475,12,0),0) -> 8500 | P16: =N16*O16 -> 85000 | Q16: =H16-N16 -> 2 | R16: =I16-O16 -> 0 | S16: SAI SL
A17: 01/01/2026 | B17: TG-KS00546 | C17: LONGWANG 11 | D17: TG-AA20664 | E17: I100012 | F17: Bí đỏ hồ lô | G17: Kg | H17: 5.1 | I17: 30000 | J17: =H17*I17 -> 153000 | L17: =IFERROR(VLOOKUP(F17,MÃ!$A:$B,2,0),0) -> NL300007 | M17: ="0"&DAY(A17)&"/01/2026"&L17 -> 01/01/2026NL300007 | N17: =IFERROR(VLOOKUP(M17,'WS11'!$B$2:$Q$475,11,0),0) -> 3 | O17: =IFERROR(VLOOKUP(M17,'WS11'!$B$2:$Q$475,12,0),0) -> 30000 | P17: =N17*O17 -> 90000 | Q17: =H17-N17 -> 2.1 | R17: =I17-O17 -> 0 | S17: SAI SL
A18: 01/01/2026 | B18: TG-KS00546 | C18: LONGWANG 11 | D18: TG-AA20664 | E18: I100016 | F18: Bí ngòi xanh | G18: Kg | H18: 9.5 | I18: 40000 | J18: =H18*I18 -> 380000 | L18: =IFERROR(VLOOKUP(F18,MÃ!$A:$B,2,0),0) -> NL300008 | M18: ="0"&DAY(A18)&"/01/2026"&L18 -> 01/01/2026NL300008 | N18: =IFERROR(VLOOKUP(M18,'WS11'!$B$2:$Q$475,11,0),0) -> 6 | O18: =IFERROR(VLOOKUP(M18,'WS11'!$B$2:$Q$475,12,0),0) -> 40000 | P18: =N18*O18 -> 240000 | Q18: =H18-N18 -> 3.5 | R18: =I18-O18 -> 0 | S18: SAI SL
A19: 01/01/2026 | B19: TG-KS00546 | C19: LONGWANG 11 | D19: TG-AA20664 | E19: I100024 | F19: Bông cải xanh | G19: Kg | H19: 4.2 | I19: 52000 | J19: =H19*I19 -> 218400 | L19: =IFERROR(VLOOKUP(F19,MÃ!$A:$B,2,0),0) -> NL300137 | M19: ="0"&DAY(A19)&"/01/2026"&L19 -> 01/01/2026NL300137 | N19: =IFERROR(VLOOKUP(M19,'WS11'!$B$2:$Q$475,11,0),0) -> 3 | O19: =IFERROR(VLOOKUP(M19,'WS11'!$B$2:$Q$475,12,0),0) -> 52000 | P19: =N19*O19 -> 156000 | Q19: =H19-N19 -> 1.2 | R19: =I19-O19 -> 0 | S19: SAI SL
A20: 01/01/2026 | B20: TG-KS00546 | C20: LONGWANG 11 | D20: TG-AA20664 | E20: I100045 | F20: Cải Hongkong(Cai ngong) | G20: Kg | H20: 2.9 | I20: 30000 | J20: =H20*I20 -> 87000 | L20: =IFERROR(VLOOKUP(F20,MÃ!$A:$B,2,0),0) -> NL300020 | M20: ="0"&DAY(A20)&"/01/2026"&L20 -> 01/01/2026NL300020 | N20: =IFERROR(VLOOKUP(M20,'WS11'!$B$2:$Q$475,11,0),0) -> 2 | O20: =IFERROR(VLOOKUP(M20,'WS11'!$B$2:$Q$475,12,0),0) -> 30000 | P20: =N20*O20 -> 60000 | Q20: =H20-N20 -> 0.9 | R20: =I20-O20 -> 0 | S20: SAI SL
A21: 01/01/2026 | B21: TG-KS00546 | C21: LONGWANG 11 | D21: TG-AA20664 | E21: I100057 | F21: Cần tây | G21: Kg | H21: 1.1 | I21: 44000 | J21: =H21*I21 -> 48400 | L21: =IFERROR(VLOOKUP(F21,MÃ!$A:$B,2,0),0) -> NL300025 | M21: ="0"&DAY(A21)&"/01/2026"&L21 -> 01/01/2026NL300025 | N21: =IFERROR(VLOOKUP(M21,'WS11'!$B$2:$Q$475,11,0),0) -> 0.7 | O21: =IFERROR(VLOOKUP(M21,'WS11'!$B$2:$Q$475,12,0),0) -> 44000 | P21: =N21*O21 -> 30800 | Q21: =H21-N21 -> 0.4 | R21: =I21-O21 -> 0 | S21: SAI SL
A22: 01/01/2026 | B22: TG-KS00546 | C22: LONGWANG 11 | D22: TG-AA20664 | E22: I100474 | F22: Chanh Dây | G22: Kg | H22: 0.6 | I22: 34000 | J22: =H22*I22 -> 20400 | L22: =IFERROR(VLOOKUP(F22,MÃ!$A:$B,2,0),0) -> NL300030 | M22: ="0"&DAY(A22)&"/01/2026"&L22 -> 01/01/2026NL300030 | N22: =IFERROR(VLOOKUP(M22,'WS11'!$B$2:$Q$475,11,0),0) -> 0.6 | O22: =IFERROR(VLOOKUP(M22,'WS11'!$B$2:$Q$475,12,0),0) -> 34000 | P22: =N22*O22 -> 20400 | Q22: =H22-N22 -> 0 | R22: =I22-O22 -> 0
A23: 01/01/2026 | B23: TG-KS00546 | C23: LONGWANG 11 | D23: TG-AA20664 | E23: I100060 | F23: Chanh không hạt | G23: Kg | H23: 1 | I23: 22000 | J23: =H23*I23 -> 22000 | L23: =IFERROR(VLOOKUP(F23,MÃ!$A:$B,2,0),0) -> NL300029 | M23: ="0"&DAY(A23)&"/01/2026"&L23 -> 01/01/2026NL300029 | N23: =IFERROR(VLOOKUP(M23,'WS11'!$B$2:$Q$475,11,0),0) -> 1 | O23: =IFERROR(VLOOKUP(M23,'WS11'!$B$2:$Q$475,12,0),0) -> 22000 | P23: =N23*O23 -> 22000 | Q23: =H23-N23 -> 0 | R23: =I23-O23 -> 0
A24: 01/01/2026 | B24: TG-KS00546 | C24: LONGWANG 11 | D24: TG-AA20664 | E24: I100062 | F24: Chanh vàng | G24: Kg | H24: 0.5 | I24: 95000 | J24: =H24*I24 -> 47500 | L24: =IFERROR(VLOOKUP(F24,MÃ!$A:$B,2,0),0) -> NL600068 | M24: ="0"&DAY(A24)&"/01/2026"&L24 -> 01/01/2026NL600068 | N24: =IFERROR(VLOOKUP(M24,'WS11'!$B$2:$Q$475,11,0),0) -> 0.5 | O24: =IFERROR(VLOOKUP(M24,'WS11'!$B$2:$Q$475,12,0),0) -> 95000 | P24: =N24*O24 -> 47500 | Q24: =H24-N24 -> 0 | R24: =I24-O24 -> 0
A25: 01/01/2026 | B25: TG-KS00546 | C25: LONGWANG 11 | D25: TG-AA20664 | E25: I100097 | F25: Củ Gừng | G25: Kg | H25: 1.2 | I25: 38000 | J25: =H25*I25 -> 45600 | L25: =IFERROR(VLOOKUP(F25,MÃ!$A:$B,2,0),0) -> NL300054 | M25: ="0"&DAY(A25)&"/01/2026"&L25 -> 01/01/2026NL300054 | N25: =IFERROR(VLOOKUP(M25,'WS11'!$B$2:$Q$475,11,0),0) -> 1 | O25: =IFERROR(VLOOKUP(M25,'WS11'!$B$2:$Q$475,12,0),0) -> 38000 | P25: =N25*O25 -> 38000 | Q25: =H25-N25 -> 0.2 | R25: =I25-O25 -> 0 | S25: SAI SL
A26: 01/01/2026 | B26: TG-KS00546 | C26: LONGWANG 11 | D26: TG-AA20664 | E26: I100074 | F26: Củ sen | G26: Kg | H26: 2.5 | I26: 47000 | J26: =H26*I26 -> 117500 | L26: =IFERROR(VLOOKUP(F26,MÃ!$A:$B,2,0),0) -> NL300036 | M26: ="0"&DAY(A26)&"/01/2026"&L26 -> 01/01/2026NL300036 | N26: =IFERROR(VLOOKUP(M26,'WS11'!$B$2:$Q$475,11,0),0) -> 2 | O26: =IFERROR(VLOOKUP(M26,'WS11'!$B$2:$Q$475,12,0),0) -> 47000 | P26: =N26*O26 -> 94000 | Q26: =H26-N26 -> 0.5 | R26: =I26-O26 -> 0 | S26: SAI SL
A27: 01/01/2026 | B27: TG-KS00546 | C27: LONGWANG 11 | D27: TG-AA20664 | E27: I100075 | F27: Đậu bắp | G27: Kg | H27: 4 | I27: 32000 | J27: =H27*I27 -> 128000 | L27: =IFERROR(VLOOKUP(F27,MÃ!$A:$B,2,0),0) -> NL300038 | M27: ="0"&DAY(A27)&"/01/2026"&L27 -> 01/01/2026NL300038 | N27: =IFERROR(VLOOKUP(M27,'WS11'!$B$2:$Q$475,11,0),0) -> 2.5 | O27: =IFERROR(VLOOKUP(M27,'WS11'!$B$2:$Q$475,12,0),0) -> 32000 | P27: =N27*O27 -> 80000 | Q27: =H27-N27 -> 1.5 | R27: =I27-O27 -> 0 | S27: SAI SL
A28: 01/01/2026 | B28: TG-KS00546 | C28: LONGWANG 11 | D28: TG-AA20664 | E28: I100883 | F28: Đậu hủ trứng CP 220gr | G28: Cây | H28: 5 | I28: 15000 | J28: =H28*I28 -> 75000 | L28: =IFERROR(VLOOKUP(F28,MÃ!$A:$B,2,0),0) -> NL300041 | M28: ="0"&DAY(A28)&"/01/2026"&L28 -> 01/01/2026NL300041 | N28: =IFERROR(VLOOKUP(M28,'WS11'!$B$2:$Q$475,11,0),0) -> 5 | O28: =IFERROR(VLOOKUP(M28,'WS11'!$B$2:$Q$475,12,0),0) -> 15000 | P28: =N28*O28 -> 75000 | Q28: =H28-N28 -> 0 | R28: =I28-O28 -> 0
A29: 01/01/2026 | B29: TG-KS00546 | C29: LONGWANG 11 | D29: TG-AA20664 | E29: I100479 | F29: Dưa hấu | G29: Kg | H29: 20 | I29: 18000 | J29: =H29*I29 -> 360000 | L29: =IFERROR(VLOOKUP(F29,MÃ!$A:$B,2,0),0) -> NL600004 | M29: ="0"&DAY(A29)&"/01/2026"&L29 -> 01/01/2026NL600004 | N29: =IFERROR(VLOOKUP(M29,'WS11'!$B$2:$Q$475,11,0),0) -> 20 | O29: =IFERROR(VLOOKUP(M29,'WS11'!$B$2:$Q$475,12,0),0) -> 18000 | P29: =N29*O29 -> 360000 | Q29: =H29-N29 -> 0 | R29: =I29-O29 -> 0
A30: 01/01/2026 | B30: TG-KS00546 | C30: LONGWANG 11 | D30: TG-AA20664 | E30: I100098 | F30: Hành lá | G30: Kg | H30: 3 | I30: 55000 | J30: =H30*I30 -> 165000 | L30: =IFERROR(VLOOKUP(F30,MÃ!$A:$B,2,0),0) -> NL300058 | M30: ="0"&DAY(A30)&"/01/2026"&L30 -> 01/01/2026NL300058 | N30: =IFERROR(VLOOKUP(M30,'WS11'!$B$2:$Q$475,11,0),0) -> 1.5 | O30: =IFERROR(VLOOKUP(M30,'WS11'!$B$2:$Q$475,12,0),0) -> 55000 | P30: =N30*O30 -> 82500 | Q30: =H30-N30 -> 1.5 | R30: =I30-O30 -> 0 | S30: SAI SL
A31: 01/01/2026 | B31: TG-KS00546 | C31: LONGWANG 11 | D31: TG-AA20664 | E31: I100101 | F31: Hành tây | G31: Kg | H31: 0.6 | I31: 13000 | J31: =H31*I31 -> 7800 | L31: =IFERROR(VLOOKUP(F31,MÃ!$A:$B,2,0),0) -> NL300059 | M31: ="0"&DAY(A31)&"/01/2026"&L31 -> 01/01/2026NL300059 | N31: =IFERROR(VLOOKUP(M31,'WS11'!$B$2:$Q$475,11,0),0) -> 0.5 | O31: =IFERROR(VLOOKUP(M31,'WS11'!$B$2:$Q$475,12,0),0) -> 13000 | P31: =N31*O31 -> 6500 | Q31: =H31-N31 -> 0.1 | R31: =I31-O31 -> 0 | S31: SAI SL
A32: 01/01/2026 | B32: TG-KS00546 | C32: LONGWANG 11 | D32: TG-AA20664 | E32: I100121 | F32: Khoai lang nhật | G32: Kg | H32: 0.7 | I32: 23000 | J32: =H32*I32 -> 16100 | L32: =IFERROR(VLOOKUP(F32,MÃ!$A:$B,2,0),0) -> NL300070 | M32: ="0"&DAY(A32)&"/01/2026"&L32 -> 01/01/2026NL300070 | N32: =IFERROR(VLOOKUP(M32,'WS11'!$B$2:$Q$475,11,0),0) -> 0.5 | O32: =IFERROR(VLOOKUP(M32,'WS11'!$B$2:$Q$475,12,0),0) -> 23000 | P32: =N32*O32 -> 11500 | Q32: =H32-N32 -> 0.2 | R32: =I32-O32 -> 0 | S32: SAI SL
A33: 01/01/2026 | B33: TG-KS00546 | C33: LONGWANG 11 | D33: TG-AA20664 | E33: I100136 | F33: Lá dứa | G33: Kg | H33: 3.8 | I33: 18000 | J33: =H33*I33 -> 68400 | L33: =IFERROR(VLOOKUP(F33,MÃ!$A:$B,2,0),0) -> NL300184 | M33: ="0"&DAY(A33)&"/01/2026"&L33 -> 01/01/2026NL300184 | N33: =IFERROR(VLOOKUP(M33,'WS11'!$B$2:$Q$475,11,0),0) -> 3.8 | O33: =IFERROR(VLOOKUP(M33,'WS11'!$B$2:$Q$475,12,0),0) -> 18000 | P33: =N33*O33 -> 68400 | Q33: =H33-N33 -> 0 | R33: =I33-O33 -> 0
A34: 01/01/2026 | B34: TG-KS00546 | C34: LONGWANG 11 | D34: TG-AA20664 | E34: I100151 | F34: Mướp hương | G34: Kg | H34: 3.2 | I34: 27000 | J34: =H34*I34 -> 86400 | L34: =IFERROR(VLOOKUP(F34,MÃ!$A:$B,2,0),0) -> NL300088 | M34: ="0"&DAY(A34)&"/01/2026"&L34 -> 01/01/2026NL300088 | N34: =IFERROR(VLOOKUP(M34,'WS11'!$B$2:$Q$475,11,0),0) -> 2 | O34: =IFERROR(VLOOKUP(M34,'WS11'!$B$2:$Q$475,12,0),0) -> 27000 | P34: =N34*O34 -> 54000 | Q34: =H34-N34 -> 1.2 | R34: =I34-O34 -> 0 | S34: SAI SL
A35: 01/01/2026 | B35: TG-KS00546 | C35: LONGWANG 11 | D35: TG-AA20664 | E35: I100236 | F35: Nấm đông cô tươi | G35: Kg | H35: 3 | I35: 145000 | J35: =H35*I35 -> 435000 | L35: =IFERROR(VLOOKUP(F35,MÃ!$A:$B,2,0),0) -> NL300090 | M35: ="0"&DAY(A35)&"/01/2026"&L35 -> 01/01/2026NL300090 | N35: =IFERROR(VLOOKUP(M35,'WS11'!$B$2:$Q$475,11,0),0) -> 2 | O35: =IFERROR(VLOOKUP(M35,'WS11'!$B$2:$Q$475,12,0),0) -> 145000 | P35: =N35*O35 -> 290000 | Q35: =H35-N35 -> 1 | R35: =I35-O35 -> 0 | S35: SAI SL
A36: 01/01/2026 | B36: TG-KS00546 | C36: LONGWANG 11 | D36: TG-AA20664 | E36: I100237 | F36: Nấm đùi gà | G36: Kg | H36: 1 | I36: 47000 | J36: =H36*I36 -> 47000 | L36: =IFERROR(VLOOKUP(F36,MÃ!$A:$B,2,0),0) -> NL300091 | M36: ="0"&DAY(A36)&"/01/2026"&L36 -> 01/01/2026NL300091 | N36: =IFERROR(VLOOKUP(M36,'WS11'!$B$2:$Q$475,11,0),0) -> 0.9 | O36: =IFERROR(VLOOKUP(M36,'WS11'!$B$2:$Q$475,12,0),0) -> 47000 | P36: =N36*O36 -> 42300 | Q36: =H36-N36 -> 0.1 | R36: =I36-O36 -> 0 | S36: SAI SL
A37: 01/01/2026 | B37: TG-KS00546 | C37: LONGWANG 11 | D37: TG-AA20664 | E37: I100650 | F37: Nấm đùi gà baby | G37: Kg | H37: 2 | I37: 90000 | J37: =H37*I37 -> 180000 | L37: =IFERROR(VLOOKUP(F37,MÃ!$A:$B,2,0),0) -> NL300092 | M37: ="0"&DAY(A37)&"/01/2026"&L37 -> 01/01/2026NL300092 | N37: =IFERROR(VLOOKUP(M37,'WS11'!$B$2:$Q$475,11,0),0) -> 1.6 | O37: =IFERROR(VLOOKUP(M37,'WS11'!$B$2:$Q$475,12,0),0) -> 90000 | P37: =N37*O37 -> 144000 | Q37: =H37-N37 -> 0.4 | R37: =I37-O37 -> 0 | S37: SAI SL
A38: 01/01/2026 | B38: TG-KS00546 | C38: LONGWANG 11 | D38: TG-AA20664 | E38: I100634 | F38: Nấm hải sản (kg) | G38: Kg | H38: 1.5 | I38: 80000 | J38: =H38*I38 -> 120000 | L38: =IFERROR(VLOOKUP(F38,MÃ!$A:$B,2,0),0) -> NL300094 | M38: ="0"&DAY(A38)&"/01/2026"&L38 -> 01/01/2026NL300094 | N38: =IFERROR(VLOOKUP(M38,'WS11'!$B$2:$Q$475,11,0),0) -> 1.3 | O38: =IFERROR(VLOOKUP(M38,'WS11'!$B$2:$Q$475,12,0),0) -> 80000 | P38: =N38*O38 -> 104000 | Q38: =H38-N38 -> 0.2 | R38: =I38-O38 -> 0 | S38: SAI SL
A39: 01/01/2026 | B39: TG-KS00546 | C39: LONGWANG 11 | D39: TG-AA20664 | E39: I100240 | F39: Nấm kim châm tươi | G39: Kg | H39: 5.1 | I39: 45000 | J39: =H39*I39 -> 229500 | L39: =IFERROR(VLOOKUP(F39,MÃ!$A:$B,2,0),0) -> NL300096 | M39: ="0"&DAY(A39)&"/01/2026"&L39 -> 01/01/2026NL300096 | N39: =IFERROR(VLOOKUP(M39,'WS11'!$B$2:$Q$475,11,0),0) -> 4 | O39: =IFERROR(VLOOKUP(M39,'WS11'!$B$2:$Q$475,12,0),0) -> 45000 | P39: =N39*O39 -> 180000 | Q39: =H39-N39 -> 1.1 | R39: =I39-O39 -> 0 | S39: SAI SL
A40: 01/01/2026 | B40: TG-KS00546 | C40: LONGWANG 11 | D40: TG-AA20664 | E40: I100635 | F40: Nấm linh chi nâu (kg) | G40: Kg | H40: 1.6 | I40: 90000 | J40: =H40*I40 -> 144000 | L40: =IFERROR(VLOOKUP(F40,MÃ!$A:$B,2,0),0) -> NL300097 | M40: ="0"&DAY(A40)&"/01/2026"&L40 -> 01/01/2026NL300097 | N40: =IFERROR(VLOOKUP(M40,'WS11'!$B$2:$Q$475,11,0),0) -> 1.4 | O40: =IFERROR(VLOOKUP(M40,'WS11'!$B$2:$Q$475,12,0),0) -> 90000 | P40: =N40*O40 -> 126000 | Q40: =H40-N40 -> 0.2 | R40: =I40-O40 -> 0 | S40: SAI SL
A41: 01/01/2026 | B41: TG-KS00546 | C41: LONGWANG 11 | D41: TG-AA20664 | E41: I100156 | F41: Ngò rí | G41: Kg | H41: 2.9 | I41: 45000 | J41: =H41*I41 -> 130500 | L41: =IFERROR(VLOOKUP(F41,MÃ!$A:$B,2,0),0) -> NL300085 | M41: ="0"&DAY(A41)&"/01/2026"&L41 -> 01/01/2026NL300085 | N41: =IFERROR(VLOOKUP(M41,'WS11'!$B$2:$Q$475,11,0),0) -> 2 | O41: =IFERROR(VLOOKUP(M41,'WS11'!$B$2:$Q$475,12,0),0) -> 45000 | P41: =N41*O41 -> 90000 | Q41: =H41-N41 -> 0.9 | R41: =I41-O41 -> 0 | S41: SAI SL
A42: 01/01/2026 | B42: TG-KS00546 | C42: LONGWANG 11 | D42: TG-AA20664 | E42: I100160 | F42: Ngò tây | G42: Kg | H42: 0.3 | I42: 70000 | J42: =H42*I42 -> 21000 | L42: =IFERROR(VLOOKUP(F42,MÃ!$A:$B,2,0),0) -> NL300126 | M42: ="0"&DAY(A42)&"/01/2026"&L42 -> 01/01/2026NL300126 | N42: =IFERROR(VLOOKUP(M42,'WS11'!$B$2:$Q$475,11,0),0) -> 0.3 | O42: =IFERROR(VLOOKUP(M42,'WS11'!$B$2:$Q$475,12,0),0) -> 70000 | P42: =N42*O42 -> 21000 | Q42: =H42-N42 -> 0 | R42: =I42-O42 -> 0
A43: 01/01/2026 | B43: TG-KS00546 | C43: LONGWANG 11 | D43: TG-AA20664 | E43: I100167 | F43: Ớt hiểm đỏ | G43: Kg | H43: 1.5 | I43: 145000 | J43: =H43*I43 -> 217500 | L43: =IFERROR(VLOOKUP(F43,MÃ!$A:$B,2,0),0) -> NL300113 | M43: ="0"&DAY(A43)&"/01/2026"&L43 -> 01/01/2026NL300113 | N43: =IFERROR(VLOOKUP(M43,'WS11'!$B$2:$Q$475,11,0),0) -> 1.2 | O43: =IFERROR(VLOOKUP(M43,'WS11'!$B$2:$Q$475,12,0),0) -> 145000 | P43: =N43*O43 -> 174000 | Q43: =H43-N43 -> 0.3 | R43: =I43-O43 -> 0 | S43: SAI SL
A44: 01/01/2026 | B44: TG-KS00546 | C44: LONGWANG 11 | D44: TG-AA20664 | E44: I100168 | F44: Ớt hiểm xanh | G44: Kg | H44: 0.1 | I44: 185000 | J44: =H44*I44 -> 18500 | L44: =IFERROR(VLOOKUP(F44,MÃ!$A:$B,2,0),0) -> NL300111 | M44: ="0"&DAY(A44)&"/01/2026"&L44 -> 01/01/2026NL300111 | N44: =IFERROR(VLOOKUP(M44,'WS11'!$B$2:$Q$475,11,0),0) -> 0.1 | O44: =IFERROR(VLOOKUP(M44,'WS11'!$B$2:$Q$475,12,0),0) -> 185000 | P44: =N44*O44 -> 18500 | Q44: =H44-N44 -> 0 | R44: =I44-O44 -> 0
A45: 01/01/2026 | B45: TG-KS00546 | C45: LONGWANG 11 | D45: TG-AA20664 | E45: I100170 | F45: Ớt sừng đỏ | G45: Kg | H45: 0.5 | I45: 148000 | J45: =H45*I45 -> 74000 | L45: =IFERROR(VLOOKUP(F45,MÃ!$A:$B,2,0),0) -> NL300116 | M45: ="0"&DAY(A45)&"/01/2026"&L45 -> 01/01/2026NL300116 | N45: =IFERROR(VLOOKUP(M45,'WS11'!$B$2:$Q$475,11,0),0) -> 0 | O45: =IFERROR(VLOOKUP(M45,'WS11'!$B$2:$Q$475,12,0),0) -> 0 | P45: =N45*O45 -> 0 | Q45: =H45-N45 -> 0.5 | R45: =I45-O45 -> 148000 | S45: ĐƠN KHÔNG NHẬN
A46: 01/01/2026 | B46: TG-KS00546 | C46: LONGWANG 11 | D46: TG-AA20664 | E46: I100626 | F46: Rau má nhỏ | G46: Kg | H46: 0.4 | I46: 42000 | J46: =H46*I46 -> 16800 | L46: =IFERROR(VLOOKUP(F46,MÃ!$A:$B,2,0),0) -> NL300125 | M46: ="0"&DAY(A46)&"/01/2026"&L46 -> 01/01/2026NL300125 | N46: =IFERROR(VLOOKUP(M46,'WS11'!$B$2:$Q$475,11,0),0) -> 0.4 | O46: =IFERROR(VLOOKUP(M46,'WS11'!$B$2:$Q$475,12,0),0) -> 42000 | P46: =N46*O46 -> 16800 | Q46: =H46-N46 -> 0 | R46: =I46-O46 -> 0
A47: 01/01/2026 | B47: TG-KS00546 | C47: LONGWANG 11 | D47: TG-AA20664 | E47: I100189 | F47: Rau răm | G47: Kg | H47: 0.2 | I47: 22000 | J47: =H47*I47 -> 4400 | L47: =IFERROR(VLOOKUP(F47,MÃ!$A:$B,2,0),0) -> NL300121 | M47: ="0"&DAY(A47)&"/01/2026"&L47 -> 01/01/2026NL300121 | N47: =IFERROR(VLOOKUP(M47,'WS11'!$B$2:$Q$475,11,0),0) -> 0.2 | O47: =IFERROR(VLOOKUP(M47,'WS11'!$B$2:$Q$475,12,0),0) -> 22000 | P47: =N47*O47 -> 4400 | Q47: =H47-N47 -> 0 | R47: =I47-O47 -> 0
A48: 01/01/2026 | B48: TG-KS00546 | C48: LONGWANG 11 | D48: TG-AA20664 | E48: I100194 | F48: Rau tía tô | G48: Kg | H48: 1 | I48: 36000 | J48: =H48*I48 -> 36000 | L48: =IFERROR(VLOOKUP(F48,MÃ!$A:$B,2,0),0) -> NL300140 | M48: ="0"&DAY(A48)&"/01/2026"&L48 -> 01/01/2026NL300140 | N48: =IFERROR(VLOOKUP(M48,'WS11'!$B$2:$Q$475,11,0),0) -> 0.7 | O48: =IFERROR(VLOOKUP(M48,'WS11'!$B$2:$Q$475,12,0),0) -> 36000 | P48: =N48*O48 -> 25200 | Q48: =H48-N48 -> 0.3 | R48: =I48-O48 -> 0 | S48: SAI SL
A49: 01/01/2026 | B49: TG-KS00546 | C49: LONGWANG 11 | D49: TG-AA20664 | E49: I100216 | F49: Tắc trái | G49: Kg | H49: 1.3 | I49: 21000 | J49: =H49*I49 -> 27300 | L49: =IFERROR(VLOOKUP(F49,MÃ!$A:$B,2,0),0) -> NL300119 | M49: ="0"&DAY(A49)&"/01/2026"&L49 -> 01/01/2026NL300119 | N49: =IFERROR(VLOOKUP(M49,'WS11'!$B$2:$Q$475,11,0),0) -> 0.9 | O49: =IFERROR(VLOOKUP(M49,'WS11'!$B$2:$Q$475,12,0),0) -> 21000 | P49: =N49*O49 -> 18900 | Q49: =H49-N49 -> 0.4 | R49: =I49-O49 -> 0 | S49: SAI SL
A50: 01/01/2026 | B50: TG-KS00546 | C50: LONGWANG 11 | D50: TG-AA20664 | E50: I100222 | F50: Tiêu xanh Tươi | G50: Kg | H50: 0.2 | I50: 92000 | J50: =H50*I50 -> 18400 | L50: =IFERROR(VLOOKUP(F50,MÃ!$A:$B,2,0),0) -> NL300141 | M50: ="0"&DAY(A50)&"/01/2026"&L50 -> 01/01/2026NL300141 | N50: =IFERROR(VLOOKUP(M50,'WS11'!$B$2:$Q$475,11,0),0) -> 0.2 | O50: =IFERROR(VLOOKUP(M50,'WS11'!$B$2:$Q$475,12,0),0) -> 92000 | P50: =N50*O50 -> 18400 | Q50: =H50-N50 -> 0 | R50: =I50-O50 -> 0
A51: 01/01/2026 | B51: TG-KS00546 | C51: LONGWANG 11 | D51: TG-AA20664 | E51: I100229 | F51: Tỏi lột | G51: Kg | H51: 3 | I51: 50000 | J51: =H51*I51 -> 150000 | L51: =IFERROR(VLOOKUP(F51,MÃ!$A:$B,2,0),0) -> NL300142 | M51: ="0"&DAY(A51)&"/01/2026"&L51 -> 01/01/2026NL300142 | N51: =IFERROR(VLOOKUP(M51,'WS11'!$B$2:$Q$475,11,0),0) -> 2.5 | O51: =IFERROR(VLOOKUP(M51,'WS11'!$B$2:$Q$475,12,0),0) -> 50000 | P51: =N51*O51 -> 125000 | Q51: =H51-N51 -> 0.5 | R51: =I51-O51 -> 0 | S51: SAI SL
A52: 01/01/2026 | B52: TG-KS00546 | C52: LONGWANG 11 | D52: TG-AA20664 | E52: I100270 | F52: Trứng bắc thảo | G52: Quả | H52: 20 | I52: 9000 | J52: =H52*I52 -> 180000 | L52: =IFERROR(VLOOKUP(F52,MÃ!$A:$B,2,0),0) -> NL100279 | M52: ="0"&DAY(A52)&"/01/2026"&L52 -> 01/01/2026NL100279 | N52: =IFERROR(VLOOKUP(M52,'WS11'!$B$2:$Q$475,11,0),0) -> 20 | O52: =IFERROR(VLOOKUP(M52,'WS11'!$B$2:$Q$475,12,0),0) -> 9000 | P52: =N52*O52 -> 180000 | Q52: =H52-N52 -> 0 | R52: =I52-O52 -> 0
A53: 01/01/2026 | B53: TG-KS00546 | C53: LONGWANG 11 | D53: TG-AA20664 | E53: I100275 | F53: Trứng vịt muối | G53: Quả | H53: 50 | I53: 5000 | J53: =H53*I53 -> 250000 | L53: =IFERROR(VLOOKUP(F53,MÃ!$A:$B,2,0),0) -> NL100101 | M53: ="0"&DAY(A53)&"/01/2026"&L53 -> 01/01/2026NL100101 | N53: =IFERROR(VLOOKUP(M53,'WS11'!$B$2:$Q$475,11,0),0) -> 40 | O53: =IFERROR(VLOOKUP(M53,'WS11'!$B$2:$Q$475,12,0),0) -> 5000 | P53: =N53*O53 -> 200000 | Q53: =H53-N53 -> 10 | R53: =I53-O53 -> 0 | S53: SAI SL
A54: 01/01/2026 | B54: TG-KS00546 | C54: LONGWANG 11 | D54: TG-AA20664 | E54: I100209 | F54: Xà lách romain | G54: Kg | H54: 6 | I54: 62000 | J54: =H54*I54 -> 372000 | L54: =IFERROR(VLOOKUP(F54,MÃ!$A:$B,2,0),0) -> NL300147 | M54: ="0"&DAY(A54)&"/01/2026"&L54 -> 01/01/2026NL300147 | N54: =IFERROR(VLOOKUP(M54,'WS11'!$B$2:$Q$475,11,0),0) -> 4 | O54: =IFERROR(VLOOKUP(M54,'WS11'!$B$2:$Q$475,12,0),0) -> 62000 | P54: =N54*O54 -> 248000 | Q54: =H54-N54 -> 2 | R54: =I54-O54 -> 0 | S54: SAI SL
A55: 02/01/2026 | B55: TG-KS00546 | C55: LONGWANG 11 | D55: TG-AA20842 | E55: I100253 | F55: Bánh ướt | G55: Kg | H55: 3 | I55: 15000 | J55: =H55*I55 -> 45000 | L55: =IFERROR(VLOOKUP(F55,MÃ!$A:$B,2,0),0) -> NL300189 | M55: ="0"&DAY(A55)&"/01/2026"&L55 -> 02/01/2026NL300189 | N55: =IFERROR(VLOOKUP(M55,'WS11'!$B$2:$Q$475,11,0),0) -> 1 | O55: =IFERROR(VLOOKUP(M55,'WS11'!$B$2:$Q$475,12,0),0) -> 15000 | P55: =N55*O55 -> 15000 | Q55: =H55-N55 -> 2 | R55: =I55-O55 -> 0 | S55: SAI SL
A56: 02/01/2026 | B56: TG-KS00546 | C56: LONGWANG 11 | D56: TG-AA20842 | E56: I100008 | F56: Bắp mỹ trái (Loại 1) | G56: Trái | H56: 15 | I56: 8500 | J56: =H56*I56 -> 127500 | L56: =IFERROR(VLOOKUP(F56,MÃ!$A:$B,2,0),0) -> NL300107 | M56: ="0"&DAY(A56)&"/01/2026"&L56 -> 02/01/2026NL300107 | N56: =IFERROR(VLOOKUP(M56,'WS11'!$B$2:$Q$475,11,0),0) -> 12 | O56: =IFERROR(VLOOKUP(M56,'WS11'!$B$2:$Q$475,12,0),0) -> 8500 | P56: =N56*O56 -> 102000 | Q56: =H56-N56 -> 3 | R56: =I56-O56 -> 0 | S56: SAI SL
A57: 02/01/2026 | B57: TG-KS00546 | C57: LONGWANG 11 | D57: TG-AA20842 | E57: I100016 | F57: Bí ngòi xanh | G57: Kg | H57: 7.2 | I57: 40000 | J57: =H57*I57 -> 288000 | L57: =IFERROR(VLOOKUP(F57,MÃ!$A:$B,2,0),0) -> NL300008 | M57: ="0"&DAY(A57)&"/01/2026"&L57 -> 02/01/2026NL300008 | N57: =IFERROR(VLOOKUP(M57,'WS11'!$B$2:$Q$475,11,0),0) -> 4 | O57: =IFERROR(VLOOKUP(M57,'WS11'!$B$2:$Q$475,12,0),0) -> 40000 | P57: =N57*O57 -> 160000 | Q57: =H57-N57 -> 3.2 | R57: =I57-O57 -> 0 | S57: SAI SL
A58: 02/01/2026 | B58: TG-KS00546 | C58: LONGWANG 11 | D58: TG-AA20842 | E58: I100024 | F58: Bông cải xanh | G58: Kg | H58: 4 | I58: 52000 | J58: =H58*I58 -> 208000 | L58: =IFERROR(VLOOKUP(F58,MÃ!$A:$B,2,0),0) -> NL300137 | M58: ="0"&DAY(A58)&"/01/2026"&L58 -> 02/01/2026NL300137 | N58: =IFERROR(VLOOKUP(M58,'WS11'!$B$2:$Q$475,11,0),0) -> 2 | O58: =IFERROR(VLOOKUP(M58,'WS11'!$B$2:$Q$475,12,0),0) -> 52000 | P58: =N58*O58 -> 104000 | Q58: =H58-N58 -> 2 | R58: =I58-O58 -> 0 | S58: SAI SL
A59: 02/01/2026 | B59: TG-KS00546 | C59: LONGWANG 11 | D59: TG-AA20842 | E59: I100045 | F59: Cải Hongkong(Cai ngong) | G59: Kg | H59: 1.7 | I59: 30000 | J59: =H59*I59 -> 51000 | L59: =IFERROR(VLOOKUP(F59,MÃ!$A:$B,2,0),0) -> NL300020 | M59: ="0"&DAY(A59)&"/01/2026"&L59 -> 02/01/2026NL300020 | N59: =IFERROR(VLOOKUP(M59,'WS11'!$B$2:$Q$475,11,0),0) -> 0 | O59: =IFERROR(VLOOKUP(M59,'WS11'!$B$2:$Q$475,12,0),0) -> 0 | P59: =N59*O59 -> 0 | Q59: =H59-N59 -> 1.7 | R59: =I59-O59 -> 30000 | S59: ĐƠN KHÔNG NHẬN
A60: 02/01/2026 | B60: TG-KS00546 | C60: LONGWANG 11 | D60: TG-AA20842 | E60: I100057 | F60: Cần tây | G60: Kg | H60: 1 | I60: 44000 | J60: =H60*I60 -> 44000 | L60: =IFERROR(VLOOKUP(F60,MÃ!$A:$B,2,0),0) -> NL300025 | M60: ="0"&DAY(A60)&"/01/2026"&L60 -> 02/01/2026NL300025 | N60: =IFERROR(VLOOKUP(M60,'WS11'!$B$2:$Q$475,11,0),0) -> 0.7 | O60: =IFERROR(VLOOKUP(M60,'WS11'!$B$2:$Q$475,12,0),0) -> 44000 | P60: =N60*O60 -> 30800 | Q60: =H60-N60 -> 0.3 | R60: =I60-O60 -> 0 | S60: SAI SL
A61: 02/01/2026 | B61: TG-KS00546 | C61: LONGWANG 11 | D61: TG-AA20842 | E61: I100060 | F61: Chanh không hạt | G61: Kg | H61: 0.5 | I61: 22000 | J61: =H61*I61 -> 11000 | L61: =IFERROR(VLOOKUP(F61,MÃ!$A:$B,2,0),0) -> NL300029 | M61: ="0"&DAY(A61)&"/01/2026"&L61 -> 02/01/2026NL300029 | N61: =IFERROR(VLOOKUP(M61,'WS11'!$B$2:$Q$475,11,0),0) -> 0.5 | O61: =IFERROR(VLOOKUP(M61,'WS11'!$B$2:$Q$475,12,0),0) -> 22000 | P61: =N61*O61 -> 11000 | Q61: =H61-N61 -> 0 | R61: =I61-O61 -> 0
A62: 02/01/2026 | B62: TG-KS00546 | C62: LONGWANG 11 | D62: TG-AA20842 | E62: I100097 | F62: Củ Gừng | G62: Kg | H62: 1 | I62: 38000 | J62: =H62*I62 -> 38000 | L62: =IFERROR(VLOOKUP(F62,MÃ!$A:$B,2,0),0) -> NL300054 | M62: ="0"&DAY(A62)&"/01/2026"&L62 -> 02/01/2026NL300054 | N62: =IFERROR(VLOOKUP(M62,'WS11'!$B$2:$Q$475,11,0),0) -> 0.8 | O62: =IFERROR(VLOOKUP(M62,'WS11'!$B$2:$Q$475,12,0),0) -> 38000 | P62: =N62*O62 -> 30400 | Q62: =H62-N62 -> 0.2 | R62: =I62-O62 -> 0 | S62: SAI SL
A63: 02/01/2026 | B63: TG-KS00546 | C63: LONGWANG 11 | D63: TG-AA20842 | E63: I100072 | F63: Củ riềng | G63: Kg | H63: 0.2 | I63: 25000 | J63: =H63*I63 -> 5000 | L63: =IFERROR(VLOOKUP(F63,MÃ!$A:$B,2,0),0) -> NL300035 | M63: ="0"&DAY(A63)&"/01/2026"&L63 -> 02/01/2026NL300035 | N63: =IFERROR(VLOOKUP(M63,'WS11'!$B$2:$Q$475,11,0),0) -> 0.2 | O63: =IFERROR(VLOOKUP(M63,'WS11'!$B$2:$Q$475,12,0),0) -> 25000 | P63: =N63*O63 -> 5000 | Q63: =H63-N63 -> 0 | R63: =I63-O63 -> 0
A64: 02/01/2026 | B64: TG-KS00546 | C64: LONGWANG 11 | D64: TG-AA20842 | E64: I100074 | F64: Củ sen | G64: Kg | H64: 0.5 | I64: 47000 | J64: =H64*I64 -> 23500 | L64: =IFERROR(VLOOKUP(F64,MÃ!$A:$B,2,0),0) -> NL300036 | M64: ="0"&DAY(A64)&"/01/2026"&L64 -> 02/01/2026NL300036 | N64: =IFERROR(VLOOKUP(M64,'WS11'!$B$2:$Q$475,11,0),0) -> 0.4 | O64: =IFERROR(VLOOKUP(M64,'WS11'!$B$2:$Q$475,12,0),0) -> 47000 | P64: =N64*O64 -> 18800 | Q64: =H64-N64 -> 0.1 | R64: =I64-O64 -> 0 | S64: SAI SL
A65: 02/01/2026 | B65: TG-KS00546 | C65: LONGWANG 11 | D65: TG-AA20842 | E65: I100075 | F65: Đậu bắp | G65: Kg | H65: 3 | I65: 32000 | J65: =H65*I65 -> 96000 | L65: =IFERROR(VLOOKUP(F65,MÃ!$A:$B,2,0),0) -> NL300038 | M65: ="0"&DAY(A65)&"/01/2026"&L65 -> 02/01/2026NL300038 | N65: =IFERROR(VLOOKUP(M65,'WS11'!$B$2:$Q$475,11,0),0) -> 2 | O65: =IFERROR(VLOOKUP(M65,'WS11'!$B$2:$Q$475,12,0),0) -> 32000 | P65: =N65*O65 -> 64000 | Q65: =H65-N65 -> 1 | R65: =I65-O65 -> 0 | S65: SAI SL
A66: 02/01/2026 | B66: TG-KS00546 | C66: LONGWANG 11 | D66: TG-AA20842 | E66: I100883 | F66: Đậu hủ trứng CP 220gr | G66: Cây | H66: 3 | I66: 15000 | J66: =H66*I66 -> 45000 | L66: =IFERROR(VLOOKUP(F66,MÃ!$A:$B,2,0),0) -> NL300041 | M66: ="0"&DAY(A66)&"/01/2026"&L66 -> 02/01/2026NL300041 | N66: =IFERROR(VLOOKUP(M66,'WS11'!$B$2:$Q$475,11,0),0) -> 3 | O66: =IFERROR(VLOOKUP(M66,'WS11'!$B$2:$Q$475,12,0),0) -> 15000 | P66: =N66*O66 -> 45000 | Q66: =H66-N66 -> 0 | R66: =I66-O66 -> 0
A67: 02/01/2026 | B67: TG-KS00546 | C67: LONGWANG 11 | D67: TG-AA20842 | E67: I100479 | F67: Dưa hấu | G67: Kg | H67: 22 | I67: 18000 | J67: =H67*I67 -> 396000 | L67: =IFERROR(VLOOKUP(F67,MÃ!$A:$B,2,0),0) -> NL600004 | M67: ="0"&DAY(A67)&"/01/2026"&L67 -> 02/01/2026NL600004 | N67: =IFERROR(VLOOKUP(M67,'WS11'!$B$2:$Q$475,11,0),0) -> 22 | O67: =IFERROR(VLOOKUP(M67,'WS11'!$B$2:$Q$475,12,0),0) -> 18000 | P67: =N67*O67 -> 396000 | Q67: =H67-N67 -> 0 | R67: =I67-O67 -> 0
A68: 02/01/2026 | B68: TG-KS00546 | C68: LONGWANG 11 | D68: TG-AA20842 | E68: I100098 | F68: Hành lá | G68: Kg | H68: 2 | I68: 55000 | J68: =H68*I68 -> 110000 | L68: =IFERROR(VLOOKUP(F68,MÃ!$A:$B,2,0),0) -> NL300058 | M68: ="0"&DAY(A68)&"/01/2026"&L68 -> 02/01/2026NL300058 | N68: =IFERROR(VLOOKUP(M68,'WS11'!$B$2:$Q$475,11,0),0) -> 1 | O68: =IFERROR(VLOOKUP(M68,'WS11'!$B$2:$Q$475,12,0),0) -> 55000 | P68: =N68*O68 -> 55000 | Q68: =H68-N68 -> 1 | R68: =I68-O68 -> 0 | S68: SAI SL
A69: 02/01/2026 | B69: TG-KS00546 | C69: LONGWANG 11 | D69: TG-AA20842 | E69: I100151 | F69: Mướp hương | G69: Kg | H69: 5 | I69: 27000 | J69: =H69*I69 -> 135000 | L69: =IFERROR(VLOOKUP(F69,MÃ!$A:$B,2,0),0) -> NL300088 | M69: ="0"&DAY(A69)&"/01/2026"&L69 -> 02/01/2026NL300088 | N69: =IFERROR(VLOOKUP(M69,'WS11'!$B$2:$Q$475,11,0),0) -> 3 | O69: =IFERROR(VLOOKUP(M69,'WS11'!$B$2:$Q$475,12,0),0) -> 27000 | P69: =N69*O69 -> 81000 | Q69: =H69-N69 -> 2 | R69: =I69-O69 -> 0 | S69: SAI SL
A70: 02/01/2026 | B70: TG-KS00546 | C70: LONGWANG 11 | D70: TG-AA20842 | E70: I100236 | F70: Nấm đông cô tươi | G70: Kg | H70: 3 | I70: 145000 | J70: =H70*I70 -> 435000 | L70: =IFERROR(VLOOKUP(F70,MÃ!$A:$B,2,0),0) -> NL300090 | M70: ="0"&DAY(A70)&"/01/2026"&L70 -> 02/01/2026NL300090 | N70: =IFERROR(VLOOKUP(M70,'WS11'!$B$2:$Q$475,11,0),0) -> 2 | O70: =IFERROR(VLOOKUP(M70,'WS11'!$B$2:$Q$475,12,0),0) -> 145000 | P70: =N70*O70 -> 290000 | Q70: =H70-N70 -> 1 | R70: =I70-O70 -> 0 | S70: SAI SL
A71: 02/01/2026 | B71: TG-KS00546 | C71: LONGWANG 11 | D71: TG-AA20842 | E71: I100237 | F71: Nấm đùi gà | G71: Kg | H71: 1 | I71: 47000 | J71: =H71*I71 -> 47000 | L71: =IFERROR(VLOOKUP(F71,MÃ!$A:$B,2,0),0) -> NL300091 | M71: ="0"&DAY(A71)&"/01/2026"&L71 -> 02/01/2026NL300091 | N71: =IFERROR(VLOOKUP(M71,'WS11'!$B$2:$Q$475,11,0),0) -> 0.9 | O71: =IFERROR(VLOOKUP(M71,'WS11'!$B$2:$Q$475,12,0),0) -> 47000 | P71: =N71*O71 -> 42300 | Q71: =H71-N71 -> 0.1 | R71: =I71-O71 -> 0 | S71: SAI SL
A72: 02/01/2026 | B72: TG-KS00546 | C72: LONGWANG 11 | D72: TG-AA20842 | E72: I100650 | F72: Nấm đùi gà baby | G72: Kg | H72: 1.6 | I72: 90000 | J72: =H72*I72 -> 144000 | L72: =IFERROR(VLOOKUP(F72,MÃ!$A:$B,2,0),0) -> NL300092 | M72: ="0"&DAY(A72)&"/01/2026"&L72 -> 02/01/2026NL300092 | N72: =IFERROR(VLOOKUP(M72,'WS11'!$B$2:$Q$475,11,0),0) -> 1.2 | O72: =IFERROR(VLOOKUP(M72,'WS11'!$B$2:$Q$475,12,0),0) -> 90000 | P72: =N72*O72 -> 108000 | Q72: =H72-N72 -> 0.4 | R72: =I72-O72 -> 0 | S72: SAI SL
A73: 02/01/2026 | B73: TG-KS00546 | C73: LONGWANG 11 | D73: TG-AA20842 | E73: I100634 | F73: Nấm hải sản (kg) | G73: Kg | H73: 1 | I73: 80000 | J73: =H73*I73 -> 80000 | L73: =IFERROR(VLOOKUP(F73,MÃ!$A:$B,2,0),0) -> NL300094 | M73: ="0"&DAY(A73)&"/01/2026"&L73 -> 02/01/2026NL300094 | N73: =IFERROR(VLOOKUP(M73,'WS11'!$B$2:$Q$475,11,0),0) -> 0.9 | O73: =IFERROR(VLOOKUP(M73,'WS11'!$B$2:$Q$475,12,0),0) -> 80000 | P73: =N73*O73 -> 72000 | Q73: =H73-N73 -> 0.1 | R73: =I73-O73 -> 0 | S73: SAI SL
A74: 02/01/2026 | B74: TG-KS00546 | C74: LONGWANG 11 | D74: TG-AA20842 | E74: I100240 | F74: Nấm kim châm tươi | G74: Kg | H74: 4 | I74: 45000 | J74: =H74*I74 -> 180000 | L74: =IFERROR(VLOOKUP(F74,MÃ!$A:$B,2,0),0) -> NL300096 | M74: ="0"&DAY(A74)&"/01/2026"&L74 -> 02/01/2026NL300096 | N74: =IFERROR(VLOOKUP(M74,'WS11'!$B$2:$Q$475,11,0),0) -> 3.7 | O74: =IFERROR(VLOOKUP(M74,'WS11'!$B$2:$Q$475,12,0),0) -> 45000 | P74: =N74*O74 -> 166500 | Q74: =H74-N74 -> 0.3 | R74: =I74-O74 -> 0 | S74: SAI SL
A75: 02/01/2026 | B75: TG-KS00546 | C75: LONGWANG 11 | D75: TG-AA20842 | E75: I100635 | F75: Nấm linh chi nâu (kg) | G75: Kg | H75: 1.5 | I75: 90000 | J75: =H75*I75 -> 135000 | L75: =IFERROR(VLOOKUP(F75,MÃ!$A:$B,2,0),0) -> NL300097 | M75: ="0"&DAY(A75)&"/01/2026"&L75 -> 02/01/2026NL300097 | N75: =IFERROR(VLOOKUP(M75,'WS11'!$B$2:$Q$475,11,0),0) -> 1.3 | O75: =IFERROR(VLOOKUP(M75,'WS11'!$B$2:$Q$475,12,0),0) -> 90000 | P75: =N75*O75 -> 117000 | Q75: =H75-N75 -> 0.2 | R75: =I75-O75 -> 0 | S75: SAI SL
A76: 02/01/2026 | B76: TG-KS00546 | C76: LONGWANG 11 | D76: TG-AA20842 | E76: I100970 | F76: Nấm mối đen | G76: Kg | H76: 1 | I76: 195000 | J76: =H76*I76 -> 195000 | L76: =IFERROR(VLOOKUP(F76,MÃ!$A:$B,2,0),0) -> NL300101 | M76: ="0"&DAY(A76)&"/01/2026"&L76 -> 02/01/2026NL300101 | N76: =IFERROR(VLOOKUP(M76,'WS11'!$B$2:$Q$475,11,0),0) -> 0.8 | O76: =IFERROR(VLOOKUP(M76,'WS11'!$B$2:$Q$475,12,0),0) -> 195000 | P76: =N76*O76 -> 156000 | Q76: =H76-N76 -> 0.2 | R76: =I76-O76 -> 0 | S76: SAI SL
A77: 02/01/2026 | B77: TG-KS00546 | C77: LONGWANG 11 | D77: TG-AA20842 | E77: I100156 | F77: Ngò rí | G77: Kg | H77: 3 | I77: 45000 | J77: =H77*I77 -> 135000 | L77: =IFERROR(VLOOKUP(F77,MÃ!$A:$B,2,0),0) -> NL300085 | M77: ="0"&DAY(A77)&"/01/2026"&L77 -> 02/01/2026NL300085 | N77: =IFERROR(VLOOKUP(M77,'WS11'!$B$2:$Q$475,11,0),0) -> 1.5 | O77: =IFERROR(VLOOKUP(M77,'WS11'!$B$2:$Q$475,12,0),0) -> 45000 | P77: =N77*O77 -> 67500 | Q77: =H77-N77 -> 1.5 | R77: =I77-O77 -> 0 | S77: SAI SL
A78: 02/01/2026 | B78: TG-KS00546 | C78: LONGWANG 11 | D78: TG-AA20842 | E78: I100167 | F78: Ớt hiểm đỏ | G78: Kg | H78: 1 | I78: 145000 | J78: =H78*I78 -> 145000 | L78: =IFERROR(VLOOKUP(F78,MÃ!$A:$B,2,0),0) -> NL300113 | M78: ="0"&DAY(A78)&"/01/2026"&L78 -> 02/01/2026NL300113 | N78: =IFERROR(VLOOKUP(M78,'WS11'!$B$2:$Q$475,11,0),0) -> 0.7 | O78: =IFERROR(VLOOKUP(M78,'WS11'!$B$2:$Q$475,12,0),0) -> 145000 | P78: =N78*O78 -> 101500 | Q78: =H78-N78 -> 0.3 | R78: =I78-O78 -> 0 | S78: SAI SL
A79: 02/01/2026 | B79: TG-KS00546 | C79: LONGWANG 11 | D79: TG-AA20842 | E79: I100170 | F79: Ớt sừng đỏ | G79: Kg | H79: 0.5 | I79: 148000 | J79: =H79*I79 -> 74000 | L79: =IFERROR(VLOOKUP(F79,MÃ!$A:$B,2,0),0) -> NL300116 | M79: ="0"&DAY(A79)&"/01/2026"&L79 -> 02/01/2026NL300116 | N79: =IFERROR(VLOOKUP(M79,'WS11'!$B$2:$Q$475,11,0),0) -> 0.4 | O79: =IFERROR(VLOOKUP(M79,'WS11'!$B$2:$Q$475,12,0),0) -> 148000 | P79: =N79*O79 -> 59200 | Q79: =H79-N79 -> 0.1 | R79: =I79-O79 -> 0 | S79: SAI SL
A80: 02/01/2026 | B80: TG-KS00546 | C80: LONGWANG 11 | D80: TG-AA20842 | E80: I100626 | F80: Rau má nhỏ | G80: Kg | H80: 0.5 | I80: 42000 | J80: =H80*I80 -> 21000 | L80: =IFERROR(VLOOKUP(F80,MÃ!$A:$B,2,0),0) -> NL300125 | M80: ="0"&DAY(A80)&"/01/2026"&L80 -> 02/01/2026NL300125 | N80: =IFERROR(VLOOKUP(M80,'WS11'!$B$2:$Q$475,11,0),0) -> 0.5 | O80: =IFERROR(VLOOKUP(M80,'WS11'!$B$2:$Q$475,12,0),0) -> 42000 | P80: =N80*O80 -> 21000 | Q80: =H80-N80 -> 0 | R80: =I80-O80 -> 0
A81: 02/01/2026 | B81: TG-KS00546 | C81: LONGWANG 11 | D81: TG-AA20842 | E81: I100198 | F81: Sả cây | G81: Kg | H81: 1 | I81: 12000 | J81: =H81*I81 -> 12000 | L81: =IFERROR(VLOOKUP(F81,MÃ!$A:$B,2,0),0) -> NL300132 | M81: ="0"&DAY(A81)&"/01/2026"&L81 -> 02/01/2026NL300132 | N81: =IFERROR(VLOOKUP(M81,'WS11'!$B$2:$Q$475,11,0),0) -> 0.8 | O81: =IFERROR(VLOOKUP(M81,'WS11'!$B$2:$Q$475,12,0),0) -> 12000 | P81: =N81*O81 -> 9600 | Q81: =H81-N81 -> 0.2 | R81: =I81-O81 -> 0 | S81: SAI SL
A82: 02/01/2026 | B82: TG-KS00546 | C82: LONGWANG 11 | D82: TG-AA20842 | E82: I100229 | F82: Tỏi lột | G82: Kg | H82: 2 | I82: 50000 | J82: =H82*I82 -> 100000 | L82: =IFERROR(VLOOKUP(F82,MÃ!$A:$B,2,0),0) -> NL300142 | M82: ="0"&DAY(A82)&"/01/2026"&L82 -> 02/01/2026NL300142 | N82: =IFERROR(VLOOKUP(M82,'WS11'!$B$2:$Q$475,11,0),0) -> 2 | O82: =IFERROR(VLOOKUP(M82,'WS11'!$B$2:$Q$475,12,0),0) -> 50000 | P82: =N82*O82 -> 100000 | Q82: =H82-N82 -> 0 | R82: =I82-O82 -> 0
A83: 02/01/2026 | B83: TG-KS00546 | C83: LONGWANG 11 | D83: TG-AA20842 | E83: I100270 | F83: Trứng bắc thảo | G83: Quả | H83: 20 | I83: 9000 | J83: =H83*I83 -> 180000 | L83: =IFERROR(VLOOKUP(F83,MÃ!$A:$B,2,0),0) -> NL100279 | M83: ="0"&DAY(A83)&"/01/2026"&L83 -> 02/01/2026NL100279 | N83: =IFERROR(VLOOKUP(M83,'WS11'!$B$2:$Q$475,11,0),0) -> 20 | O83: =IFERROR(VLOOKUP(M83,'WS11'!$B$2:$Q$475,12,0),0) -> 9000 | P83: =N83*O83 -> 180000 | Q83: =H83-N83 -> 0 | R83: =I83-O83 -> 0
A84: 02/01/2026 | B84: TG-KS00546 | C84: LONGWANG 11 | D84: TG-AA20842 | E84: I100275 | F84: Trứng vịt muối | G84: Quả | H84: 100 | I84: 5000 | J84: =H84*I84 -> 500000 | L84: =IFERROR(VLOOKUP(F84,MÃ!$A:$B,2,0),0) -> NL100101 | M84: ="0"&DAY(A84)&"/01/2026"&L84 -> 02/01/2026NL100101 | O84: =IFERROR(VLOOKUP(M84,'WS11'!$B$2:$Q$475,12,0),0) -> 5000 | P84: =N84*O84 -> 0 | Q84: =H84-N84 -> 100 | R84: =I84-O84 -> 0 | S84: ĐƠN KHÔNG NHẬN
A85: 02/01/2026 | B85: TG-KS00546 | C85: LONGWANG 11 | D85: TG-AA20842 | E85: I100209 | F85: Xà lách romain | G85: Kg | H85: 5 | I85: 62000 | J85: =H85*I85 -> 310000 | L85: =IFERROR(VLOOKUP(F85,MÃ!$A:$B,2,0),0) -> NL300147 | M85: ="0"&DAY(A85)&"/01/2026"&L85 -> 02/01/2026NL300147 | N85: =IFERROR(VLOOKUP(M85,'WS11'!$B$2:$Q$475,11,0),0) -> 3 | O85: =IFERROR(VLOOKUP(M85,'WS11'!$B$2:$Q$475,12,0),0) -> 62000 | P85: =N85*O85 -> 186000 | Q85: =H85-N85 -> 2 | R85: =I85-O85 -> 0 | S85: SAI SL
A86: 02/01/2026 | B86: TG-KS00546 | C86: LONGWANG 11 | D86: TG-AA20922 | E86: I100275 | F86: Trứng vịt muối | G86: Quả | H86: 100 | I86: 5000 | J86: =H86*I86 -> 500000 | L86: =IFERROR(VLOOKUP(F86,MÃ!$A:$B,2,0),0) -> NL100101 | M86: ="0"&DAY(A86)&"/01/2026"&L86 -> 02/01/2026NL100101 | N86: =IFERROR(VLOOKUP(M86,'WS11'!$B$2:$Q$475,11,0),0) -> 80 | O86: =IFERROR(VLOOKUP(M86,'WS11'!$B$2:$Q$475,12,0),0) -> 5000 | P86: =N86*O86 -> 400000 | Q86: =H86-N86 -> 20 | R86: =I86-O86 -> 0 | S86: SAI SL
A87: 03/01/2026 | B87: TG-KS00546 | C87: LONGWANG 11 | D87: TG-AA20970 | E87: I100253 | F87: Bánh ướt | G87: Kg | H87: 2 | I87: 15000 | J87: =H87*I87 -> 30000 | L87: =IFERROR(VLOOKUP(F87,MÃ!$A:$B,2,0),0) -> NL300189 | M87: ="0"&DAY(A87)&"/01/2026"&L87 -> 03/01/2026NL300189 | N87: =IFERROR(VLOOKUP(M87,'WS11'!$B$2:$Q$475,11,0),0) -> 1 | O87: =IFERROR(VLOOKUP(M87,'WS11'!$B$2:$Q$475,12,0),0) -> 15000 | P87: =N87*O87 -> 15000 | Q87: =H87-N87 -> 1 | R87: =I87-O87 -> 0 | S87: SAI SL
A88: 03/01/2026 | B88: TG-KS00546 | C88: LONGWANG 11 | D88: TG-AA20970 | E88: I100008 | F88: Bắp mỹ trái (Loại 1) | G88: Trái | H88: 15 | I88: 8500 | J88: =H88*I88 -> 127500 | L88: =IFERROR(VLOOKUP(F88,MÃ!$A:$B,2,0),0) -> NL300107 | M88: ="0"&DAY(A88)&"/01/2026"&L88 -> 03/01/2026NL300107 | N88: =IFERROR(VLOOKUP(M88,'WS11'!$B$2:$Q$475,11,0),0) -> 12 | O88: =IFERROR(VLOOKUP(M88,'WS11'!$B$2:$Q$475,12,0),0) -> 8500 | P88: =N88*O88 -> 102000 | Q88: =H88-N88 -> 3 | R88: =I88-O88 -> 0 | S88: SAI SL
A89: 03/01/2026 | B89: TG-KS00546 | C89: LONGWANG 11 | D89: TG-AA20970 | E89: I100012 | F89: Bí đỏ hồ lô | G89: Kg | H89: 3 | I89: 30000 | J89: =H89*I89 -> 90000 | L89: =IFERROR(VLOOKUP(F89,MÃ!$A:$B,2,0),0) -> NL300007 | M89: ="0"&DAY(A89)&"/01/2026"&L89 -> 03/01/2026NL300007 | N89: =IFERROR(VLOOKUP(M89,'WS11'!$B$2:$Q$475,11,0),0) -> 3 | O89: =IFERROR(VLOOKUP(M89,'WS11'!$B$2:$Q$475,12,0),0) -> 30000 | P89: =N89*O89 -> 90000 | Q89: =H89-N89 -> 0 | R89: =I89-O89 -> 0
A90: 03/01/2026 | B90: TG-KS00546 | C90: LONGWANG 11 | D90: TG-AA20970 | E90: I100016 | F90: Bí ngòi xanh | G90: Kg | H90: 20 | I90: 40000 | J90: =H90*I90 -> 800000 | L90: =IFERROR(VLOOKUP(F90,MÃ!$A:$B,2,0),0) -> NL300008 | M90: ="0"&DAY(A90)&"/01/2026"&L90 -> 03/01/2026NL300008 | N90: =IFERROR(VLOOKUP(M90,'WS11'!$B$2:$Q$475,11,0),0) -> 15 | O90: =IFERROR(VLOOKUP(M90,'WS11'!$B$2:$Q$475,12,0),0) -> 40000 | P90: =N90*O90 -> 600000 | Q90: =H90-N90 -> 5 | R90: =I90-O90 -> 0 | S90: SAI SL
A91: 03/01/2026 | B91: TG-KS00546 | C91: LONGWANG 11 | D91: TG-AA20970 | E91: I100024 | F91: Bông cải xanh | G91: Kg | H91: 4 | I91: 52000 | J91: =H91*I91 -> 208000 | L91: =IFERROR(VLOOKUP(F91,MÃ!$A:$B,2,0),0) -> NL300137 | M91: ="0"&DAY(A91)&"/01/2026"&L91 -> 03/01/2026NL300137 | N91: =IFERROR(VLOOKUP(M91,'WS11'!$B$2:$Q$475,11,0),0) -> 3 | O91: =IFERROR(VLOOKUP(M91,'WS11'!$B$2:$Q$475,12,0),0) -> 52000 | P91: =N91*O91 -> 156000 | Q91: =H91-N91 -> 1 | R91: =I91-O91 -> 0 | S91: SAI SL
A92: 03/01/2026 | B92: TG-KS00546 | C92: LONGWANG 11 | D92: TG-AA20970 | E92: I100040 | F92: Cà rốt baby | G92: Kg | H92: 0.5 | I92: 75000 | J92: =H92*I92 -> 37500 | L92: =IFERROR(VLOOKUP(F92,MÃ!$A:$B,2,0),0) -> NL300028 | M92: ="0"&DAY(A92)&"/01/2026"&L92 -> 03/01/2026NL300028 | N92: =IFERROR(VLOOKUP(M92,'WS11'!$B$2:$Q$475,11,0),0) -> 0.4 | O92: =IFERROR(VLOOKUP(M92,'WS11'!$B$2:$Q$475,12,0),0) -> 75000 | P92: =N92*O92 -> 30000 | Q92: =H92-N92 -> 0.1 | R92: =I92-O92 -> 0 | S92: SAI SL
A93: 03/01/2026 | B93: TG-KS00546 | C93: LONGWANG 11 | D93: TG-AA20970 | E93: I100045 | F93: Cải Hongkong(Cai ngong) | G93: Kg | H93: 2.4 | I93: 30000 | J93: =H93*I93 -> 72000 | L93: =IFERROR(VLOOKUP(F93,MÃ!$A:$B,2,0),0) -> NL300020 | M93: ="0"&DAY(A93)&"/01/2026"&L93 -> 03/01/2026NL300020 | N93: =IFERROR(VLOOKUP(M93,'WS11'!$B$2:$Q$475,11,0),0) -> 1 | O93: =IFERROR(VLOOKUP(M93,'WS11'!$B$2:$Q$475,12,0),0) -> 30000 | P93: =N93*O93 -> 30000 | Q93: =H93-N93 -> 1.4 | R93: =I93-O93 -> 0 | S93: SAI SL
A94: 03/01/2026 | B94: TG-KS00546 | C94: LONGWANG 11 | D94: TG-AA20970 | E94: I100469 | F94: Cam vàng | G94: Kg | H94: 0.7 | I94: 75000 | J94: =H94*I94 -> 52500 | L94: =IFERROR(VLOOKUP(F94,MÃ!$A:$B,2,0),0) -> NL600067 | M94: ="0"&DAY(A94)&"/01/2026"&L94 -> 03/01/2026NL600067 | N94: =IFERROR(VLOOKUP(M94,'WS11'!$B$2:$Q$475,11,0),0) -> 0.7 | O94: =IFERROR(VLOOKUP(M94,'WS11'!$B$2:$Q$475,12,0),0) -> 75000 | P94: =N94*O94 -> 52500 | Q94: =H94-N94 -> 0 | R94: =I94-O94 -> 0
A95: 03/01/2026 | B95: TG-KS00546 | C95: LONGWANG 11 | D95: TG-AA20970 | E95: I100474 | F95: Chanh Dây | G95: Kg | H95: 0.5 | I95: 34000 | J95: =H95*I95 -> 17000 | L95: =IFERROR(VLOOKUP(F95,MÃ!$A:$B,2,0),0) -> NL300030 | M95: ="0"&DAY(A95)&"/01/2026"&L95 -> 03/01/2026NL300030 | N95: =IFERROR(VLOOKUP(M95,'WS11'!$B$2:$Q$475,11,0),0) -> 0.5 | O95: =IFERROR(VLOOKUP(M95,'WS11'!$B$2:$Q$475,12,0),0) -> 34000 | P95: =N95*O95 -> 17000 | Q95: =H95-N95 -> 0 | R95: =I95-O95 -> 0
A96: 03/01/2026 | B96: TG-KS00546 | C96: LONGWANG 11 | D96: TG-AA20970 | E96: I100060 | F96: Chanh không hạt | G96: Kg | H96: 0.5 | I96: 22000 | J96: =H96*I96 -> 11000 | L96: =IFERROR(VLOOKUP(F96,MÃ!$A:$B,2,0),0) -> NL300029 | M96: ="0"&DAY(A96)&"/01/2026"&L96 -> 03/01/2026NL300029 | N96: =IFERROR(VLOOKUP(M96,'WS11'!$B$2:$Q$475,11,0),0) -> 0.5 | O96: =IFERROR(VLOOKUP(M96,'WS11'!$B$2:$Q$475,12,0),0) -> 22000 | P96: =N96*O96 -> 11000 | Q96: =H96-N96 -> 0 | R96: =I96-O96 -> 0
A97: 03/01/2026 | B97: TG-KS00546 | C97: LONGWANG 11 | D97: TG-AA20970 | E97: I100097 | F97: Củ Gừng | G97: Kg | H97: 2.1 | I97: 38000 | J97: =H97*I97 -> 79800 | L97: =IFERROR(VLOOKUP(F97,MÃ!$A:$B,2,0),0) -> NL300054 | M97: ="0"&DAY(A97)&"/01/2026"&L97 -> 03/01/2026NL300054 | N97: =IFERROR(VLOOKUP(M97,'WS11'!$B$2:$Q$475,11,0),0) -> 1.8 | O97: =IFERROR(VLOOKUP(M97,'WS11'!$B$2:$Q$475,12,0),0) -> 38000 | P97: =N97*O97 -> 68400 | Q97: =H97-N97 -> 0.3 | R97: =I97-O97 -> 0 | S97: SAI SL
A98: 03/01/2026 | B98: TG-KS00546 | C98: LONGWANG 11 | D98: TG-AA20970 | E98: I100074 | F98: Củ sen | G98: Kg | H98: 1.4 | I98: 47000 | J98: =H98*I98 -> 65800 | L98: =IFERROR(VLOOKUP(F98,MÃ!$A:$B,2,0),0) -> NL300036 | M98: ="0"&DAY(A98)&"/01/2026"&L98 -> 03/01/2026NL300036 | N98: =IFERROR(VLOOKUP(M98,'WS11'!$B$2:$Q$475,11,0),0) -> 1.2 | O98: =IFERROR(VLOOKUP(M98,'WS11'!$B$2:$Q$475,12,0),0) -> 47000 | P98: =N98*O98 -> 56400 | Q98: =H98-N98 -> 0.2 | R98: =I98-O98 -> 0 | S98: SAI SL
A99: 03/01/2026 | B99: TG-KS00546 | C99: LONGWANG 11 | D99: TG-AA20970 | E99: I100075 | F99: Đậu bắp | G99: Kg | H99: 3 | I99: 32000 | J99: =H99*I99 -> 96000 | L99: =IFERROR(VLOOKUP(F99,MÃ!$A:$B,2,0),0) -> NL300038 | M99: ="0"&DAY(A99)&"/01/2026"&L99 -> 03/01/2026NL300038 | N99: =IFERROR(VLOOKUP(M99,'WS11'!$B$2:$Q$475,11,0),0) -> 2.5 | O99: =IFERROR(VLOOKUP(M99,'WS11'!$B$2:$Q$475,12,0),0) -> 32000 | P99: =N99*O99 -> 80000 | Q99: =H99-N99 -> 0.5 | R99: =I99-O99 -> 0 | S99: SAI SL
A100: 03/01/2026 | B100: TG-KS00546 | C100: LONGWANG 11 | D100: TG-AA20970 | E100: I100883 | F100: Đậu hủ trứng CP 220gr | G100: Cây | H100: 6 | I100: 15000 | J100: =H100*I100 -> 90000 | L100: =IFERROR(VLOOKUP(F100,MÃ!$A:$B,2,0),0) -> NL300041 | M100: ="0"&DAY(A100)&"/01/2026"&L100 -> 03/01/2026NL300041 | N100: =IFERROR(VLOOKUP(M100,'WS11'!$B$2:$Q$475,11,0),0) -> 6 | O100: =IFERROR(VLOOKUP(M100,'WS11'!$B$2:$Q$475,12,0),0) -> 15000 | P100: =N100*O100 -> 90000 | Q100: =H100-N100 -> 0 | R100: =I100-O100 -> 0
A101: 03/01/2026 | B101: TG-KS00546 | C101: LONGWANG 11 | D101: TG-AA20970 | E101: I100479 | F101: Dưa hấu | G101: Kg | H101: 16 | I101: 18000 | J101: =H101*I101 -> 288000 | L101: =IFERROR(VLOOKUP(F101,MÃ!$A:$B,2,0),0) -> NL600004 | M101: ="0"&DAY(A101)&"/01/2026"&L101 -> 03/01/2026NL600004 | N101: =IFERROR(VLOOKUP(M101,'WS11'!$B$2:$Q$475,11,0),0) -> 16 | O101: =IFERROR(VLOOKUP(M101,'WS11'!$B$2:$Q$475,12,0),0) -> 18000 | P101: =N101*O101 -> 288000 | Q101: =H101-N101 -> 0 | R101: =I101-O101 -> 0
A102: 03/01/2026 | B102: TG-KS00546 | C102: LONGWANG 11 | D102: TG-AA20970 | E102: I100098 | F102: Hành lá | G102: Kg | H102: 2.6 | I102: 55000 | J102: =H102*I102 -> 143000 | L102: =IFERROR(VLOOKUP(F102,MÃ!$A:$B,2,0),0) -> NL300058 | M102: ="0"&DAY(A102)&"/01/2026"&L102 -> 03/01/2026NL300058 | N102: =IFERROR(VLOOKUP(M102,'WS11'!$B$2:$Q$475,11,0),0) -> 2 | O102: =IFERROR(VLOOKUP(M102,'WS11'!$B$2:$Q$475,12,0),0) -> 55000 | P102: =N102*O102 -> 110000 | Q102: =H102-N102 -> 0.6 | R102: =I102-O102 -> 0 | S102: SAI SL
A103: 03/01/2026 | B103: TG-KS00546 | C103: LONGWANG 11 | D103: TG-AA20970 | E103: I100099 | F103: Hành Paro | G103: Kg | H103: 0.5 | I103: 38000 | J103: =H103*I103 -> 19000 | L103: =IFERROR(VLOOKUP(F103,MÃ!$A:$B,2,0),0) -> NL300061 | M103: ="0"&DAY(A103)&"/01/2026"&L103 -> 03/01/2026NL300061 | N103: =IFERROR(VLOOKUP(M103,'WS11'!$B$2:$Q$475,11,0),0) -> 0.4 | O103: =IFERROR(VLOOKUP(M103,'WS11'!$B$2:$Q$475,12,0),0) -> 38000 | P103: =N103*O103 -> 15200 | Q103: =H103-N103 -> 0.1 | R103: =I103-O103 -> 0 | S103: SAI SL
A104: 03/01/2026 | B104: TG-KS00546 | C104: LONGWANG 11 | D104: TG-AA20970 | E104: I100113 | F104: Húng lũi | G104: Kg | H104: 0.2 | I104: 65000 | J104: =H104*I104 -> 13000 | L104: =IFERROR(VLOOKUP(F104,MÃ!$A:$B,2,0),0) -> NL300062 | M104: ="0"&DAY(A104)&"/01/2026"&L104 -> 03/01/2026NL300062 | N104: =IFERROR(VLOOKUP(M104,'WS11'!$B$2:$Q$475,11,0),0) -> 0.2 | O104: =IFERROR(VLOOKUP(M104,'WS11'!$B$2:$Q$475,12,0),0) -> 65000 | P104: =N104*O104 -> 13000 | Q104: =H104-N104 -> 0 | R104: =I104-O104 -> 0
A105: 03/01/2026 | B105: TG-KS00546 | C105: LONGWANG 11 | D105: TG-AA20970 | E105: I100151 | F105: Mướp hương | G105: Kg | H105: 5 | I105: 27000 | J105: =H105*I105 -> 135000 | L105: =IFERROR(VLOOKUP(F105,MÃ!$A:$B,2,0),0) -> NL300088 | M105: ="0"&DAY(A105)&"/01/2026"&L105 -> 03/01/2026NL300088 | N105: =IFERROR(VLOOKUP(M105,'WS11'!$B$2:$Q$475,11,0),0) -> 4 | O105: =IFERROR(VLOOKUP(M105,'WS11'!$B$2:$Q$475,12,0),0) -> 27000 | P105: =N105*O105 -> 108000 | Q105: =H105-N105 -> 1 | R105: =I105-O105 -> 0 | S105: SAI SL
A106: 03/01/2026 | B106: TG-KS00546 | C106: LONGWANG 11 | D106: TG-AA20970 | E106: I100236 | F106: Nấm đông cô tươi | G106: Kg | H106: 3 | I106: 145000 | J106: =H106*I106 -> 435000 | L106: =IFERROR(VLOOKUP(F106,MÃ!$A:$B,2,0),0) -> NL300090 | M106: ="0"&DAY(A106)&"/01/2026"&L106 -> 03/01/2026NL300090 | N106: =IFERROR(VLOOKUP(M106,'WS11'!$B$2:$Q$475,11,0),0) -> 2 | O106: =IFERROR(VLOOKUP(M106,'WS11'!$B$2:$Q$475,12,0),0) -> 145000 | P106: =N106*O106 -> 290000 | Q106: =H106-N106 -> 1 | R106: =I106-O106 -> 0 | S106: SAI SL
...

Sheet WS11
A1: Ngày ct | B1: Mã ct | C1: Số ct | D1: Số hđ | E1: Áp giá | F1: Mã ncc | G1: Tên ncc | H1: Diễn giải | I1: Mã hàng | J1: Tên mặt hàng | K1: Đvt | L1: =SUBTOTAL(9,L2:L499) -> 1428.65 | M1: Giá | N1: Giá báo | O1: =SUBTOTAL(9,O2:O499) -> 36061660 | P1: Thuế suất | Q1: Chênh lệch giá | R1: Kho hàng | S1: Mã nx | T1: Vụ việc | U1: Bộ phận | V1: Hợp đồng | W1: Người tạo | X1: Người sửa
A2: 46023 | B2: ="0"&DAY(A2)&"/01/2026"&I2 -> 01/01/2026NL300007 | C2: 2601WSG11005 | E2: 1 | F2: NCC100186 | G2: CÔNG TY TNHH NÔNG SẢN THỰC PHẨM TRẦN GIA | H2: WSG11 - Nhập hàng mua ngày 01/01/2026 | I2: NL300007 | J2: Bí đỏ | K2: kg | L2: 3 | M2: 30000 | N2: 0 | O2: 90000 | P2: 0 | Q2: 30000 | R2: WSG.11 | S2: 3311 | U2: WSG11 | W2: NHUNTQ | X2: NHUNTQ
A3: 46023 | B3: ="0"&DAY(A3)&"/01/2026"&I3 -> 01/01/2026NL300008 | C3: 2601WSG11005 | E3: 1 | F3: NCC100186 | G3: CÔNG TY TNHH NÔNG SẢN THỰC PHẨM TRẦN GIA | H3: WSG11 - Nhập hàng mua ngày 01/01/2026 | I3: NL300008 | J3: Bí ngòi | K3: kg | L3: 6 | M3: 40000 | N3: 0 | O3: 240000 | P3: 0 | Q3: 40000 | R3: WSG.11 | S3: 3311 | U3: WSG11 | W3: NHUNTQ | X3: NHUNTQ
A4: 46023 | B4: ="0"&DAY(A4)&"/01/2026"&I4 -> 01/01/2026NL300020 | C4: 2601WSG11005 | E4: 1 | F4: NCC100186 | G4: CÔNG TY TNHH NÔNG SẢN THỰC PHẨM TRẦN GIA | H4: WSG11 - Nhập hàng mua ngày 01/01/2026 | I4: NL300020 | J4: Cải ngồng | K4: kg | L4: 2 | M4: 30000 | N4: 0 | O4: 60000 | P4: 0 | Q4: 30000 | R4: WSG.11 | S4: 3311 | U4: WSG11 | W4: NHUNTQ | X4: NHUNTQ
A5: 46023 | B5: ="0"&DAY(A5)&"/01/2026"&I5 -> 01/01/2026NL300038 | C5: 2601WSG11005 | E5: 1 | F5: NCC100186 | G5: CÔNG TY TNHH NÔNG SẢN THỰC PHẨM TRẦN GIA | H5: WSG11 - Nhập hàng mua ngày 01/01/2026 | I5: NL300038 | J5: Đậu bắp | K5: kg | L5: 2.5 | M5: 32000 | N5: 0 | O5: 80000 | P5: 0 | Q5: 32000 | R5: WSG.11 | S5: 3311 | U5: WSG11 | W5: NHUNTQ | X5: NHUNTQ
A6: 46023 | B6: ="0"&DAY(A6)&"/01/2026"&I6 -> 01/01/2026NL300054 | C6: 2601WSG11005 | E6: 1 | F6: NCC100186 | G6: CÔNG TY TNHH NÔNG SẢN THỰC PHẨM TRẦN GIA | H6: WSG11 - Nhập hàng mua ngày 01/01/2026 | I6: NL300054 | J6: Gừng tàu | K6: kg | L6: 1 | M6: 38000 | N6: 0 | O6: 38000 | P6: 0 | Q6: 38000 | R6: WSG.11 | S6: 3311 | U6: WSG11 | W6: NHUNTQ | X6: NHUNTQ
A7: 46023 | B7: ="0"&DAY(A7)&"/01/2026"&I7 -> 01/01/2026NL300058 | C7: 2601WSG11005 | E7: 1 | F7: NCC100186 | G7: CÔNG TY TNHH NÔNG SẢN THỰC PHẨM TRẦN GIA | H7: WSG11 - Nhập hàng mua ngày 01/01/2026 | I7: NL300058 | J7: Hành lá | K7: kg | L7: 1.5 | M7: 55000 | N7: 0 | O7: 82500 | P7: 0 | Q7: 55000 | R7: WSG.11 | S7: 3311 | U7: WSG11 | W7: NHUNTQ | X7: NHUNTQ
A8: 46023 | B8: ="0"&DAY(A8)&"/01/2026"&I8 -> 01/01/2026NL300059 | C8: 2601WSG11005 | E8: 1 | F8: NCC100186 | G8: CÔNG TY TNHH NÔNG SẢN THỰC PHẨM TRẦN GIA | H8: WSG11 - Nhập hàng mua ngày 01/01/2026 | I8: NL300059 | J8: Hành tây | K8: kg | L8: 0.5 | M8: 13000 | N8: 0 | O8: 6500 | P8: 0 | Q8: 13000 | R8: WSG.11 | S8: 3311 | U8: WSG11 | W8: NHUNTQ | X8: NHUNTQ
A9: 46023 | B9: ="0"&DAY(A9)&"/01/2026"&I9 -> 01/01/2026NL300085 | C9: 2601WSG11005 | E9: 1 | F9: NCC100186 | G9: CÔNG TY TNHH NÔNG SẢN THỰC PHẨM TRẦN GIA | H9: WSG11 - Nhập hàng mua ngày 01/01/2026 | I9: NL300085 | J9: Mùi ta ( Ngò rí ) | K9: kg | L9: 2 | M9: 45000 | N9: 0 | O9: 90000 | P9: 0 | Q9: 45000 | R9: WSG.11 | S9: 3311 | U9: WSG11 | W9: NHUNTQ | X9: NHUNTQ
A10: 46023 | B10: ="0"&DAY(A10)&"/01/2026"&I10 -> 01/01/2026NL300091 | C10: 2601WSG11005 | E10: 1 | F10: NCC100186 | G10: CÔNG TY TNHH NÔNG SẢN THỰC PHẨM TRẦN GIA | H10: WSG11 - Nhập hàng mua ngày 01/01/2026 | I10: NL300091 | J10: Nấm đùi gà | K10: kg | L10: 0.9 | M10: 47000 | N10: 0 | O10: 42300 | P10: 0 | Q10: 47000 | R10: WSG.11 | S10: 3311 | U10: WSG11 | W10: NHUNTQ | X10: NHUNTQ
A11: 46023 | B11: ="0"&DAY(A11)&"/01/2026"&I11 -> 01/01/2026NL300092 | C11: 2601WSG11005 | E11: 1 | F11: NCC100186 | G11: CÔNG TY TNHH NÔNG SẢN THỰC PHẨM TRẦN GIA | H11: WSG11 - Nhập hàng mua ngày 01/01/2026 | I11: NL300092 | J11: Nấm đùi gà baby | K11: kg | L11: 1.6 | M11: 90000 | N11: 0 | O11: 144000 | P11: 0 | Q11: 90000 | R11: WSG.11 | S11: 3311 | U11: WSG11 | W11: NHUNTQ | X11: NHUNTQ
A12: 46023 | B12: ="0"&DAY(A12)&"/01/2026"&I12 -> 01/01/2026NL300094 | C12: 2601WSG11005 | E12: 1 | F12: NCC100186 | G12: CÔNG TY TNHH NÔNG SẢN THỰC PHẨM TRẦN GIA | H12: WSG11 - Nhập hàng mua ngày 01/01/2026 | I12: NL300094 | J12: Nấm hải sản | K12: kg | L12: 1.3 | M12: 80000 | N12: 0 | O12: 104000 | P12: 0 | Q12: 80000 | R12: WSG.11 | S12: 3311 | U12: WSG11 | W12: NHUNTQ | X12: NHUNTQ
A13: 46023 | B13: ="0"&DAY(A13)&"/01/2026"&I13 -> 01/01/2026NL300096 | C13: 2601WSG11005 | E13: 1 | F13: NCC100186 | G13: CÔNG TY TNHH NÔNG SẢN THỰC PHẨM TRẦN GIA | H13: WSG11 - Nhập hàng mua ngày 01/01/2026 | I13: NL300096 | J13: Nấm kim châm tươi | K13: kg | L13: 4 | M13: 45000 | N13: 0 | O13: 180000 | P13: 0 | Q13: 45000 | R13: WSG.11 | S13: 3311 | U13: WSG11 | W13: NHUNTQ | X13: NHUNTQ
... A276: 46031 | B276: ="0"&DAY(A276)&"/01/2026"&I276 -> 09/01/2026NL300147 | C276: 2601WSG11056 | E276: 1 | F276: NCC100186 | G276: CÔNG TY TNHH NÔNG SẢN THỰC PHẨM TRẦN GIA | H276: WSG11 - Nhập hàng mua ngày 09/01/2026 | I276: NL300147 | J276: Xà lách Roman | K276: kg | L276: 2 | M276: 62000 | N276: 0 | O276: 124000 | P276: 0 | Q276: 62000 | R276: WSG.11 | S276: 3311 | U276: WSG11 | W276: NHUNTQ | X276: NHUNTQ
A277: 46032 | B277: =""&DAY(A277)&"/01/2026"&I277 -> 10/01/2026NL300061 | C277: 2601WSG11101 | E277: 1 | F277: NCC100186 | G277: CÔNG TY TNHH NÔNG SẢN THỰC PHẨM TRẦN GIA | H277: WSG11 - Nhập hàng mua ngày 10/01/2026 | I277: NL300061 | J277: Hành Paro (Hành Baro) | K277: kg | L277: 0.5 | M277: 38000 | N277: 0 | O277: 19000 | P277: 0 | Q277: 38000 | R277: WSG.11 | S277: 3311 | U277: WSG11 | W277: NHUNTQ | X277: NHUNTQ
A278: 46032 | B278: =""&DAY(A278)&"/01/2026"&I278 -> 10/01/2026NL300088 | C278: 2601WSG11101 | E278: 1 | F278: NCC100186 | G278: CÔNG TY TNHH NÔNG SẢN THỰC PHẨM TRẦN GIA | H278: WSG11 - Nhập hàng mua ngày 10/01/2026 | I278: NL300088 | J278: Mướp hương | K278: kg | L278: 1.5 | M278: 27000 | N278: 0 | O278: 40500 | P278: 0 | Q278: 27000 | R278: WSG.11 | S278: 3311 | U278: WSG11 | W278: NHUNTQ | X278: NHUNTQ
A279: 46032 | B279: =""&DAY(A279)&"/01/2026"&I279 -> 10/01/2026NL300107 | C279: 2601WSG11101 | E279: 1 | F279: NCC100186 | G279: CÔNG TY TNHH NÔNG SẢN THỰC PHẨM TRẦN GIA | H279: WSG11 - Nhập hàng mua ngày 10/01/2026 | I279: NL300107 | J279: Ngô ngọt ( Bắp trái) | K279: Cái | L279: 10 | M279: 8500 | N279: 0 | O279: 85000 | P279: 0 | Q279: 8500 | R279: WSG.11 | S279: 3311 | U279: WSG11 | W279: NHUNTQ | X279: NHUNTQ
A280: 46032 | B280: =""&DAY(A280)&"/01/2026"&I280 -> 10/01/2026NL300041 | C280: 2601WSG11101 | E280: 1 | F280: NCC100186 | G280: CÔNG TY TNHH NÔNG SẢN THỰC PHẨM TRẦN GIA | H280: WSG11 - Nhập hàng mua ngày 10/01/2026 | I280: NL300041 | J280: Đậu hủ non trứng | K280: Cái | L280: 5 | M280: 15000 | N280: 0 | O280: 75000 | P280: 0 | Q280: 15000 | R280: WSG.11 | S280: 3311 | U280: WSG11 | W280: NHUNTQ | X280: NHUNTQ
A281: 46032 | B281: =""&DAY(A281)&"/01/2026"&I281 -> 10/01/2026NL300090 | C281: 2601WSG11101 | E281: 1 | F281: NCC100186 | G281: CÔNG TY TNHH NÔNG SẢN THỰC PHẨM TRẦN GIA | H281: WSG11 - Nhập hàng mua ngày 10/01/2026 | I281: NL300090 | J281: Nấm đông cô tươi | K281: kg | L281: 3 | M281: 145000 | N281: 0 | O281: 435000 | P281: 0 | Q281: 145000 | R281: WSG.11 | S281: 3311 | U281: WSG11 | W281: NHUNTQ | X281: NHUNTQ
A282: 46032 | B282: =""&DAY(A282)&"/01/2026"&I282 -> 10/01/2026NL300116 | C282: 2601WSG11101 | E282: 1 | F282: NCC100186 | G282: CÔNG TY TNHH NÔNG SẢN THỰC PHẨM TRẦN GIA | H282: WSG11 - Nhập hàng mua ngày 10/01/2026 | I282: NL300116 | J282: Ớt sừng | K282: kg | L282: 0.4 | M282: 148000 | N282: 0 | O282: 59200 | P282: 0 | Q282: 148000 | R282: WSG.11 | S282: 3311 | U282: WSG11 | W282: NHUNTQ | X282: NHUNTQ
A283: 46032 | B283: =""&DAY(A283)&"/01/2026"&I283 -> 10/01/2026NL300025 | C283: 2601WSG11101 | E283: 1 | F283: NCC100186 | G283: CÔNG TY TNHH NÔNG SẢN THỰC PHẨM TRẦN GIA | H283: WSG11 - Nhập hàng mua ngày 10/01/2026 | I283: NL300025 | J283: Rau cần tây | K283: kg | L283: 1.8 | M283: 44000 | N283: 0 | O283: 79200 | P283: 0 | Q283: 44000 | R283: WSG.11 | S283: 3311 | U283: WSG11 | W283: NHUNTQ | X283: NHUNTQ
A284: 46032 | B284: =""&DAY(A284)&"/01/2026"&I284 -> 10/01/2026NL300101 | C284: 2601WSG11101 | E284: 1 | F284: NCC100186 | G284: CÔNG TY TNHH NÔNG SẢN THỰC PHẨM TRẦN GIA | H284: WSG11 - Nhập hàng mua ngày 10/01/2026 | I284: NL300101 | J284: Nấm Mối | K284: kg | L284: 0.7 | M284: 195000 | N284: 0 | O284: 136500 | P284: 0 | Q284: 195000 | R284: WSG.11 | S284: 3311 | U284: WSG11 | W284: NHUNTQ | X284: NHUNTQ
A285: 46032 | B285: =""&DAY(A285)&"/01/2026"&I285 -> 10/01/2026NL300070 | C285: 2601WSG11101 | E285: 1 | F285: NCC100186 | G285: CÔNG TY TNHH NÔNG SẢN THỰC PHẨM TRẦN GIA | H285: WSG11 - Nhập hàng mua ngày 10/01/2026 | I285: NL300070 | J285: Khoai lang Nhật | K285: kg | L285: 0.5 | M285: 23000 | N285: 0 | O285: 11500 | P285: 0 | Q285: 23000 | R285: WSG.11 | S285: 3311 | U285: WSG11 | W285: NHUNTQ | X285: NHUNTQ
A286: 46032 | B286: =""&DAY(A286)&"/01/2026"&I286 -> 10/01/2026NL100101 | C286: 2601WSG11101 | E286: 1 | F286: NCC100186 | G286: CÔNG TY TNHH NÔNG SẢN THỰC PHẨM TRẦN GIA | H286: WSG11 - Nhập hàng mua ngày 10/01/2026 | I286: NL100101 | J286: Trứng vịt muối | K286: quả | L286: 60 | M286: 5000 | N286: 0 | O286: 300000 | P286: 0 | Q286: 5000 | R286: WSG.11 | S286: 3311 | U286: WSG11 | W286: NHUNTQ | X286: NHUNTQ
A287: 46032 | B287: =""&DAY(A287)&"/01/2026"&I287 -> 10/01/2026NL600004 | C287: 2601WSG11101 | E287: 1 | F287: NCC100186 | G287: CÔNG TY TNHH NÔNG SẢN THỰC PHẨM TRẦN GIA | H287: WSG11 - Nhập hàng mua ngày 10/01/2026 | I287: NL600004 | J287: Dưa hấu | K287: kg | L287: 19 | M287: 18000 | N287: 0 | O287: 342000 | P287: 0 | Q287: 18000 | R287: WSG.11 | S287: 3311 | U287: WSG11 | W287: NHUNTQ | X287: NHUNTQ
A288: 46032 | B288: =""&DAY(A288)&"/01/2026"&I288 -> 10/01/2026NL300131 | C288: 2601WSG11101 | E288: 1 | F288: NCC100186 | G288: CÔNG TY TNHH NÔNG SẢN THỰC PHẨM TRẦN GIA | H288: WSG11 - Nhập hàng mua ngày 10/01/2026 | I288: NL300131 | J288: Xà lách Rocket | K288: kg | L288: 0.1 | M288: 220000 | N288: 0 | O288: 22000 | P288: 0 | Q288: 220000 | R288: WSG.11 | S288: 3311 | U288: WSG11 | W288: NHUNTQ | X288: NHUNTQ
... A475: 46037 | B475: =""&DAY(A475)&"/01/2026"&I475 -> 15/01/2026NL100101 | C475: WSG112601025 | E475: 1 | F475: NCC100186 | G475: CÔNG TY TNHH NÔNG SẢN THỰC PHẨM TRẦN GIA | H475: WSG11 - Nhập hàng mua ngày 15/01/2026 | I475: NL100101 | J475: Trứng vịt muối | K475: quả | L475: 15 | M475: 5000 | N475: 0 | O475: 75000 | P475: 0 | Q475: 5000 | R475: WSG.11 | S475: 3311 | U475: WSG11 | W475: NHUNTQ | X475: NHUNTQ
