Workbook

Sheet LW 1
D2: CÔNG TY TNHH NÔNG SẢN THỰC PHẨM TRẦN GIA HTX: Ấp Lộc Tiến, Xã Mỹ Lộc, Huyện Cần Giuộc, Tỉnh Long An VP: Tòa nhà An Phú Plaza, 117-119 Lý Chính Thắng, P.7. Q.3, TP.HCM Kho sơ chế: 30 Kha Vạn Cân, P. Hiệp Bình Chánh, TP.Thủ Đức, TP.HCM Kho Đà Lạt: 69 Trần Thủ Độ, TT Liên Nghĩa, Huyện Đức Trọng, Tỉnh Lâm Đồng. Website: rausachtrangia.com - Hotline: 090.245.8081
A4: CHI TIẾT ĐỐI CHIẾU CÔNG NỢ
A6: Từ ngày 1 tháng 01 đến ngày 15 tháng 01 năm 2026
A8: Tên Khách hàng: LONGWANG 1
A10: Địa chỉ:
A12: Người liên hệ: Email:
J13: =SUBTOTAL(9,J15:J612) -> 78283295
A14: NGÀY | B14: MÃ KHÁCH HÀNG | C14: TÊN KHÁCH HÀNG | D14: MÃ ĐƠN HÀNG | E14: MÃ HÀNG | F14: TÊN HÀNG | G14: ĐVT | H14: SỐ LƯỢNG | I14: ĐƠN GIÁ | J14: THÀNH TIỀN | K14: GHI CHÚ
A15: 01/01/2026 | B15: TG-KS00333 | C15: LONGWANG 1 | D15: TG-AA20661 | E15: I100253 | F15: Bánh ướt | G15: Kg | H15: 5 | I15: 15000 | J15: =H15*I15 -> 75000
A16: 01/01/2026 | B16: TG-KS00333 | C16: LONGWANG 1 | D16: TG-AA20661 | E16: I100008 | F16: Bắp mỹ trái (Loại 1) | G16: Trái | H16: 20 | I16: 8500 | J16: =H16*I16 -> 170000
A17: 01/01/2026 | B17: TG-KS00333 | C17: LONGWANG 1 | D17: TG-AA20661 | E17: I100016 | F17: Bí ngòi xanh | G17: Kg | H17: 18 | I17: 40000 | J17: =H17*I17 -> 720000
A18: 01/01/2026 | B18: TG-KS00333 | C18: LONGWANG 1 | D18: TG-AA20661 | E18: I100024 | F18: Bông cải xanh | G18: Kg | H18: 3.3 | I18: 52000 | J18: =H18*I18 -> 171600
A19: 01/01/2026 | B19: TG-KS00333 | C19: LONGWANG 1 | D19: TG-AA20661 | E19: I100045 | F19: Cải Hongkong(Cai ngong) | G19: Kg | H19: 4 | I19: 30000 | J19: =H19*I19 -> 120000
A20: 01/01/2026 | B20: TG-KS00333 | C20: LONGWANG 1 | D20: TG-AA20661 | E20: I100469 | F20: Cam vàng | G20: Kg | H20: 0.9 | I20: 75000 | J20: =H20*I20 -> 67500
A21: 01/01/2026 | B21: TG-KS00333 | C21: LONGWANG 1 | D21: TG-AA20661 | E21: I100057 | F21: Cần tây | G21: Kg | H21: 2 | I21: 44000 | J21: =H21*I21 -> 88000
A22: 01/01/2026 | B22: TG-KS00333 | C22: LONGWANG 1 | D22: TG-AA20661 | E22: I100474 | F22: Chanh Dây | G22: Kg | H22: 1 | I22: 34000 | J22: =H22*I22 -> 34000
A23: 01/01/2026 | B23: TG-KS00333 | C23: LONGWANG 1 | D23: TG-AA20661 | E23: I100062 | F23: Chanh vàng | G23: Kg | H23: 0.3 | I23: 95000 | J23: =H23*I23 -> 28500
A24: 01/01/2026 | B24: TG-KS00333 | C24: LONGWANG 1 | D24: TG-AA20661 | E24: I100097 | F24: Củ Gừng | G24: Kg | H24: 2 | I24: 38000 | J24: =H24*I24 -> 76000
A25: 01/01/2026 | B25: TG-KS00333 | C25: LONGWANG 1 | D25: TG-AA20661 | E25: I100072 | F25: Củ riềng | G25: Kg | H25: 0.1 | I25: 25000 | J25: =H25*I25 -> 2500
A26: 01/01/2026 | B26: TG-KS00333 | C26: LONGWANG 1 | D26: TG-AA20661 | E26: I100074 | F26: Củ sen | G26: Kg | H26: 3 | I26: 47000 | J26: =H26*I26 -> 141000
... A612: 15/01/2026 | B612: TG-KS00333 | C612: LONGWANG 1 | D612: TG-AA23224 | E612: I100194 | F612: Rau tía tô | G612: Kg | H612: 0.2 | I612: 36000 | J612: =H612*I612 -> 7200

Sheet GMT
D2: CÔNG TY TNHH NÔNG SẢN THỰC PHẨM TRẦN GIA HTX: Ấp Lộc Tiến, Xã Mỹ Lộc, Huyện Cần Giuộc, Tỉnh Long An VP: Tòa nhà An Phú Plaza, 117-119 Lý Chính Thắng, P.7. Q.3, TP.HCM Kho sơ chế: 30 Kha Vạn Cân, P. Hiệp Bình Chánh, TP.Thủ Đức, TP.HCM Kho Đà Lạt: 69 Trần Thủ Độ, TT Liên Nghĩa, Huyện Đức Trọng, Tỉnh Lâm Đồng. Website: rausachtrangia.com - Hotline: 090.245.8081
A4: CHI TIẾT ĐỐI CHIẾU CÔNG NỢ
A6: Từ ngày 1 tháng 01 đến ngày 15 tháng 01 năm 2026
A8: Tên Khách hàng: G-MASTER NƯỚNG
A10: Địa chỉ:
A12: Người liên hệ: Email:
J13: =SUBTOTAL(9,J15:J387) -> 27361370 | N13: GSG01 | O13: =SUBTOTAL(9,O15:O908) -> 23526920 | P13: =O13-Sheet2!N1 -> 0
A14: NGÀY | B14: MÃ KHÁCH HÀNG | C14: TÊN KHÁCH HÀNG | D14: MÃ ĐƠN HÀNG | E14: MÃ HÀNG | F14: TÊN HÀNG | G14: ĐVT | H14: SỐ LƯỢNG | I14: ĐƠN GIÁ | J14: THÀNH TIỀN | K14: GHI CHÚ | L14: MÃ | M14: THỰC NHẬN | N14: GIÁ CHỐT | O14: TỔNG | P14: LỆCH | Q14: NOTE | U14: SAI SL | V14: SAI GIÁ CHỐT
A15: 01/01/2026 | B15: TG-KS01254 | C15: G-MASTER NƯỚNG | D15: TG-AA20733 | E15: I100003 | F15: Bắp cải trắng | G15: Kg | H15: 4.6 | I15: 19000 | J15: =H15*I15 -> 87400 | L15: =+VLOOKUP(E15,mã!$B$2:$F$229,2,0) -> NL300004 | M15: =+VLOOKUP(T15,Sheet2!$B$2:$P$372,10,0) -> 4.6 | N15: =+VLOOKUP(L15,mã!$C$2:$F$229,4,0) -> 19000 | O15: =M15*N15 -> 87400 | P15: =J15-O15 -> 0 | Q15: =IF(U15=0," ","SAI SL NHẬN") | R15: =+VLOOKUP(T15,Sheet2!$B$2:$P$372,13,0) -> 87400 | S15: =O15-R15 -> 0 | T15: =A15&L15 -> 01/01/2026NL300004 | U15: =H15-M15 -> 0 | V15: =I15-N15 -> 0
A16: 01/01/2026 | B16: TG-KS01254 | C16: G-MASTER NƯỚNG | D16: TG-AA20733 | E16: I100008 | F16: Bắp mỹ trái (Loại 1) | G16: Trái | H16: 25 | I16: 8500 | J16: =H16*I16 -> 212500 | L16: =+VLOOKUP(E16,mã!$B$2:$F$229,2,0) -> NL300107 | M16: =+VLOOKUP(T16,Sheet2!$B$2:$P$372,10,0) -> 20 | N16: =+VLOOKUP(L16,mã!$C$2:$F$229,4,0) -> 8500 | O16: =M16*N16 -> 170000 | P16: =J16-O16 -> 42500 | Q16: =IF(U16=0," ","SAI SL NHẬN") -> SAI SL NHẬN | R16: =+VLOOKUP(T16,Sheet2!$B$2:$P$372,13,0) -> 170000 | S16: =O16-R16 -> 0 | T16: =A16&L16 -> 01/01/2026NL300107 | U16: =H16-M16 -> 5 | V16: =I16-N16 -> 0
A17: 01/01/2026 | B17: TG-KS01254 | C17: G-MASTER NƯỚNG | D17: TG-AA20733 | E17: I100012 | F17: Bí đỏ hồ lô | G17: Kg | H17: 2.9 | I17: 30000 | J17: =H17*I17 -> 87000 | L17: =+VLOOKUP(E17,mã!$B$2:$F$229,2,0) -> NL300007 | M17: =+VLOOKUP(T17,Sheet2!$B$2:$P$372,10,0) -> 2.9 | N17: =+VLOOKUP(L17,mã!$C$2:$F$229,4,0) -> 30000 | O17: =M17*N17 -> 87000 | P17: =J17-O17 -> 0 | Q17: =IF(U17=0," ","SAI SL NHẬN") | R17: =+VLOOKUP(T17,Sheet2!$B$2:$P$372,13,0) -> 87000 | S17: =O17-R17 -> 0 | T17: =A17&L17 -> 01/01/2026NL300007 | U17: =H17-M17 -> 0 | V17: =I17-N17 -> 0
A18: 01/01/2026 | B18: TG-KS01254 | C18: G-MASTER NƯỚNG | D18: TG-AA20733 | E18: I100016 | F18: Bí ngòi xanh | G18: Kg | H18: 3.1 | I18: 40000 | J18: =H18*I18 -> 124000 | L18: =+VLOOKUP(E18,mã!$B$2:$F$229,2,0) -> NL300008 | M18: =+VLOOKUP(T18,Sheet2!$B$2:$P$372,10,0) -> 3.1 | N18: =+VLOOKUP(L18,mã!$C$2:$F$229,4,0) -> 40000 | O18: =M18*N18 -> 124000 | P18: =J18-O18 -> 0 | Q18: =IF(U18=0," ","SAI SL NHẬN") | R18: =+VLOOKUP(T18,Sheet2!$B$2:$P$372,13,0) -> 124000 | S18: =O18-R18 -> 0 | T18: =A18&L18 -> 01/01/2026NL300008 | U18: =H18-M18 -> 0 | V18: =I18-N18 -> 0
A19: 01/01/2026 | B19: TG-KS01254 | C19: G-MASTER NƯỚNG | D19: TG-AA20733 | E19: I100034 | F19: Cà chua | G19: Kg | H19: 1 | I19: 50000 | J19: =H19*I19 -> 50000 | L19: =+VLOOKUP(E19,mã!$B$2:$F$229,2,0) -> NL300013 | M19: =+VLOOKUP(T19,Sheet2!$B$2:$P$372,10,0) -> 1 | N19: =+VLOOKUP(L19,mã!$C$2:$F$229,4,0) -> 50000 | O19: =M19*N19 -> 50000 | P19: =J19-O19 -> 0 | Q19: =IF(U19=0," ","SAI SL NHẬN") | R19: =+VLOOKUP(T19,Sheet2!$B$2:$P$372,13,0) -> 50000 | S19: =O19-R19 -> 0 | T19: =A19&L19 -> 01/01/2026NL300013 | U19: =H19-M19 -> 0 | V19: =I19-N19 -> 0
A20: 01/01/2026 | B20: TG-KS01254 | C20: G-MASTER NƯỚNG | D20: TG-AA20733 | E20: I100033 | F20: Cà chua bi | G20: Kg | H20: 1 | I20: 55000 | J20: =H20*I20 -> 55000 | L20: =+VLOOKUP(E20,mã!$B$2:$F$229,2,0) -> NL300014 | M20: =+VLOOKUP(T20,Sheet2!$B$2:$P$372,10,0) -> 1 | N20: =+VLOOKUP(L20,mã!$C$2:$F$229,4,0) -> 55000 | O20: =M20*N20 -> 55000 | P20: =J20-O20 -> 0 | Q20: =IF(U20=0," ","SAI SL NHẬN") | R20: =+VLOOKUP(T20,Sheet2!$B$2:$P$372,13,0) -> 55000 | S20: =O20-R20 -> 0 | T20: =A20&L20 -> 01/01/2026NL300014 | U20: =H20-M20 -> 0 | V20: =I20-N20 -> 0
A21: 01/01/2026 | B21: TG-KS01254 | C21: G-MASTER NƯỚNG | D21: TG-AA20733 | E21: I100039 | F21: Cà rốt | G21: Kg | H21: 3 | I21: 18000 | J21: =H21*I21 -> 54000 | L21: =+VLOOKUP(E21,mã!$B$2:$F$229,2,0) -> NL300027 | M21: =+VLOOKUP(T21,Sheet2!$B$2:$P$372,10,0) -> 3 | N21: =+VLOOKUP(L21,mã!$C$2:$F$229,4,0) -> 18000 | O21: =M21*N21 -> 54000 | P21: =J21-O21 -> 0 | Q21: =IF(U21=0," ","SAI SL NHẬN") | R21: =+VLOOKUP(T21,Sheet2!$B$2:$P$372,13,0) -> 54000 | S21: =O21-R21 -> 0 | T21: =A21&L21 -> 01/01/2026NL300027 | U21: =H21-M21 -> 0 | V21: =I21-N21 -> 0
A22: 01/01/2026 | B22: TG-KS01254 | C22: G-MASTER NƯỚNG | D22: TG-AA20733 | E22: I100046 | F22: Cải mầm (100g) | G22: Hộp | H22: 0.1 | I22: 10000 | J22: =H22*I22 -> 1000 | L22: NL300230 | M22: =+VLOOKUP(T22,Sheet2!$B$2:$P$372,10,0) -> 0.1 | N22: =+VLOOKUP(L22,mã!$C$2:$F$229,4,0) -> 80000 | O22: =M22*N22 -> 8000 | P22: =J22-O22 -> -7000 | Q22: =IF(U22=0," ","SAI SL NHẬN") | R22: =+VLOOKUP(T22,Sheet2!$B$2:$P$372,13,0) -> 8000 | S22: =O22-R22 -> 0 | T22: =A22&L22 -> 01/01/2026NL300230 | U22: =H22-M22 -> 0 | V22: =I22-N22 -> -70000
A23: 01/01/2026 | B23: TG-KS01254 | C23: G-MASTER NƯỚNG | D23: TG-AA20733 | E23: I100064 | F23: Củ cải đỏ (Radis) | G23: Kg | H23: 0.2 | I23: 40000 | J23: =H23*I23 -> 8000 | L23: =+VLOOKUP(E23,mã!$B$2:$F$229,2,0) -> NL300034 | M23: =+VLOOKUP(T23,Sheet2!$B$2:$P$372,10,0) -> 0.2 | N23: =+VLOOKUP(L23,mã!$C$2:$F$229,4,0) -> 40000 | O23: =M23*N23 -> 8000 | P23: =J23-O23 -> 0 | Q23: =IF(U23=0," ","SAI SL NHẬN") | R23: =+VLOOKUP(T23,Sheet2!$B$2:$P$372,13,0) -> 8000 | S23: =O23-R23 -> 0 | T23: =A23&L23 -> 01/01/2026NL300034 | U23: =H23-M23 -> 0 | V23: =I23-N23 -> 0
A24: 01/01/2026 | B24: TG-KS01254 | C24: G-MASTER NƯỚNG | D24: TG-AA20733 | E24: I100067 | F24: Củ cải trắng (Loại 1) | G24: Kg | H24: 4 | I24: 13000 | J24: =H24*I24 -> 52000 | L24: =+VLOOKUP(E24,mã!$B$2:$F$229,2,0) -> NL300033 | M24: =+VLOOKUP(T24,Sheet2!$B$2:$P$372,10,0) -> 4 | N24: =+VLOOKUP(L24,mã!$C$2:$F$229,4,0) -> 13000 | O24: =M24*N24 -> 52000 | P24: =J24-O24 -> 0 | Q24: =IF(U24=0," ","SAI SL NHẬN") | R24: =+VLOOKUP(T24,Sheet2!$B$2:$P$372,13,0) -> 52000 | S24: =O24-R24 -> 0 | T24: =A24&L24 -> 01/01/2026NL300033 | U24: =H24-M24 -> 0 | V24: =I24-N24 -> 0
A25: 01/01/2026 | B25: TG-KS01254 | C25: G-MASTER NƯỚNG | D25: TG-AA20733 | E25: I100097 | F25: Củ Gừng | G25: Kg | H25: 0.5 | I25: 38000 | J25: =H25*I25 -> 19000 | L25: NL300053 | M25: =+VLOOKUP(T25,Sheet2!$B$2:$P$372,10,0) -> 0.5 | N25: =+VLOOKUP(L25,mã!$C$2:$F$229,4,0) -> 30000 | O25: =M25*N25 -> 15000 | P25: =J25-O25 -> 4000 | Q25: =IF(U25=0," ","SAI SL NHẬN") | R25: =+VLOOKUP(T25,Sheet2!$B$2:$P$372,13,0) -> 15000 | S25: =O25-R25 -> 0 | T25: =A25&L25 -> 01/01/2026NL300053 | U25: =H25-M25 -> 0 | V25: =I25-N25 -> 8000
A26: 01/01/2026 | B26: TG-KS01254 | C26: G-MASTER NƯỚNG | D26: TG-AA20733 | E26: I100075 | F26: Đậu bắp | G26: Kg | H26: 3 | I26: 32000 | J26: =H26*I26 -> 96000 | L26: =+VLOOKUP(E26,mã!$B$2:$F$229,2,0) -> NL300038 | M26: =+VLOOKUP(T26,Sheet2!$B$2:$P$372,10,0) -> 3 | N26: =+VLOOKUP(L26,mã!$C$2:$F$229,4,0) -> 32000 | O26: =M26*N26 -> 96000 | P26: =J26-O26 -> 0 | Q26: =IF(U26=0," ","SAI SL NHẬN") | R26: =+VLOOKUP(T26,Sheet2!$B$2:$P$372,13,0) -> 96000 | S26: =O26-R26 -> 0 | T26: =A26&L26 -> 01/01/2026NL300038 | U26: =H26-M26 -> 0 | V26: =I26-N26 -> 0
A27: 01/01/2026 | B27: TG-KS01254 | C27: G-MASTER NƯỚNG | D27: TG-AA20733 | E27: I100883 | F27: Đậu hủ trứng CP 220gr | G27: Cây | H27: 6 | I27: 15000 | J27: =H27*I27 -> 90000 | L27: =+VLOOKUP(E27,mã!$B$2:$F$229,2,0) -> NL300041 | M27: =+VLOOKUP(T27,Sheet2!$B$2:$P$372,10,0) -> 6 | N27: =+VLOOKUP(L27,mã!$C$2:$F$229,4,0) -> 15000 | O27: =M27*N27 -> 90000 | P27: =J27-O27 -> 0 | Q27: =IF(U27=0," ","SAI SL NHẬN") | R27: =+VLOOKUP(T27,Sheet2!$B$2:$P$372,13,0) -> 90000 | S27: =O27-R27 -> 0 | T27: =A27&L27 -> 01/01/2026NL300041 | U27: =H27-M27 -> 0 | V27: =I27-N27 -> 0
A28: 01/01/2026 | B28: TG-KS01254 | C28: G-MASTER NƯỚNG | D28: TG-AA20733 | E28: I100479 | F28: Dưa hấu | G28: Kg | H28: 21 | I28: 18000 | J28: =H28*I28 -> 378000 | L28: =+VLOOKUP(E28,mã!$B$2:$F$229,2,0) -> NL600004 | M28: =+VLOOKUP(T28,Sheet2!$B$2:$P$372,10,0) -> 21 | N28: =+VLOOKUP(L28,mã!$C$2:$F$229,4,0) -> 18000 | O28: =M28*N28 -> 378000 | P28: =J28-O28 -> 0 | Q28: =IF(U28=0," ","SAI SL NHẬN") | R28: =+VLOOKUP(T28,Sheet2!$B$2:$P$372,13,0) -> 378000 | S28: =O28-R28 -> 0 | T28: =A28&L28 -> 01/01/2026NL600004 | U28: =H28-M28 -> 0 | V28: =I28-N28 -> 0
A29: 01/01/2026 | B29: TG-KS01254 | C29: G-MASTER NƯỚNG | D29: TG-AA20733 | E29: I100089 | F29: Dưa leo | G29: Kg | H29: 4 | I29: 18000 | J29: =H29*I29 -> 72000 | L29: =+VLOOKUP(E29,mã!$B$2:$F$229,2,0) -> NL300048 | M29: =+VLOOKUP(T29,Sheet2!$B$2:$P$372,10,0) -> 4 | N29: =+VLOOKUP(L29,mã!$C$2:$F$229,4,0) -> 18000 | O29: =M29*N29 -> 72000 | P29: =J29-O29 -> 0 | Q29: =IF(U29=0," ","SAI SL NHẬN") | R29: =+VLOOKUP(T29,Sheet2!$B$2:$P$372,13,0) -> 72000 | S29: =O29-R29 -> 0 | T29: =A29&L29 -> 01/01/2026NL300048 | U29: =H29-M29 -> 0 | V29: =I29-N29 -> 0
A30: 01/01/2026 | B30: TG-KS01254 | C30: G-MASTER NƯỚNG | D30: TG-AA20733 | E30: I101167 | F30: Giá đậu nành | G30: Kg | H30: 0.5 | J30: =H30*I30 -> 0 | L30: NL300050 | M30: =+VLOOKUP(T30,Sheet2!$B$2:$P$372,10,0) -> 0.5 | N30: =+VLOOKUP(L30,mã!$C$2:$F$229,4,0) -> 9000 | O30: =M30*N30 -> 4500 | P30: =J30-O30 -> -4500 | Q30: =IF(U30=0," ","SAI SL NHẬN") | R30: =+VLOOKUP(T30,Sheet2!$B$2:$P$372,13,0) -> 4500 | S30: =O30-R30 -> 0 | T30: =A30&L30 -> 01/01/2026NL300050 | U30: =H30-M30 -> 0 | V30: =I30-N30 -> -9000
A31: 01/01/2026 | B31: TG-KS01254 | C31: G-MASTER NƯỚNG | D31: TG-AA20733 | E31: I100098 | F31: Hành lá | G31: Kg | H31: 0.3 | I31: 55000 | J31: =H31*I31 -> 16500 | L31: =+VLOOKUP(E31,mã!$B$2:$F$229,2,0) -> NL300058 | M31: =+VLOOKUP(T31,Sheet2!$B$2:$P$372,10,0) -> 0.3 | N31: =+VLOOKUP(L31,mã!$C$2:$F$229,4,0) -> 55000 | O31: =M31*N31 -> 16500 | P31: =J31-O31 -> 0 | Q31: =IF(U31=0," ","SAI SL NHẬN") | R31: =+VLOOKUP(T31,Sheet2!$B$2:$P$372,13,0) -> 16500 | S31: =O31-R31 -> 0 | T31: =A31&L31 -> 01/01/2026NL300058 | U31: =H31-M31 -> 0 | V31: =I31-N31 -> 0
A32: 01/01/2026 | B32: TG-KS01254 | C32: G-MASTER NƯỚNG | D32: TG-AA20733 | E32: I100099 | F32: Hành Paro | G32: Kg | H32: 0.6 | I32: 38000 | J32: =H32*I32 -> 22800 | L32: =+VLOOKUP(E32,mã!$B$2:$F$229,2,0) -> NL300061 | M32: =+VLOOKUP(T32,Sheet2!$B$2:$P$372,10,0) -> 0.6 | N32: =+VLOOKUP(L32,mã!$C$2:$F$229,4,0) -> 38000 | O32: =M32*N32 -> 22800 | P32: =J32-O32 -> 0 | Q32: =IF(U32=0," ","SAI SL NHẬN") | R32: =+VLOOKUP(T32,Sheet2!$B$2:$P$372,13,0) -> 22800 | S32: =O32-R32 -> 0 | T32: =A32&L32 -> 01/01/2026NL300061 | U32: =H32-M32 -> 0 | V32: =I32-N32 -> 0
A33: 01/01/2026 | B33: TG-KS01254 | C33: G-MASTER NƯỚNG | D33: TG-AA20733 | E33: I100101 | F33: Hành tây | G33: Kg | H33: 3.1 | I33: 13000 | J33: =H33*I33 -> 40300 | L33: =+VLOOKUP(E33,mã!$B$2:$F$229,2,0) -> NL300059 | M33: =+VLOOKUP(T33,Sheet2!$B$2:$P$372,10,0) -> 2.2 | N33: =+VLOOKUP(L33,mã!$C$2:$F$229,4,0) -> 13000 | O33: =M33*N33 -> 28600 | P33: =J33-O33 -> 11700 | Q33: =IF(U33=0," ","SAI SL NHẬN") -> SAI SL NHẬN | R33: =+VLOOKUP(T33,Sheet2!$B$2:$P$372,13,0) -> 28600 | S33: =O33-R33 -> 0 | T33: =A33&L33 -> 01/01/2026NL300059 | U33: =H33-M33 -> 0.9 | V33: =I33-N33 -> 0
A34: 01/01/2026 | B34: TG-KS01254 | C34: G-MASTER NƯỚNG | D34: TG-AA20733 | E34: I100121 | F34: Khoai lang nhật | G34: Kg | H34: 3 | I34: 23000 | J34: =H34*I34 -> 69000 | L34: =+VLOOKUP(E34,mã!$B$2:$F$229,2,0) -> NL300070 | M34: =+VLOOKUP(T34,Sheet2!$B$2:$P$372,10,0) -> 3 | N34: =+VLOOKUP(L34,mã!$C$2:$F$229,4,0) -> 23000 | O34: =M34*N34 -> 69000 | P34: =J34-O34 -> 0 | Q34: =IF(U34=0," ","SAI SL NHẬN") | R34: =+VLOOKUP(T34,Sheet2!$B$2:$P$372,13,0) -> 69000 | S34: =O34-R34 -> 0 | T34: =A34&L34 -> 01/01/2026NL300070 | U34: =H34-M34 -> 0 | V34: =I34-N34 -> 0
A35: 01/01/2026 | B35: TG-KS01254 | C35: G-MASTER NƯỚNG | D35: TG-AA20733 | E35: I100128 | F35: Khoai Tây DL lớn | G35: Kg | H35: 1.3 | I35: 20000 | J35: =H35*I35 -> 26000 | L35: =+VLOOKUP(E35,mã!$B$2:$F$229,2,0) -> NL300071 | M35: 0 | N35: =+VLOOKUP(L35,mã!$C$2:$F$229,4,0) -> 20000 | O35: =M35*N35 -> 0 | P35: =J35-O35 -> 26000 | Q35: =IF(U35=0," ","SAI SL NHẬN") -> SAI SL NHẬN | R35: 0 | S35: =O35-R35 -> 0 | T35: =A35&L35 -> 01/01/2026NL300071 | U35: =H35-M35 -> 1.3 | V35: =I35-N35 -> 0
A36: 01/01/2026 | B36: TG-KS01254 | C36: G-MASTER NƯỚNG | D36: TG-AA20733 | E36: I100132 | F36: Lá cây nhíp (lá mè) | G36: Kg | H36: 4 | I36: 95000 | J36: =H36*I36 -> 380000 | L36: =+VLOOKUP(E36,mã!$B$2:$F$229,2,0) -> NL300080 | M36: =+VLOOKUP(T36,Sheet2!$B$2:$P$372,10,0) -> 4 | N36: =+VLOOKUP(L36,mã!$C$2:$F$229,4,0) -> 95000 | O36: =M36*N36 -> 380000 | P36: =J36-O36 -> 0 | Q36: =IF(U36=0," ","SAI SL NHẬN") | R36: =+VLOOKUP(T36,Sheet2!$B$2:$P$372,13,0) -> 380000 | S36: =O36-R36 -> 0 | T36: =A36&L36 -> 01/01/2026NL300080 | U36: =H36-M36 -> 0 | V36: =I36-N36 -> 0
A37: 01/01/2026 | B37: TG-KS01254 | C37: G-MASTER NƯỚNG | D37: TG-AA20733 | E37: I100236 | F37: Nấm đông cô tươi | G37: Kg | H37: 7 | I37: 145000 | J37: =H37*I37 -> 1015000 | L37: =+VLOOKUP(E37,mã!$B$2:$F$229,2,0) -> NL300090 | M37: =+VLOOKUP(T37,Sheet2!$B$2:$P$372,10,0) -> 7 | N37: =+VLOOKUP(L37,mã!$C$2:$F$229,4,0) -> 145000 | O37: =M37*N37 -> 1015000 | P37: =J37-O37 -> 0 | Q37: =IF(U37=0," ","SAI SL NHẬN") | R37: =+VLOOKUP(T37,Sheet2!$B$2:$P$372,13,0) -> 1015000 | S37: =O37-R37 -> 0 | T37: =A37&L37 -> 01/01/2026NL300090 | U37: =H37-M37 -> 0 | V37: =I37-N37 -> 0
A38: 01/01/2026 | B38: TG-KS01254 | C38: G-MASTER NƯỚNG | D38: TG-AA20733 | E38: I100237 | F38: Nấm đùi gà | G38: Kg | H38: 2 | I38: 47000 | J38: =H38*I38 -> 94000 | L38: =+VLOOKUP(E38,mã!$B$2:$F$229,2,0) -> NL300091 | M38: =+VLOOKUP(T38,Sheet2!$B$2:$P$372,10,0) -> 2 | N38: =+VLOOKUP(L38,mã!$C$2:$F$229,4,0) -> 47000 | O38: =M38*N38 -> 94000 | P38: =J38-O38 -> 0 | Q38: =IF(U38=0," ","SAI SL NHẬN") | R38: =+VLOOKUP(T38,Sheet2!$B$2:$P$372,13,0) -> 94000 | S38: =O38-R38 -> 0 | T38: =A38&L38 -> 01/01/2026NL300091 | U38: =H38-M38 -> 0 | V38: =I38-N38 -> 0
A39: 01/01/2026 | B39: TG-KS01254 | C39: G-MASTER NƯỚNG | D39: TG-AA20733 | E39: I100634 | F39: Nấm hải sản (kg) | G39: Kg | H39: 2 | I39: 80000 | J39: =H39*I39 -> 160000 | L39: =+VLOOKUP(E39,mã!$B$2:$F$229,2,0) -> NL300094 | M39: 0 | N39: =+VLOOKUP(L39,mã!$C$2:$F$229,4,0) -> 80000 | O39: =M39*N39 -> 0 | P39: =J39-O39 -> 160000 | Q39: =IF(U39=0," ","SAI SL NHẬN") -> SAI SL NHẬN | R39: 0 | S39: =O39-R39 -> 0 | T39: =A39&L39 -> 01/01/2026NL300094 | U39: =H39-M39 -> 2 | V39: =I39-N39 -> 0
A40: 01/01/2026 | B40: TG-KS01254 | C40: G-MASTER NƯỚNG | D40: TG-AA20733 | E40: I100240 | F40: Nấm kim châm tươi | G40: Kg | H40: 1 | I40: 45000 | J40: =H40*I40 -> 45000 | L40: =+VLOOKUP(E40,mã!$B$2:$F$229,2,0) -> NL300096 | M40: =+VLOOKUP(T40,Sheet2!$B$2:$P$372,10,0) -> 1 | N40: =+VLOOKUP(L40,mã!$C$2:$F$229,4,0) -> 45000 | O40: =M40*N40 -> 45000 | P40: =J40-O40 -> 0 | Q40: =IF(U40=0," ","SAI SL NHẬN") | R40: =+VLOOKUP(T40,Sheet2!$B$2:$P$372,13,0) -> 45000 | S40: =O40-R40 -> 0 | T40: =A40&L40 -> 01/01/2026NL300096 | U40: =H40-M40 -> 0 | V40: =I40-N40 -> 0
A41: 01/01/2026 | B41: TG-KS01254 | C41: G-MASTER NƯỚNG | D41: TG-AA20733 | E41: I100156 | F41: Ngò rí | G41: Kg | H41: 0.1 | I41: 45000 | J41: =H41*I41 -> 4500 | L41: =+VLOOKUP(E41,mã!$B$2:$F$229,2,0) -> NL300085 | M41: =+VLOOKUP(T41,Sheet2!$B$2:$P$372,10,0) -> 0.1 | N41: =+VLOOKUP(L41,mã!$C$2:$F$229,4,0) -> 45000 | O41: =M41*N41 -> 4500 | P41: =J41-O41 -> 0 | Q41: =IF(U41=0," ","SAI SL NHẬN") | R41: =+VLOOKUP(T41,Sheet2!$B$2:$P$372,13,0) -> 4500 | S41: =O41-R41 -> 0 | T41: =A41&L41 -> 01/01/2026NL300085 | U41: =H41-M41 -> 0 | V41: =I41-N41 -> 0
A42: 01/01/2026 | B42: TG-KS01254 | C42: G-MASTER NƯỚNG | D42: TG-AA20733 | E42: I100160 | F42: Ngò tây | G42: Kg | H42: 0.5 | I42: 70000 | J42: =H42*I42 -> 35000 | L42: =+VLOOKUP(E42,mã!$B$2:$F$229,2,0) -> NL300126 | M42: =+VLOOKUP(T42,Sheet2!$B$2:$P$372,10,0) -> 0.5 | N42: =+VLOOKUP(L42,mã!$C$2:$F$229,4,0) -> 70000 | O42: =M42*N42 -> 35000 | P42: =J42-O42 -> 0 | Q42: =IF(U42=0," ","SAI SL NHẬN") | R42: =+VLOOKUP(T42,Sheet2!$B$2:$P$372,13,0) -> 35000 | S42: =O42-R42 -> 0 | T42: =A42&L42 -> 01/01/2026NL300126 | U42: =H42-M42 -> 0 | V42: =I42-N42 -> 0
A43: 01/01/2026 | B43: TG-KS01254 | C43: G-MASTER NƯỚNG | D43: TG-AA20733 | E43: I100167 | F43: Ớt hiểm đỏ | G43: Kg | H43: 1 | I43: 145000 | J43: =H43*I43 -> 145000 | L43: =+VLOOKUP(E43,mã!$B$2:$F$229,2,0) -> NL300113 | M43: =+VLOOKUP(T43,Sheet2!$B$2:$P$372,10,0) -> 1 | N43: =+VLOOKUP(L43,mã!$C$2:$F$229,4,0) -> 145000 | O43: =M43*N43 -> 145000 | P43: =J43-O43 -> 0 | Q43: =IF(U43=0," ","SAI SL NHẬN") | R43: =+VLOOKUP(T43,Sheet2!$B$2:$P$372,13,0) -> 145000 | S43: =O43-R43 -> 0 | T43: =A43&L43 -> 01/01/2026NL300113 | U43: =H43-M43 -> 0 | V43: =I43-N43 -> 0
A44: 01/01/2026 | B44: TG-KS01254 | C44: G-MASTER NƯỚNG | D44: TG-AA20733 | E44: I100216 | F44: Tắc trái | G44: Kg | H44: 2.5 | I44: 21000 | J44: =H44*I44 -> 52500 | L44: =+VLOOKUP(E44,mã!$B$2:$F$229,2,0) -> NL300119 | M44: =+VLOOKUP(T44,Sheet2!$B$2:$P$372,10,0) -> 1.7 | N44: =+VLOOKUP(L44,mã!$C$2:$F$229,4,0) -> 21000 | O44: =M44*N44 -> 35700 | P44: =J44-O44 -> 16800 | Q44: =IF(U44=0," ","SAI SL NHẬN") -> SAI SL NHẬN | R44: =+VLOOKUP(T44,Sheet2!$B$2:$P$372,13,0) -> 35700 | S44: =O44-R44 -> 0 | T44: =A44&L44 -> 01/01/2026NL300119 | U44: =H44-M44 -> 0.8 | V44: =I44-N44 -> 0
A45: 01/01/2026 | B45: TG-KS01254 | C45: G-MASTER NƯỚNG | D45: TG-AA20733 | E45: I100229 | F45: Tỏi lột | G45: Kg | H45: 0.5 | I45: 50000 | J45: =H45*I45 -> 25000 | L45: =+VLOOKUP(E45,mã!$B$2:$F$229,2,0) -> NL300142 | M45: =+VLOOKUP(T45,Sheet2!$B$2:$P$372,10,0) -> 0.5 | N45: =+VLOOKUP(L45,mã!$C$2:$F$229,4,0) -> 50000 | O45: =M45*N45 -> 25000 | P45: =J45-O45 -> 0 | Q45: =IF(U45=0," ","SAI SL NHẬN") | R45: =+VLOOKUP(T45,Sheet2!$B$2:$P$372,13,0) -> 25000 | S45: =O45-R45 -> 0 | T45: =A45&L45 -> 01/01/2026NL300142 | U45: =H45-M45 -> 0 | V45: =I45-N45 -> 0
A46: 01/01/2026 | B46: TG-KS01254 | C46: G-MASTER NƯỚNG | D46: TG-AA20733 | E46: I100203 | F46: Xà lách búp mỹ | G46: Kg | H46: 1 | I46: 65000 | J46: =H46*I46 -> 65000 | L46: =+VLOOKUP(E46,mã!$B$2:$F$229,2,0) -> NL300146 | M46: =+VLOOKUP(T46,Sheet2!$B$2:$P$372,10,0) -> 1 | N46: =+VLOOKUP(L46,mã!$C$2:$F$229,4,0) -> 65000 | O46: =M46*N46 -> 65000 | P46: =J46-O46 -> 0 | Q46: =IF(U46=0," ","SAI SL NHẬN") | R46: =+VLOOKUP(T46,Sheet2!$B$2:$P$372,13,0) -> 65000 | S46: =O46-R46 -> 0 | T46: =A46&L46 -> 01/01/2026NL300146 | U46: =H46-M46 -> 0 | V46: =I46-N46 -> 0
A47: 01/01/2026 | B47: TG-KS01254 | C47: G-MASTER NƯỚNG | D47: TG-AA20733 | E47: I100681 | F47: Xà lách Crispy | G47: Kg | H47: 2.2 | I47: 68000 | J47: =H47*I47 -> 149600 | L47: NL300232 | M47: =+VLOOKUP(T47,Sheet2!$B$2:$P$372,10,0) -> 2.2 | N47: =+VLOOKUP(L47,mã!$C$2:$F$229,4,0) -> 68000 | O47: =M47*N47 -> 149600 | P47: =J47-O47 -> 0 | Q47: =IF(U47=0," ","SAI SL NHẬN") | R47: =+VLOOKUP(T47,Sheet2!$B$2:$P$372,13,0) -> 149600 | S47: =O47-R47 -> 0 | T47: =A47&L47 -> 01/01/2026NL300232 | U47: =H47-M47 -> 0 | V47: =I47-N47 -> 0
A48: 01/01/2026 | B48: TG-KS01254 | C48: G-MASTER NƯỚNG | D48: TG-AA20733 | E48: I100207 | F48: Xà lách lolo xanh | G48: Kg | H48: 15 | I48: 38000 | J48: =H48*I48 -> 570000 | L48: =+VLOOKUP(E48,mã!$B$2:$F$229,2,0) -> NL300145 | M48: =+VLOOKUP(T48,Sheet2!$B$2:$P$372,10,0) -> 12 | N48: =+VLOOKUP(L48,mã!$C$2:$F$229,4,0) -> 38000 | O48: =M48*N48 -> 456000 | P48: =J48-O48 -> 114000 | Q48: =IF(U48=0," ","SAI SL NHẬN") -> SAI SL NHẬN | R48: =+VLOOKUP(T48,Sheet2!$B$2:$P$372,13,0) -> 456000 | S48: =O48-R48 -> 0 | T48: =A48&L48 -> 01/01/2026NL300145 | U48: =H48-M48 -> 3 | V48: =I48-N48 -> 0
A49: 01/01/2026 | B49: TG-KS01254 | C49: G-MASTER NƯỚNG | D49: TG-AA20733 | E49: I100209 | F49: Xà lách romain | G49: Kg | H49: 2.1 | I49: 62000 | J49: =H49*I49 -> 130200 | L49: =+VLOOKUP(E49,mã!$B$2:$F$229,2,0) -> NL300147 | M49: =+VLOOKUP(T49,Sheet2!$B$2:$P$372,10,0) -> 2.1 | N49: =+VLOOKUP(L49,mã!$C$2:$F$229,4,0) -> 62000 | O49: =M49*N49 -> 130200 | P49: =J49-O49 -> 0 | Q49: =IF(U49=0," ","SAI SL NHẬN") | R49: =+VLOOKUP(T49,Sheet2!$B$2:$P$372,13,0) -> 130200 | S49: =O49-R49 -> 0 | T49: =A49&L49 -> 01/01/2026NL300147 | U49: =H49-M49 -> 0 | V49: =I49-N49 -> 0
A50: 02/01/2026 | B50: TG-KS01254 | C50: G-MASTER NƯỚNG | D50: TG-AA20860 | E50: I100003 | F50: Bắp cải trắng | G50: Kg | H50: 5.5 | I50: 19000 | J50: =H50*I50 -> 104500 | L50: =+VLOOKUP(E50,mã!$B$2:$F$229,2,0) -> NL300004 | M50: =+VLOOKUP(T50,Sheet2!$B$2:$P$372,10,0) -> 0 | N50: =+VLOOKUP(L50,mã!$C$2:$F$229,4,0) -> 19000 | O50: =M50*N50 -> 0 | P50: =J50-O50 -> 104500 | Q50: =IF(U50=0," ","SAI SL NHẬN") -> SAI SL NHẬN | R50: =+VLOOKUP(T50,Sheet2!$B$2:$P$372,13,0) -> 0 | S50: =O50-R50 -> 0 | T50: =A50&L50 -> 02/01/2026NL300004 | U50: =H50-M50 -> 5.5 | V50: =I50-N50 -> 0
A51: 02/01/2026 | B51: TG-KS01254 | C51: G-MASTER NƯỚNG | D51: TG-AA20860 | E51: I100008 | F51: Bắp mỹ trái (Loại 1) | G51: Trái | H51: 20 | I51: 8500 | J51: =H51*I51 -> 170000 | L51: =+VLOOKUP(E51,mã!$B$2:$F$229,2,0) -> NL300107 | M51: =+VLOOKUP(T51,Sheet2!$B$2:$P$372,10,0) -> 20 | N51: =+VLOOKUP(L51,mã!$C$2:$F$229,4,0) -> 8500 | O51: =M51*N51 -> 170000 | P51: =J51-O51 -> 0 | Q51: =IF(U51=0," ","SAI SL NHẬN") | R51: =+VLOOKUP(T51,Sheet2!$B$2:$P$372,13,0) -> 170000 | S51: =O51-R51 -> 0 | T51: =A51&L51 -> 02/01/2026NL300107 | U51: =H51-M51 -> 0 | V51: =I51-N51 -> 0
A52: 02/01/2026 | B52: TG-KS01254 | C52: G-MASTER NƯỚNG | D52: TG-AA20860 | E52: I100012 | F52: Bí đỏ hồ lô | G52: Kg | H52: 2.1 | I52: 30000 | J52: =H52*I52 -> 63000 | L52: =+VLOOKUP(E52,mã!$B$2:$F$229,2,0) -> NL300007 | M52: =+VLOOKUP(T52,Sheet2!$B$2:$P$372,10,0) -> 0 | N52: =+VLOOKUP(L52,mã!$C$2:$F$229,4,0) -> 30000 | O52: =M52*N52 -> 0 | P52: =J52-O52 -> 63000 | Q52: =IF(U52=0," ","SAI SL NHẬN") -> SAI SL NHẬN | R52: =+VLOOKUP(T52,Sheet2!$B$2:$P$372,13,0) -> 0 | S52: =O52-R52 -> 0 | T52: =A52&L52 -> 02/01/2026NL300007 | U52: =H52-M52 -> 2.1 | V52: =I52-N52 -> 0
A53: 02/01/2026 | B53: TG-KS01254 | C53: G-MASTER NƯỚNG | D53: TG-AA20860 | E53: I100016 | F53: Bí ngòi xanh | G53: Kg | H53: 3.2 | I53: 40000 | J53: =H53*I53 -> 128000 | L53: =+VLOOKUP(E53,mã!$B$2:$F$229,2,0) -> NL300008 | M53: =+VLOOKUP(T53,Sheet2!$B$2:$P$372,10,0) -> 3 | N53: =+VLOOKUP(L53,mã!$C$2:$F$229,4,0) -> 40000 | O53: =M53*N53 -> 120000 | P53: =J53-O53 -> 8000 | Q53: =IF(U53=0," ","SAI SL NHẬN") -> SAI SL NHẬN | R53: =+VLOOKUP(T53,Sheet2!$B$2:$P$372,13,0) -> 120000 | S53: =O53-R53 -> 0 | T53: =A53&L53 -> 02/01/2026NL300008 | U53: =H53-M53 -> 0.2 | V53: =I53-N53 -> 0
A54: 02/01/2026 | B54: TG-KS01254 | C54: G-MASTER NƯỚNG | D54: TG-AA20860 | E54: I100034 | F54: Cà chua | G54: Kg | H54: 1 | I54: 50000 | J54: =H54*I54 -> 50000 | L54: =+VLOOKUP(E54,mã!$B$2:$F$229,2,0) -> NL300013 | M54: =+VLOOKUP(T54,Sheet2!$B$2:$P$372,10,0) -> 0.9 | N54: =+VLOOKUP(L54,mã!$C$2:$F$229,4,0) -> 50000 | O54: =M54*N54 -> 45000 | P54: =J54-O54 -> 5000 | Q54: =IF(U54=0," ","SAI SL NHẬN") -> SAI SL NHẬN | R54: =+VLOOKUP(T54,Sheet2!$B$2:$P$372,13,0) -> 45000 | S54: =O54-R54 -> 0 | T54: =A54&L54 -> 02/01/2026NL300013 | U54: =H54-M54 -> 0.1 | V54: =I54-N54 -> 0
A55: 02/01/2026 | B55: TG-KS01254 | C55: G-MASTER NƯỚNG | D55: TG-AA20860 | E55: I100033 | F55: Cà chua bi | G55: Kg | H55: 1 | I55: 55000 | J55: =H55*I55 -> 55000 | L55: =+VLOOKUP(E55,mã!$B$2:$F$229,2,0) -> NL300014 | M55: =+VLOOKUP(T55,Sheet2!$B$2:$P$372,10,0) -> 0.9 | N55: =+VLOOKUP(L55,mã!$C$2:$F$229,4,0) -> 55000 | O55: =M55*N55 -> 49500 | P55: =J55-O55 -> 5500 | Q55: =IF(U55=0," ","SAI SL NHẬN") -> SAI SL NHẬN | R55: =+VLOOKUP(T55,Sheet2!$B$2:$P$372,13,0) -> 49500 | S55: =O55-R55 -> 0 | T55: =A55&L55 -> 02/01/2026NL300014 | U55: =H55-M55 -> 0.1 | V55: =I55-N55 -> 0
A56: 02/01/2026 | B56: TG-KS01254 | C56: G-MASTER NƯỚNG | D56: TG-AA20860 | E56: I100039 | F56: Cà rốt | G56: Kg | H56: 3 | I56: 18000 | J56: =H56*I56 -> 54000 | L56: =+VLOOKUP(E56,mã!$B$2:$F$229,2,0) -> NL300027 | M56: =+VLOOKUP(T56,Sheet2!$B$2:$P$372,10,0) -> 2.8 | N56: =+VLOOKUP(L56,mã!$C$2:$F$229,4,0) -> 18000 | O56: =M56*N56 -> 50400 | P56: =J56-O56 -> 3600 | Q56: =IF(U56=0," ","SAI SL NHẬN") -> SAI SL NHẬN | R56: =+VLOOKUP(T56,Sheet2!$B$2:$P$372,13,0) -> 50400 | S56: =O56-R56 -> 0 | T56: =A56&L56 -> 02/01/2026NL300027 | U56: =H56-M56 -> 0.2 | V56: =I56-N56 -> 0
A57: 02/01/2026 | B57: TG-KS01254 | C57: G-MASTER NƯỚNG | D57: TG-AA20860 | E57: I100653 | F57: Cải Mầm(kg) | G57: Kg | H57: 0.1 | I57: 80000 | J57: =H57*I57 -> 8000 | L57: =+VLOOKUP(E57,mã!$B$2:$F$229,2,0) -> NL300230 | M57: =+VLOOKUP(T57,Sheet2!$B$2:$P$372,10,0) -> 0.1 | N57: =+VLOOKUP(L57,mã!$C$2:$F$229,4,0) -> 80000 | O57: =M57*N57 -> 8000 | P57: =J57-O57 -> 0 | Q57: =IF(U57=0," ","SAI SL NHẬN") | R57: =+VLOOKUP(T57,Sheet2!$B$2:$P$372,13,0) -> 8000 | S57: =O57-R57 -> 0 | T57: =A57&L57 -> 02/01/2026NL300230 | U57: =H57-M57 -> 0 | V57: =I57-N57 -> 0
A58: 02/01/2026 | B58: TG-KS01254 | C58: G-MASTER NƯỚNG | D58: TG-AA20860 | E58: I100060 | F58: Chanh không hạt | G58: Kg | H58: 1 | I58: 22000 | J58: =H58*I58 -> 22000 | L58: =+VLOOKUP(E58,mã!$B$2:$F$229,2,0) -> NL300029 | M58: =+VLOOKUP(T58,Sheet2!$B$2:$P$372,10,0) -> 1 | N58: =+VLOOKUP(L58,mã!$C$2:$F$229,4,0) -> 22000 | O58: =M58*N58 -> 22000 | P58: =J58-O58 -> 0 | Q58: =IF(U58=0," ","SAI SL NHẬN") | R58: =+VLOOKUP(T58,Sheet2!$B$2:$P$372,13,0) -> 22000 | S58: =O58-R58 -> 0 | T58: =A58&L58 -> 02/01/2026NL300029 | U58: =H58-M58 -> 0 | V58: =I58-N58 -> 0
A59: 02/01/2026 | B59: TG-KS01254 | C59: G-MASTER NƯỚNG | D59: TG-AA20860 | E59: I100062 | F59: Chanh vàng | G59: Kg | H59: 0.3 | I59: 95000 | J59: =H59*I59 -> 28500 | L59: =+VLOOKUP(E59,mã!$B$2:$F$229,2,0) -> NL600068 | M59: =+VLOOKUP(T59,Sheet2!$B$2:$P$372,10,0) -> 0.3 | N59: =+VLOOKUP(L59,mã!$C$2:$F$229,4,0) -> 95000 | O59: =M59*N59 -> 28500 | P59: =J59-O59 -> 0 | Q59: =IF(U59=0," ","SAI SL NHẬN") | R59: =+VLOOKUP(T59,Sheet2!$B$2:$P$372,13,0) -> 28500 | S59: =O59-R59 -> 0 | T59: =A59&L59 -> 02/01/2026NL600068 | U59: =H59-M59 -> 0 | V59: =I59-N59 -> 0
... A82: 02/01/2026 | B82: TG-KS01254 | C82: G-MASTER NƯỚNG | D82: TG-AA20860 | E82: I100203 | F82: Xà lách búp mỹ | G82: Kg | H82: 1.3 | I82: 65000 | J82: =H82*I82 -> 84500 | L82: =+VLOOKUP(E82,mã!$B$2:$F$229,2,0) -> NL300146 | M82: =+VLOOKUP(T82,Sheet2!$B$2:$P$372,10,0) -> 1 | N82: =+VLOOKUP(L82,mã!$C$2:$F$229,4,0) -> 65000 | O82: =M82*N82 -> 65000 | P82: =J82-O82 -> 19500 | Q82: =IF(U82=0," ","SAI SL NHẬN") -> SAI SL NHẬN | R82: =+VLOOKUP(T82,Sheet2!$B$2:$P$372,13,0) -> 65000 | S82: =O82-R82 -> 0 | T82: =A82&L82 -> 02/01/2026NL300146 | U82: =H82-M82 -> 0.3 | V82: =I82-N82 -> 0
A83: 02/01/2026 | B83: TG-KS01254 | C83: G-MASTER NƯỚNG | D83: TG-AA20860 | E83: I100681 | F83: Xà lách Crispy | G83: Kg | H83: 1 | I83: 68000 | J83: =H83*I83 -> 68000 | L83: NL300232 | M83: =+VLOOKUP(T83,Sheet2!$B$2:$P$372,10,0) -> 0.8 | N83: =+VLOOKUP(L83,mã!$C$2:$F$229,4,0) -> 68000 | O83: =M83*N83 -> 54400 | P83: =J83-O83 -> 13600 | Q83: =IF(U83=0," ","SAI SL NHẬN") -> SAI SL NHẬN | R83: =+VLOOKUP(T83,Sheet2!$B$2:$P$372,13,0) -> 54400 | S83: =O83-R83 -> 0 | T83: =A83&L83 -> 02/01/2026NL300232 | U83: =H83-M83 -> 0.2 | V83: =I83-N83 -> 0
A84: 02/01/2026 | B84: TG-KS01254 | C84: G-MASTER NƯỚNG | D84: TG-AA20860 | E84: I100207 | F84: Xà lách lolo xanh | G84: Kg | H84: 15 | I84: 38000 | J84: =H84*I84 -> 570000 | L84: =+VLOOKUP(E84,mã!$B$2:$F$229,2,0) -> NL300145 | M84: =+VLOOKUP(T84,Sheet2!$B$2:$P$372,10,0) -> 8 | N84: =+VLOOKUP(L84,mã!$C$2:$F$229,4,0) -> 38000 | O84: =M84*N84 -> 304000 | P84: =J84-O84 -> 266000 | Q84: =IF(U84=0," ","SAI SL NHẬN") -> SAI SL NHẬN | R84: =+VLOOKUP(T84,Sheet2!$B$2:$P$372,13,0) -> 304000 | S84: =O84-R84 -> 0 | T84: =A84&L84 -> 02/01/2026NL300145 | U84: =H84-M84 -> 7 | V84: =I84-N84 -> 0
A85: 02/01/2026 | B85: TG-KS01254 | C85: G-MASTER NƯỚNG | D85: TG-AA20860 | E85: I100209 | F85: Xà lách romain | G85: Kg | H85: 1 | I85: 62000 | J85: =H85*I85 -> 62000 | L85: =+VLOOKUP(E85,mã!$B$2:$F$229,2,0) -> NL300147 | M85: =+VLOOKUP(T85,Sheet2!$B$2:$P$372,10,0) -> 1 | N85: =+VLOOKUP(L85,mã!$C$2:$F$229,4,0) -> 62000 | O85: =M85*N85 -> 62000 | P85: =J85-O85 -> 0 | Q85: =IF(U85=0," ","SAI SL NHẬN") | R85: =+VLOOKUP(T85,Sheet2!$B$2:$P$372,13,0) -> 62000 | S85: =O85-R85 -> 0 | T85: =A85&L85 -> 02/01/2026NL300147 | U85: =H85-M85 -> 0 | V85: =I85-N85 -> 0
A86: 03/01/2026 | B86: TG-KS01254 | C86: G-MASTER NƯỚNG | D86: TG-AA20944 | E86: I100003 | F86: Bắp cải trắng | G86: Kg | H86: 4.8 | I86: 19000 | J86: =H86*I86 -> 91200 | L86: =+VLOOKUP(E86,mã!$B$2:$F$229,2,0) -> NL300004 | M86: 0 | N86: =+VLOOKUP(L86,mã!$C$2:$F$229,4,0) -> 19000 | O86: =M86*N86 -> 0 | P86: =J86-O86 -> 91200 | Q86: =IF(U86=0," ","SAI SL NHẬN") -> SAI SL NHẬN | R86: 0 | S86: =O86-R86 -> 0 | T86: =A86&L86 -> 03/01/2026NL300004 | U86: =H86-M86 -> 4.8 | V86: =I86-N86 -> 0
A87: 03/01/2026 | B87: TG-KS01254 | C87: G-MASTER NƯỚNG | D87: TG-AA20944 | E87: I100008 | F87: Bắp mỹ trái (Loại 1) | G87: Trái | H87: 15 | I87: 8500 | J87: =H87*I87 -> 127500 | L87: =+VLOOKUP(E87,mã!$B$2:$F$229,2,0) -> NL300107 | M87: =+VLOOKUP(T87,Sheet2!$B$2:$P$372,10,0) -> 15 | N87: =+VLOOKUP(L87,mã!$C$2:$F$229,4,0) -> 8500 | O87: =M87*N87 -> 127500 | P87: =J87-O87 -> 0 | Q87: =IF(U87=0," ","SAI SL NHẬN") | R87: =+VLOOKUP(T87,Sheet2!$B$2:$P$372,13,0) -> 127500 | S87: =O87-R87 -> 0 | T87: =A87&L87 -> 03/01/2026NL300107 | U87: =H87-M87 -> 0 | V87: =I87-N87 -> 0
A88: 03/01/2026 | B88: TG-KS01254 | C88: G-MASTER NƯỚNG | D88: TG-AA20944 | E88: I100012 | F88: Bí đỏ hồ lô | G88: Kg | H88: 3.1 | I88: 30000 | J88: =H88*I88 -> 93000 | L88: =+VLOOKUP(E88,mã!$B$2:$F$229,2,0) -> NL300007 | M88: =+VLOOKUP(T88,Sheet2!$B$2:$P$372,10,0) -> 3.1 | N88: =+VLOOKUP(L88,mã!$C$2:$F$229,4,0) -> 30000 | O88: =M88*N88 -> 93000 | P88: =J88-O88 -> 0 | Q88: =IF(U88=0," ","SAI SL NHẬN") | R88: =+VLOOKUP(T88,Sheet2!$B$2:$P$372,13,0) -> 93000 | S88: =O88-R88 -> 0 | T88: =A88&L88 -> 03/01/2026NL300007 | U88: =H88-M88 -> 0 | V88: =I88-N88 -> 0
A89: 03/01/2026 | B89: TG-KS01254 | C89: G-MASTER NƯỚNG | D89: TG-AA20944 | E89: I100016 | F89: Bí ngòi xanh | G89: Kg | H89: 2.3 | I89: 40000 | J89: =H89*I89 -> 92000 | L89: =+VLOOKUP(E89,mã!$B$2:$F$229,2,0) -> NL300008 | M89: =+VLOOKUP(T89,Sheet2!$B$2:$P$372,10,0) -> 2.3 | N89: =+VLOOKUP(L89,mã!$C$2:$F$229,4,0) -> 40000 | O89: =M89*N89 -> 92000 | P89: =J89-O89 -> 0 | Q89: =IF(U89=0," ","SAI SL NHẬN") | R89: =+VLOOKUP(T89,Sheet2!$B$2:$P$372,13,0) -> 92000 | S89: =O89-R89 -> 0 | T89: =A89&L89 -> 03/01/2026NL300008 | U89: =H89-M89 -> 0 | V89: =I89-N89 -> 0
A90: 03/01/2026 | B90: TG-KS01254 | C90: G-MASTER NƯỚNG | D90: TG-AA20944 | E90: I100033 | F90: Cà chua bi | G90: Kg | H90: 0.5 | I90: 55000 | J90: =H90*I90 -> 27500 | L90: =+VLOOKUP(E90,mã!$B$2:$F$229,2,0) -> NL300014 | M90: =+VLOOKUP(T90,Sheet2!$B$2:$P$372,10,0) -> 0.5 | N90: =+VLOOKUP(L90,mã!$C$2:$F$229,4,0) -> 55000 | O90: =M90*N90 -> 27500 | P90: =J90-O90 -> 0 | Q90: =IF(U90=0," ","SAI SL NHẬN") | R90: =+VLOOKUP(T90,Sheet2!$B$2:$P$372,13,0) -> 27500 | S90: =O90-R90 -> 0 | T90: =A90&L90 -> 03/01/2026NL300014 | U90: =H90-M90 -> 0 | V90: =I90-N90 -> 0
A91: 03/01/2026 | B91: TG-KS01254 | C91: G-MASTER NƯỚNG | D91: TG-AA20944 | E91: I100039 | F91: Cà rốt | G91: Kg | H91: 4 | I91: 18000 | J91: =H91*I91 -> 72000 | L91: =+VLOOKUP(E91,mã!$B$2:$F$229,2,0) -> NL300027 | M91: =+VLOOKUP(T91,Sheet2!$B$2:$P$372,10,0) -> 4 | N91: =+VLOOKUP(L91,mã!$C$2:$F$229,4,0) -> 18000 | O91: =M91*N91 -> 72000 | P91: =J91-O91 -> 0 | Q91: =IF(U91=0," ","SAI SL NHẬN") | R91: =+VLOOKUP(T91,Sheet2!$B$2:$P$372,13,0) -> 72000 | S91: =O91-R91 -> 0 | T91: =A91&L91 -> 03/01/2026NL300027 | U91: =H91-M91 -> 0 | V91: =I91-N91 -> 0
A92: 03/01/2026 | B92: TG-KS01254 | C92: G-MASTER NƯỚNG | D92: TG-AA20944 | E92: I100653 | F92: Cải Mầm(kg) | G92: Kg | H92: 0.1 | I92: 80000 | J92: =H92*I92 -> 8000 | L92: =+VLOOKUP(E92,mã!$B$2:$F$229,2,0) -> NL300230 | M92: =+VLOOKUP(T92,Sheet2!$B$2:$P$372,10,0) -> 0.1 | N92: =+VLOOKUP(L92,mã!$C$2:$F$229,4,0) -> 80000 | O92: =M92*N92 -> 8000 | P92: =J92-O92 -> 0 | Q92: =IF(U92=0," ","SAI SL NHẬN") | R92: =+VLOOKUP(T92,Sheet2!$B$2:$P$372,13,0) -> 8000 | S92: =O92-R92 -> 0 | T92: =A92&L92 -> 03/01/2026NL300230 | U92: =H92-M92 -> 0 | V92: =I92-N92 -> 0
A93: 03/01/2026 | B93: TG-KS01254 | C93: G-MASTER NƯỚNG | D93: TG-AA20944 | E93: I100060 | F93: Chanh không hạt | G93: Kg | H93: 2 | I93: 22000 | J93: =H93*I93 -> 44000 | L93: =+VLOOKUP(E93,mã!$B$2:$F$229,2,0) -> NL300029 | M93: =+VLOOKUP(T93,Sheet2!$B$2:$P$372,10,0) -> 2 | N93: =+VLOOKUP(L93,mã!$C$2:$F$229,4,0) -> 22000 | O93: =M93*N93 -> 44000 | P93: =J93-O93 -> 0 | Q93: =IF(U93=0," ","SAI SL NHẬN") | R93: =+VLOOKUP(T93,Sheet2!$B$2:$P$372,13,0) -> 44000 | S93: =O93-R93 -> 0 | T93: =A93&L93 -> 03/01/2026NL300029 | U93: =H93-M93 -> 0 | V93: =I93-N93 -> 0
A94: 03/01/2026 | B94: TG-KS01254 | C94: G-MASTER NƯỚNG | D94: TG-AA20944 | E94: I100064 | F94: Củ cải đỏ (Radis) | G94: Kg | H94: 0.1 | I94: 40000 | J94: =H94*I94 -> 4000 | L94: =+VLOOKUP(E94,mã!$B$2:$F$229,2,0) -> NL300034 | M94: =+VLOOKUP(T94,Sheet2!$B$2:$P$372,10,0) -> 0.1 | N94: =+VLOOKUP(L94,mã!$C$2:$F$229,4,0) -> 40000 | O94: =M94*N94 -> 4000 | P94: =J94-O94 -> 0 | Q94: =IF(U94=0," ","SAI SL NHẬN") | R94: =+VLOOKUP(T94,Sheet2!$B$2:$P$372,13,0) -> 4000 | S94: =O94-R94 -> 0 | T94: =A94&L94 -> 03/01/2026NL300034 | U94: =H94-M94 -> 0 | V94: =I94-N94 -> 0
A95: 03/01/2026 | B95: TG-KS01254 | C95: G-MASTER NƯỚNG | D95: TG-AA20944 | E95: I100067 | F95: Củ cải trắng (Loại 1) | G95: Kg | H95: 1.9 | I95: 13000 | J95: =H95*I95 -> 24700 | L95: =+VLOOKUP(E95,mã!$B$2:$F$229,2,0) -> NL300033 | M95: =+VLOOKUP(T95,Sheet2!$B$2:$P$372,10,0) -> 1.9 | N95: =+VLOOKUP(L95,mã!$C$2:$F$229,4,0) -> 13000 | O95: =M95*N95 -> 24700 | P95: =J95-O95 -> 0 | Q95: =IF(U95=0," ","SAI SL NHẬN") | R95: =+VLOOKUP(T95,Sheet2!$B$2:$P$372,13,0) -> 24700 | S95: =O95-R95 -> 0 | T95: =A95&L95 -> 03/01/2026NL300033 | U95: =H95-M95 -> 0 | V95: =I95-N95 -> 0
A96: 03/01/2026 | B96: TG-KS01254 | C96: G-MASTER NƯỚNG | D96: TG-AA20944 | E96: I100075 | F96: Đậu bắp | G96: Kg | H96: 2 | I96: 32000 | J96: =H96*I96 -> 64000 | L96: =+VLOOKUP(E96,mã!$B$2:$F$229,2,0) -> NL300038 | M96: =+VLOOKUP(T96,Sheet2!$B$2:$P$372,10,0) -> 2 | N96: =+VLOOKUP(L96,mã!$C$2:$F$229,4,0) -> 32000 | O96: =M96*N96 -> 64000 | P96: =J96-O96 -> 0 | Q96: =IF(U96=0," ","SAI SL NHẬN") | R96: =+VLOOKUP(T96,Sheet2!$B$2:$P$372,13,0) -> 64000 | S96: =O96-R96 -> 0 | T96: =A96&L96 -> 03/01/2026NL300038 | U96: =H96-M96 -> 0 | V96: =I96-N96 -> 0
A97: 03/01/2026 | B97: TG-KS01254 | C97: G-MASTER NƯỚNG | D97: TG-AA20944 | E97: I100479 | F97: Dưa hấu | G97: Kg | H97: 28.5 | I97: 18000 | J97: =H97*I97 -> 513000 | L97: =+VLOOKUP(E97,mã!$B$2:$F$229,2,0) -> NL600004 | M97: =+VLOOKUP(T97,Sheet2!$B$2:$P$372,10,0) -> 28.5 | N97: =+VLOOKUP(L97,mã!$C$2:$F$229,4,0) -> 18000 | O97: =M97*N97 -> 513000 | P97: =J97-O97 -> 0 | Q97: =IF(U97=0," ","SAI SL NHẬN") | R97: =+VLOOKUP(T97,Sheet2!$B$2:$P$372,13,0) -> 513000 | S97: =O97-R97 -> 0 | T97: =A97&L97 -> 03/01/2026NL600004 | U97: =H97-M97 -> 0 | V97: =I97-N97 -> 0
A98: 03/01/2026 | B98: TG-KS01254 | C98: G-MASTER NƯỚNG | D98: TG-AA20944 | E98: I100089 | F98: Dưa leo | G98: Kg | H98: 3 | I98: 18000 | J98: =H98*I98 -> 54000 | L98: =+VLOOKUP(E98,mã!$B$2:$F$229,2,0) -> NL300048 | M98: =+VLOOKUP(T98,Sheet2!$B$2:$P$372,10,0) -> 3 | N98: =+VLOOKUP(L98,mã!$C$2:$F$229,4,0) -> 18000 | O98: =M98*N98 -> 54000 | P98: =J98-O98 -> 0 | Q98: =IF(U98=0," ","SAI SL NHẬN") | R98: =+VLOOKUP(T98,Sheet2!$B$2:$P$372,13,0) -> 54000 | S98: =O98-R98 -> 0 | T98: =A98&L98 -> 03/01/2026NL300048 | U98: =H98-M98 -> 0 | V98: =I98-N98 -> 0
... A111: 03/01/2026 | B111: TG-KS01254 | C111: G-MASTER NƯỚNG | D111: TG-AA20944 | E111: I100160 | F111: Ngò tây | G111: Kg | H111: 0.3 | I111: 70000 | J111: =H111*I111 -> 21000 | L111: =+VLOOKUP(E111,mã!$B$2:$F$229,2,0) -> NL300126 | M111: =+VLOOKUP(T111,Sheet2!$B$2:$P$372,10,0) -> 0.3 | N111: =+VLOOKUP(L111,mã!$C$2:$F$229,4,0) -> 70000 | O111: =M111*N111 -> 21000 | P111: =J111-O111 -> 0 | Q111: =IF(U111=0," ","SAI SL NHẬN") | R111: =+VLOOKUP(T111,Sheet2!$B$2:$P$372,13,0) -> 21000 | S111: =O111-R111 -> 0 | T111: =A111&L111 -> 03/01/2026NL300126 | U111: =H111-M111 -> 0 | V111: =I111-N111 -> 0
A112: 03/01/2026 | B112: TG-KS01254 | C112: G-MASTER NƯỚNG | D112: TG-AA20944 | E112: I100170 | F112: Ớt sừng đỏ | G112: Kg | H112: 0.1 | I112: 148000 | J112: =H112*I112 -> 14800 | L112: NL300116 | M112: =+VLOOKUP(T112,Sheet2!$B$2:$P$372,10,0) -> 0.1 | N112: =+VLOOKUP(L112,mã!$C$2:$F$229,4,0) -> 148000 | O112: =M112*N112 -> 14800 | P112: =J112-O112 -> 0 | Q112: =IF(U112=0," ","SAI SL NHẬN") | R112: =+VLOOKUP(T112,Sheet2!$B$2:$P$372,13,0) -> 14800 | S112: =O112-R112 -> 0 | T112: =A112&L112 -> 03/01/2026NL300116 | U112: =H112-M112 -> 0 | V112: =I112-N112 -> 0
A113: 03/01/2026 | B113: TG-KS01254 | C113: G-MASTER NƯỚNG | D113: TG-AA20944 | E113: I100216 | F113: Tắc trái | G113: Kg | H113: 1.5 | I113: 21000 | J113: =H113*I113 -> 31500 | L113: =+VLOOKUP(E113,mã!$B$2:$F$229,2,0) -> NL300119 | M113: =+VLOOKUP(T113,Sheet2!$B$2:$P$372,10,0) -> 0 | N113: =+VLOOKUP(L113,mã!$C$2:$F$229,4,0) -> 21000 | O113: =M113*N113 -> 0 | P113: =J113-O113 -> 31500 | Q113: =IF(U113=0," ","SAI SL NHẬN") -> SAI SL NHẬN | R113: =+VLOOKUP(T113,Sheet2!$B$2:$P$372,13,0) -> 0 | S113: =O113-R113 -> 0 | T113: =A113&L113 -> 03/01/2026NL300119 | U113: =H113-M113 -> 1.5 | V113: =I113-N113 -> 0
A114: 03/01/2026 | B114: TG-KS01254 | C114: G-MASTER NƯỚNG | D114: TG-AA20944 | E114: I100681 | F114: Xà lách Crispy | G114: Kg | H114: 1.3 | I114: 68000 | J114: =H114*I114 -> 88400 | L114: NL300232 | M114: =+VLOOKUP(T114,Sheet2!$B$2:$P$372,10,0) -> 1.2 | N114: =+VLOOKUP(L114,mã!$C$2:$F$229,4,0) -> 68000 | O114: =M114*N114 -> 81600 | P114: =J114-O114 -> 6800 | Q114: =IF(U114=0," ","SAI SL NHẬN") -> SAI SL NHẬN | R114: =+VLOOKUP(T114,Sheet2!$B$2:$P$372,13,0) -> 81600 | S114: =O114-R114 -> 0 | T114: =A114&L114 -> 03/01/2026NL300232 | U114: =H114-M114 -> 0.1 | V114: =I114-N114 -> 0
A115: 03/01/2026 | B115: TG-KS01254 | C115: G-MASTER NƯỚNG | D115: TG-AA20944 | E115: I100207 | F115: Xà lách lolo xanh | G115: Kg | H115: 8 | I115: 38000 | J115: =H115*I115 -> 304000 | L115: =+VLOOKUP(E115,mã!$B$2:$F$229,2,0) -> NL300145 | M115: =+VLOOKUP(T115,Sheet2!$B$2:$P$372,10,0) -> 6 | N115: =+VLOOKUP(L115,mã!$C$2:$F$229,4,0) -> 38000 | O115: =M115*N115 -> 228000 | P115: =J115-O115 -> 76000 | Q115: =IF(U115=0," ","SAI SL NHẬN") -> SAI SL NHẬN | R115: =+VLOOKUP(T115,Sheet2!$B$2:$P$372,13,0) -> 228000 | S115: =O115-R115 -> 0 | T115: =A115&L115 -> 03/01/2026NL300145 | U115: =H115-M115 -> 2 | V115: =I115-N115 -> 0
A116: 03/01/2026 | B116: TG-KS01254 | C116: G-MASTER NƯỚNG | D116: TG-AA20944 | E116: I100209 | F116: Xà lách romain | G116: Kg | H116: 1 | I116: 62000 | J116: =H116*I116 -> 62000 | L116: =+VLOOKUP(E116,mã!$B$2:$F$229,2,0) -> NL300147 | M116: =+VLOOKUP(T116,Sheet2!$B$2:$P$372,10,0) -> 1 | N116: =+VLOOKUP(L116,mã!$C$2:$F$229,4,0) -> 62000 | O116: =M116*N116 -> 62000 | P116: =J116-O116 -> 0 | Q116: =IF(U116=0," ","SAI SL NHẬN") | R116: =+VLOOKUP(T116,Sheet2!$B$2:$P$372,13,0) -> 62000 | S116: =O116-R116 -> 0 | T116: =A116&L116 -> 03/01/2026NL300147 | U116: =H116-M116 -> 0 | V116: =I116-N116 -> 0
A117: 04/01/2026 | B117: TG-KS01254 | C117: G-MASTER NƯỚNG | D117: TG-AA21184 | E117: I100008 | F117: Bắp mỹ trái (Loại 1) | G117: Trái | H117: 5 | I117: 8500 | J117: =H117*I117 -> 42500 | L117: =+VLOOKUP(E117,mã!$B$2:$F$229,2,0) -> NL300107 | M117: =+VLOOKUP(T117,Sheet2!$B$2:$P$372,10,0) -> 5 | N117: =+VLOOKUP(L117,mã!$C$2:$F$229,4,0) -> 8500 | O117: =M117*N117 -> 42500 | P117: =J117-O117 -> 0 | Q117: =IF(U117=0," ","SAI SL NHẬN") | R117: =+VLOOKUP(T117,Sheet2!$B$2:$P$372,13,0) -> 42500 | S117: =O117-R117 -> 0 | T117: =A117&L117 -> 04/01/2026NL300107 | U117: =H117-M117 -> 0 | V117: =I117-N117 -> 0
A118: 04/01/2026 | B118: TG-KS01254 | C118: G-MASTER NƯỚNG | D118: TG-AA21184 | E118: I100016 | F118: Bí ngòi xanh | G118: Kg | H118: 0.9 | I118: 40000 | J118: =H118*I118 -> 36000 | L118: =+VLOOKUP(E118,mã!$B$2:$F$229,2,0) -> NL300008 | M118: =+VLOOKUP(T118,Sheet2!$B$2:$P$372,10,0) -> 0.7 | N118: =+VLOOKUP(L118,mã!$C$2:$F$229,4,0) -> 40000 | O118: =M118*N118 -> 28000 | P118: =J118-O118 -> 8000 | Q118: =IF(U118=0," ","SAI SL NHẬN") -> SAI SL NHẬN | R118: 28000 | S118: =O118-R118 -> 0 | T118: =A118&L118 -> 04/01/2026NL300008 | U118: =H118-M118 -> 0.2 | V118: =I118-N118 -> 0
A119: 04/01/2026 | B119: TG-KS01254 | C119: G-MASTER NƯỚNG | D119: TG-AA21184 | E119: I100039 | F119: Cà rốt | G119: Kg | H119: 2.2 | I119: 18000 | J119: =H119*I119 -> 39600 | L119: =+VLOOKUP(E119,mã!$B$2:$F$229,2,0) -> NL300027 | M119: 1.45 | N119: =+VLOOKUP(L119,mã!$C$2:$F$229,4,0) -> 18000 | O119: =M119*N119 -> 26100 | P119: =J119-O119 -> 13500 | Q119: =IF(U119=0," ","SAI SL NHẬN") -> SAI SL NHẬN | R119: 26100 | S119: =O119-R119 -> 0 | T119: =A119&L119 -> 04/01/2026NL300027 | U119: =H119-M119 -> 0.75 | V119: =I119-N119 -> 0
A120: 04/01/2026 | B120: TG-KS01254 | C120: G-MASTER NƯỚNG | D120: TG-AA21184 | E120: I100067 | F120: Củ cải trắng (Loại 1) | G120: Kg | H120: 1.2 | I120: 13000 | J120: =H120*I120 -> 15600 | L120: =+VLOOKUP(E120,mã!$B$2:$F$229,2,0) -> NL300033 | M120: =+VLOOKUP(T120,Sheet2!$B$2:$P$372,10,0) -> 0.9 | N120: =+VLOOKUP(L120,mã!$C$2:$F$229,4,0) -> 13000 | O120: =M120*N120 -> 11700 | P120: =J120-O120 -> 3900 | Q120: =IF(U120=0," ","SAI SL NHẬN") -> SAI SL NHẬN | R120: 11700 | S120: =O120-R120 -> 0 | T120: =A120&L120 -> 04/01/2026NL300033 | U120: =H120-M120 -> 0.3 | V120: =I120-N120 -> 0
A121: 04/01/2026 | B121: TG-KS01254 | C121: G-MASTER NƯỚNG | D121: TG-AA21184 | E121: I100479 | F121: Dưa hấu | G121: Kg | H121: 24.5 | I121: 18000 | J121: =H121*I121 -> 441000 | L121: =+VLOOKUP(E121,mã!$B$2:$F$229,2,0) -> NL600004 | M121: =+VLOOKUP(T121,Sheet2!$B$2:$P$372,10,0) -> 24.5 | N121: =+VLOOKUP(L121,mã!$C$2:$F$229,4,0) -> 18000 | O121: =M121*N121 -> 441000 | P121: =J121-O121 -> 0 | Q121: =IF(U121=0," ","SAI SL NHẬN") | R121: 441000 | S121: =O121-R121 -> 0 | T121: =A121&L121 -> 04/01/2026NL600004 | U121: =H121-M121 -> 0 | V121: =I121-N121 -> 0
A122: 04/01/2026 | B122: TG-KS01254 | C122: G-MASTER NƯỚNG | D122: TG-AA21184 | E122: I100094 | F122: Giá tươi | G122: Kg | H122: 0.3 | I122: 9000 | J122: =H122*I122 -> 2700 | L122: =+VLOOKUP(E122,mã!$B$2:$F$229,2,0) -> NL300050 | M122: =+VLOOKUP(T122,Sheet2!$B$2:$P$372,10,0) -> 0.3 | N122: =+VLOOKUP(L122,mã!$C$2:$F$229,4,0) -> 9000 | O122: =M122*N122 -> 2700 | P122: =J122-O122 -> 0 | Q122: =IF(U122=0," ","SAI SL NHẬN") | R122: =+VLOOKUP(T122,Sheet2!$B$2:$P$372,13,0) -> 2700 | S122: =O122-R122 -> 0 | T122: =A122&L122 -> 04/01/2026NL300050 | U122: =H122-M122 -> 0 | V122: =I122-N122 -> 0
A123: 04/01/2026 | B123: TG-KS01254 | C123: G-MASTER NƯỚNG | D123: TG-AA21184 | E123: I100098 | F123: Hành lá | G123: Kg | H123: 0.2 | I123: 55000 | J123: =H123*I123 -> 11000 | L123: =+VLOOKUP(E123,mã!$B$2:$F$229,2,0) -> NL300058 | M123: =+VLOOKUP(T123,Sheet2!$B$2:$P$372,10,0) -> 0.2 | N123: =+VLOOKUP(L123,mã!$C$2:$F$229,4,0) -> 55000 | O123: =M123*N123 -> 11000 | P123: =J123-O123 -> 0 | Q123: =IF(U123=0," ","SAI SL NHẬN") | R123: =+VLOOKUP(T123,Sheet2!$B$2:$P$372,13,0) -> 11000 | S123: =O123-R123 -> 0 | T123: =A123&L123 -> 04/01/2026NL300058 | U123: =H123-M123 -> 0 | V123: =I123-N123 -> 0
A124: 04/01/2026 | B124: TG-KS01254 | C124: G-MASTER NƯỚNG | D124: TG-AA21184 | E124: I100099 | F124: Hành Paro | G124: Kg | H124: 0.6 | I124: 38000 | J124: =H124*I124 -> 22800 | L124: =+VLOOKUP(E124,mã!$B$2:$F$229,2,0) -> NL300061 | M124: =+VLOOKUP(T124,Sheet2!$B$2:$P$372,10,0) -> 0.5 | N124: =+VLOOKUP(L124,mã!$C$2:$F$229,4,0) -> 38000 | O124: =M124*N124 -> 19000 | P124: =J124-O124 -> 3800 | Q124: =IF(U124=0," ","SAI SL NHẬN") -> SAI SL NHẬN | R124: =+VLOOKUP(T124,Sheet2!$B$2:$P$372,13,0) -> 19000 | S124: =O124-R124 -> 0 | T124: =A124&L124 -> 04/01/2026NL300061 | U124: =H124-M124 -> 0.1 | V124: =I124-N124 -> 0
A125: 04/01/2026 | B125: TG-KS01254 | C125: G-MASTER NƯỚNG | D125: TG-AA21184 | E125: I100121 | F125: Khoai lang nhật | G125: Kg | H125: 1.8 | I125: 23000 | J125: =H125*I125 -> 41400 | L125: =+VLOOKUP(E125,mã!$B$2:$F$229,2,0) -> NL300070 | M125: =+VLOOKUP(T125,Sheet2!$B$2:$P$372,10,0) -> 1.6 | N125: =+VLOOKUP(L125,mã!$C$2:$F$229,4,0) -> 23000 | O125: =M125*N125 -> 36800 | P125: =J125-O125 -> 4600 | Q125: =IF(U125=0," ","SAI SL NHẬN") -> SAI SL NHẬN | R125: =+VLOOKUP(T125,Sheet2!$B$2:$P$372,13,0) -> 36800 | S125: =O125-R125 -> 0 | T125: =A125&L125 -> 04/01/2026NL300070 | U125: =H125-M125 -> 0.2 | V125: =I125-N125 -> 0
A126: 04/01/2026 | B126: TG-KS01254 | C126: G-MASTER NƯỚNG | D126: TG-AA21184 | E126: I100128 | F126: Khoai Tây DL lớn | G126: Kg | H126: 5.7 | I126: 20000 | J126: =H126*I126 -> 114000 | L126: =+VLOOKUP(E126,mã!$B$2:$F$229,2,0) -> NL300071 | M126: =+VLOOKUP(T126,Sheet2!$B$2:$P$372,10,0) -> 6 | N126: =+VLOOKUP(L126,mã!$C$2:$F$229,4,0) -> 20000 | O126: =M126*N126 -> 120000 | P126: =J126-O126 -> -6000 | Q126: =IF(U126=0," ","SAI SL NHẬN") -> SAI SL NHẬN | R126: =+VLOOKUP(T126,Sheet2!$B$2:$P$372,13,0) -> 120000 | S126: =O126-R126 -> 0 | T126: =A126&L126 -> 04/01/2026NL300071 | U126: =H126-M126 -> -0.3 | V126: =I126-N126 -> 0
A127: 04/01/2026 | B127: TG-KS01254 | C127: G-MASTER NƯỚNG | D127: TG-AA21184 | E127: I100132 | F127: Lá cây nhíp (lá mè) | G127: Kg | H127: 2 | I127: 95000 | J127: =H127*I127 -> 190000 | L127: =+VLOOKUP(E127,mã!$B$2:$F$229,2,0) -> NL300080 | M127: =+VLOOKUP(T127,Sheet2!$B$2:$P$372,10,0) -> 1.7 | N127: =+VLOOKUP(L127,mã!$C$2:$F$229,4,0) -> 95000 | O127: =M127*N127 -> 161500 | P127: =J127-O127 -> 28500 | Q127: =IF(U127=0," ","SAI SL NHẬN") -> SAI SL NHẬN | R127: =+VLOOKUP(T127,Sheet2!$B$2:$P$372,13,0) -> 161500 | S127: =O127-R127 -> 0 | T127: =A127&L127 -> 04/01/2026NL300080 | U127: =H127-M127 -> 0.3 | V127: =I127-N127 -> 0
A128: 04/01/2026 | B128: TG-KS01254 | C128: G-MASTER NƯỚNG | D128: TG-AA21184 | E128: I100216 | F128: Tắc trái | G128: Kg | H128: 1.5 | I128: 21000 | J128: =H128*I128 -> 31500 | L128: =+VLOOKUP(E128,mã!$B$2:$F$229,2,0) -> NL300119 | M128: =+VLOOKUP(T128,Sheet2!$B$2:$P$372,10,0) -> 1 | N128: =+VLOOKUP(L128,mã!$C$2:$F$229,4,0) -> 21000 | O128: =M128*N128 -> 21000 | P128: =J128-O128 -> 10500 | Q128: =IF(U128=0," ","SAI SL NHẬN") -> SAI SL NHẬN | R128: =+VLOOKUP(T128,Sheet2!$B$2:$P$372,13,0) -> 21000 | S128: =O128-R128 -> 0 | T128: =A128&L128 -> 04/01/2026NL300119 | U128: =H128-M128 -> 0.5 | V128: =I128-N128 -> 0
A129: 04/01/2026 | B129: TG-KS01254 | C129: G-MASTER NƯỚNG | D129: TG-AA21184 | E129: I100229 | F129: Tỏi lột | G129: Kg | H129: 0.3 | I129: 50000 | J129: =H129*I129 -> 15000 | L129: =+VLOOKUP(E129,mã!$B$2:$F$229,2,0) -> NL300142 | M129: =+VLOOKUP(T129,Sheet2!$B$2:$P$372,10,0) -> 0.3 | N129: =+VLOOKUP(L129,mã!$C$2:$F$229,4,0) -> 50000 | O129: =M129*N129 -> 15000 | P129: =J129-O129 -> 0 | Q129: =IF(U129=0," ","SAI SL NHẬN") | R129: =+VLOOKUP(T129,Sheet2!$B$2:$P$372,13,0) -> 15000 | S129: =O129-R129 -> 0 | T129: =A129&L129 -> 04/01/2026NL300142 | U129: =H129-M129 -> 0 | V129: =I129-N129 -> 0
A130: 04/01/2026 | B130: TG-KS01254 | C130: G-MASTER NƯỚNG | D130: TG-AA21184 | E130: I100207 | F130: Xà lách lolo xanh | G130: Kg | H130: 5 | I130: 38000 | J130: =H130*I130 -> 190000 | L130: =+VLOOKUP(E130,mã!$B$2:$F$229,2,0) -> NL300145 | M130: =+VLOOKUP(T130,Sheet2!$B$2:$P$372,10,0) -> 2.5 | N130: =+VLOOKUP(L130,mã!$C$2:$F$229,4,0) -> 38000 | O130: =M130*N130 -> 95000 | P130: =J130-O130 -> 95000 | Q130: =IF(U130=0," ","SAI SL NHẬN") -> SAI SL NHẬN | R130: =+VLOOKUP(T130,Sheet2!$B$2:$P$372,13,0) -> 95000 | S130: =O130-R130 -> 0 | T130: =A130&L130 -> 04/01/2026NL300145 | U130: =H130-M130 -> 2.5 | V130: =I130-N130 -> 0
A131: 04/01/2026 | B131: TG-KS01254 | C131: G-MASTER NƯỚNG | D131: TG-AA21271 | E131: I100039 | F131: Cà rốt | G131: Kg | H131: 0.6 | I131: 18000 | J131: =H131*I131 -> 10800 | L131: =+VLOOKUP(E131,mã!$B$2:$F$229,2,0) -> NL300027 | M131: 0.6 | N131: =+VLOOKUP(L131,mã!$C$2:$F$229,4,0) -> 18000 | O131: =M131*N131 -> 10800 | P131: =J131-O131 -> 0 | Q131: =IF(U131=0," ","SAI SL NHẬN") | R131: 10800 | S131: =O131-R131 -> 0 | T131: =A131&L131 -> 04/01/2026NL300027 | U131: =H131-M131 -> 0 | V131: =I131-N131 -> 0
A132: 04/01/2026 | B132: TG-KS01254 | C132: G-MASTER NƯỚNG | D132: TG-AA21271 | E132: I100128 | F132: Khoai Tây DL lớn | G132: Kg | H132: 6 | I132: 20000 | J132: =H132*I132 -> 120000 | L132: =+VLOOKUP(E132,mã!$B$2:$F$229,2,0) -> NL300071 | M132: 0 | N132: =+VLOOKUP(L132,mã!$C$2:$F$229,4,0) -> 20000 | O132: =M132*N132 -> 0 | P132: =J132-O132 -> 120000 | Q132: =IF(U132=0," ","SAI SL NHẬN") -> SAI SL NHẬN | R132: =+VLOOKUP(T132,Sheet2!$B$2:$P$372,13,0) -> 120000 | S132: =O132-R132 -> -120000 | T132: =A132&L132 -> 04/01/2026NL300071 | U132: =H132-M132 -> 6 | V132: =I132-N132 -> 0
A133: 04/01/2026 | B133: TG-KS01254 | C133: G-MASTER NƯỚNG | D133: TG-AA21271 | E133: I100216 | F133: Tắc trái | G133: Kg | H133: 1 | I133: 21000 | J133: =H133*I133 -> 21000 | L133: =+VLOOKUP(E133,mã!$B$2:$F$229,2,0) -> NL300119 | M133: 0 | N133: =+VLOOKUP(L133,mã!$C$2:$F$229,4,0) -> 21000 | O133: =M133*N133 -> 0 | P133: =J133-O133 -> 21000 | Q133: =IF(U133=0," ","SAI SL NHẬN") -> SAI SL NHẬN | R133: =+VLOOKUP(T133,Sheet2!$B$2:$P$372,13,0) -> 21000 | S133: =O133-R133 -> -21000 | T133: =A133&L133 -> 04/01/2026NL300119 | U133: =H133-M133 -> 1 | V133: =I133-N133 -> 0
A134: 05/01/2026 | B134: TG-KS01254 | C134: G-MASTER NƯỚNG | D134: TG-AA21343 | E134: I100008 | F134: Bắp mỹ trái (Loại 1) | G134: Trái | H134: 5 | I134: 8500 | J134: =H134*I134 -> 42500 | L134: =+VLOOKUP(E134,mã!$B$2:$F$229,2,0) -> NL300107 | M134: =+VLOOKUP(T134,Sheet2!$B$2:$P$372,10,0) -> 0 | N134: =+VLOOKUP(L134,mã!$C$2:$F$229,4,0) -> 8500 | O134: =M134*N134 -> 0 | P134: =J134-O134 -> 42500 | Q134: =IF(U134=0," ","SAI SL NHẬN") -> SAI SL NHẬN | R134: =+VLOOKUP(T134,Sheet2!$B$2:$P$372,13,0) -> 0 | S134: =O134-R134 -> 0 | T134: =A134&L134 -> 05/01/2026NL300107 | U134: =H134-M134 -> 5 | V134: =I134-N134 -> 0
A135: 05/01/2026 | B135: TG-KS01254 | C135: G-MASTER NƯỚNG | D135: TG-AA21343 | E135: I100016 | F135: Bí ngòi xanh | G135: Kg | H135: 1.8 | I135: 40000 | J135: =H135*I135 -> 72000 | L135: =+VLOOKUP(E135,mã!$B$2:$F$229,2,0) -> NL300008 | M135: =+VLOOKUP(T135,Sheet2!$B$2:$P$372,10,0) -> 1.8 | N135: =+VLOOKUP(L135,mã!$C$2:$F$229,4,0) -> 40000 | O135: =M135*N135 -> 72000 | P135: =J135-O135 -> 0 | Q135: =IF(U135=0," ","SAI SL NHẬN") | R135: =+VLOOKUP(T135,Sheet2!$B$2:$P$372,13,0) -> 72000 | S135: =O135-R135 -> 0 | T135: =A135&L135 -> 05/01/2026NL300008 | U135: =H135-M135 -> 0 | V135: =I135-N135 -> 0
A136: 05/01/2026 | B136: TG-KS01254 | C136: G-MASTER NƯỚNG | D136: TG-AA21343 | E136: I100039 | F136: Cà rốt | G136: Kg | H136: 1.8 | I136: 18000 | J136: =H136*I136 -> 32400 | L136: =+VLOOKUP(E136,mã!$B$2:$F$229,2,0) -> NL300027 | M136: =+VLOOKUP(T136,Sheet2!$B$2:$P$372,10,0) -> 1.8 | N136: =+VLOOKUP(L136,mã!$C$2:$F$229,4,0) -> 18000 | O136: =M136*N136 -> 32400 | P136: =J136-O136 -> 0 | Q136: =IF(U136=0," ","SAI SL NHẬN") | R136: =+VLOOKUP(T136,Sheet2!$B$2:$P$372,13,0) -> 32400 | S136: =O136-R136 -> 0 | T136: =A136&L136 -> 05/01/2026NL300027 | U136: =H136-M136 -> 0 | V136: =I136-N136 -> 0
A137: 05/01/2026 | B137: TG-KS01254 | C137: G-MASTER NƯỚNG | D137: TG-AA21343 | E137: I100067 | F137: Củ cải trắng (Loại 1) | G137: Kg | H137: 0.9 | I137: 13000 | J137: =H137*I137 -> 11700 | L137: =+VLOOKUP(E137,mã!$B$2:$F$229,2,0) -> NL300033 | M137: =+VLOOKUP(T137,Sheet2!$B$2:$P$372,10,0) -> 0.9 | N137: =+VLOOKUP(L137,mã!$C$2:$F$229,4,0) -> 13000 | O137: =M137*N137 -> 11700 | P137: =J137-O137 -> 0 | Q137: =IF(U137=0," ","SAI SL NHẬN") | R137: =+VLOOKUP(T137,Sheet2!$B$2:$P$372,13,0) -> 11700 | S137: =O137-R137 -> 0 | T137: =A137&L137 -> 05/01/2026NL300033 | U137: =H137-M137 -> 0 | V137: =I137-N137 -> 0
A138: 05/01/2026 | B138: TG-KS01254 | C138: G-MASTER NƯỚNG | D138: TG-AA21343 | E138: I100075 | F138: Đậu bắp | G138: Kg | H138: 1.8 | I138: 32000 | J138: =H138*I138 -> 57600 | L138: =+VLOOKUP(E138,mã!$B$2:$F$229,2,0) -> NL300038 | M138: =+VLOOKUP(T138,Sheet2!$B$2:$P$372,10,0) -> 1.8 | N138: =+VLOOKUP(L138,mã!$C$2:$F$229,4,0) -> 32000 | O138: =M138*N138 -> 57600 | P138: =J138-O138 -> 0 | Q138: =IF(U138=0," ","SAI SL NHẬN") | R138: =+VLOOKUP(T138,Sheet2!$B$2:$P$372,13,0) -> 57600 | S138: =O138-R138 -> 0 | T138: =A138&L138 -> 05/01/2026NL300038 | U138: =H138-M138 -> 0 | V138: =I138-N138 -> 0
A139: 05/01/2026 | B139: TG-KS01254 | C139: G-MASTER NƯỚNG | D139: TG-AA21343 | E139: I100479 | F139: Dưa hấu | G139: Kg | H139: 18.3 | I139: 18000 | J139: =H139*I139 -> 329400 | L139: =+VLOOKUP(E139,mã!$B$2:$F$229,2,0) -> NL600004 | M139: =+VLOOKUP(T139,Sheet2!$B$2:$P$372,10,0) -> 18.3 | N139: =+VLOOKUP(L139,mã!$C$2:$F$229,4,0) -> 18000 | O139: =M139*N139 -> 329400 | P139: =J139-O139 -> 0 | Q139: =IF(U139=0," ","SAI SL NHẬN") | R139: =+VLOOKUP(T139,Sheet2!$B$2:$P$372,13,0) -> 329400 | S139: =O139-R139 -> 0 | T139: =A139&L139 -> 05/01/2026NL600004 | U139: =H139-M139 -> 0 | V139: =I139-N139 -> 0
A140: 05/01/2026 | B140: TG-KS01254 | C140: G-MASTER NƯỚNG | D140: TG-AA21343 | E140: I100089 | F140: Dưa leo | G140: Kg | H140: 1.5 | I140: 18000 | J140: =H140*I140 -> 27000 | L140: =+VLOOKUP(E140,mã!$B$2:$F$229,2,0) -> NL300048 | M140: =+VLOOKUP(T140,Sheet2!$B$2:$P$372,10,0) -> 1.5 | N140: =+VLOOKUP(L140,mã!$C$2:$F$229,4,0) -> 18000 | O140: =M140*N140 -> 27000 | P140: =J140-O140 -> 0 | Q140: =IF(U140=0," ","SAI SL NHẬN") | R140: =+VLOOKUP(T140,Sheet2!$B$2:$P$372,13,0) -> 27000 | S140: =O140-R140 -> 0 | T140: =A140&L140 -> 05/01/2026NL300048 | U140: =H140-M140 -> 0 | V140: =I140-N140 -> 0
...

Sheet Sheet2
A1: Ngày ct | B1: Mã ct | C1: Số ct | D1: Áp giá | E1: Mã ncc | F1: Tên ncc | G1: Diễn giải | H1: Mã hàng | I1: Tên mặt hàng | J1: Đvt | K1: Số lượng | L1: Giá | M1: Giá báo | N1: =SUBTOTAL(9,N2:N372) -> 23526920 | O1: Thuế suất | P1: Chênh lệch giá | Q1: Kho hàng | R1: Mã nx | S1: Vụ việc | T1: Bộ phận | U1: Hợp đồng | V1: Người tạo | W1: Người sửa
A2: 46023 | B2: ="0"&DAY(A2)&"/01/2026"&H2 -> 01/01/2026NL300004 | C2: GSG012601007 | D2: 1 | E2: NCC100186 | F2: CÔNG TY TNHH NÔNG SẢN THỰC PHẨM TRẦN GIA | G2: GSG01 - Nhập hàng mua ngày 01/01/2026 | H2: NL300004 | I2: Bắp cải trắng | J2: kg | K2: 4.6 | L2: 19000 | M2: 0 | N2: =L2*K2 -> 87400 | O2: 0 | P2: 19000 | Q2: GSG.01 | R2: 3311 | T2: GSG01 | V2: TRANNTB | W2: TRANNTB
A3: 46023 | B3: ="0"&DAY(A3)&"/01/2026"&H3 -> 01/01/2026NL300107 | C3: GSG012601007 | D3: 1 | E3: NCC100186 | F3: CÔNG TY TNHH NÔNG SẢN THỰC PHẨM TRẦN GIA | G3: GSG01 - Nhập hàng mua ngày 01/01/2026 | H3: NL300107 | I3: Ngô ngọt ( Bắp trái) | J3: Cái | K3: 20 | L3: 8500 | M3: 0 | N3: =L3*K3 -> 170000 | O3: 0 | P3: 8500 | Q3: GSG.01 | R3: 3311 | T3: GSG01 | V3: TRANNTB | W3: TRANNTB
A4: 46023 | B4: ="0"&DAY(A4)&"/01/2026"&H4 -> 01/01/2026NL300007 | C4: GSG012601007 | D4: 1 | E4: NCC100186 | F4: CÔNG TY TNHH NÔNG SẢN THỰC PHẨM TRẦN GIA | G4: GSG01 - Nhập hàng mua ngày 01/01/2026 | H4: NL300007 | I4: Bí đỏ | J4: kg | K4: 2.9 | L4: 30000 | M4: 0 | N4: =L4*K4 -> 87000 | O4: 0 | P4: 30000 | Q4: GSG.01 | R4: 3311 | T4: GSG01 | V4: TRANNTB | W4: TRANNTB
A5: 46023 | B5: ="0"&DAY(A5)&"/01/2026"&H5 -> 01/01/2026NL300008 | C5: GSG012601007 | D5: 1 | E5: NCC100186 | F5: CÔNG TY TNHH NÔNG SẢN THỰC PHẨM TRẦN GIA | G5: GSG01 - Nhập hàng mua ngày 01/01/2026 | H5: NL300008 | I5: Bí ngòi | J5: kg | K5: 3.1 | L5: 40000 | M5: 0 | N5: =L5*K5 -> 124000 | O5: 0 | P5: 40000 | Q5: GSG.01 | R5: 3311 | T5: GSG01 | V5: TRANNTB | W5: TRANNTB
A6: 46023 | B6: ="0"&DAY(A6)&"/01/2026"&H6 -> 01/01/2026NL300013 | C6: GSG012601007 | D6: 1 | E6: NCC100186 | F6: CÔNG TY TNHH NÔNG SẢN THỰC PHẨM TRẦN GIA | G6: GSG01 - Nhập hàng mua ngày 01/01/2026 | H6: NL300013 | I6: Cà chua | J6: kg | K6: 1 | L6: 50000 | M6: 0 | N6: =L6*K6 -> 50000 | O6: 0 | P6: 50000 | Q6: GSG.01 | R6: 3311 | T6: GSG01 | V6: TRANNTB | W6: TRANNTB
A7: 46023 | B7: ="0"&DAY(A7)&"/01/2026"&H7 -> 01/01/2026NL300014 | C7: GSG012601007 | D7: 1 | E7: NCC100186 | F7: CÔNG TY TNHH NÔNG SẢN THỰC PHẨM TRẦN GIA | G7: GSG01 - Nhập hàng mua ngày 01/01/2026 | H7: NL300014 | I7: Cà chua bi | J7: kg | K7: 1 | L7: 55000 | M7: 0 | N7: =L7*K7 -> 55000 | O7: 0 | P7: 55000 | Q7: GSG.01 | R7: 3311 | T7: GSG01 | V7: TRANNTB | W7: TRANNTB
A8: 46023 | B8: ="0"&DAY(A8)&"/01/2026"&H8 -> 01/01/2026NL300027 | C8: GSG012601007 | D8: 1 | E8: NCC100186 | F8: CÔNG TY TNHH NÔNG SẢN THỰC PHẨM TRẦN GIA | G8: GSG01 - Nhập hàng mua ngày 01/01/2026 | H8: NL300027 | I8: Cà rốt | J8: kg | K8: 3 | L8: 18000 | M8: 0 | N8: =L8*K8 -> 54000 | O8: 0 | P8: 18000 | Q8: GSG.01 | R8: 3311 | T8: GSG01 | V8: TRANNTB | W8: TRANNTB
A9: 46023 | B9: ="0"&DAY(A9)&"/01/2026"&H9 -> 01/01/2026NL300230 | C9: GSG012601007 | D9: 1 | E9: NCC100186 | F9: CÔNG TY TNHH NÔNG SẢN THỰC PHẨM TRẦN GIA | G9: GSG01 - Nhập hàng mua ngày 01/01/2026 | H9: NL300230 | I9: Cải Mầm | J9: kg | K9: 0.1 | L9: 80000 | M9: 0 | N9: =L9*K9 -> 8000 | O9: 0 | P9: 80000 | Q9: GSG.01 | R9: 3311 | T9: GSG01 | V9: TRANNTB | W9: TRANNTB
A10: 46023 | B10: ="0"&DAY(A10)&"/01/2026"&H10 -> 01/01/2026NL300034 | C10: GSG012601007 | D10: 1 | E10: NCC100186 | F10: CÔNG TY TNHH NÔNG SẢN THỰC PHẨM TRẦN GIA | G10: GSG01 - Nhập hàng mua ngày 01/01/2026 | H10: NL300034 | I10: Củ cải đỏ | J10: kg | K10: 0.2 | L10: 40000 | M10: 0 | N10: =L10*K10 -> 8000 | O10: 0 | P10: 40000 | Q10: GSG.01 | R10: 3311 | T10: GSG01 | V10: TRANNTB | W10: TRANNTB
A11: 46023 | B11: ="0"&DAY(A11)&"/01/2026"&H11 -> 01/01/2026NL300033 | C11: GSG012601007 | D11: 1 | E11: NCC100186 | F11: CÔNG TY TNHH NÔNG SẢN THỰC PHẨM TRẦN GIA | G11: GSG01 - Nhập hàng mua ngày 01/01/2026 | H11: NL300033 | I11: Củ cải trắng | J11: kg | K11: 4 | L11: 13000 | M11: 0 | N11: =L11*K11 -> 52000 | O11: 0 | P11: 13000 | Q11: GSG.01 | R11: 3311 | T11: GSG01 | V11: TRANNTB | W11: TRANNTB
A12: 46023 | B12: ="0"&DAY(A12)&"/01/2026"&H12 -> 01/01/2026NL300053 | C12: GSG012601007 | D12: 1 | E12: NCC100186 | F12: CÔNG TY TNHH NÔNG SẢN THỰC PHẨM TRẦN GIA | G12: GSG01 - Nhập hàng mua ngày 01/01/2026 | H12: NL300053 | I12: Gừng ta | J12: kg | K12: 0.5 | L12: 30000 | M12: 0 | N12: =L12*K12 -> 15000 | O12: 0 | P12: 30000 | Q12: GSG.01 | R12: 3311 | T12: GSG01 | V12: TRANNTB | W12: TRANNTB
A13: 46023 | B13: ="0"&DAY(A13)&"/01/2026"&H13 -> 01/01/2026NL600004 | C13: GSG012601007 | D13: 1 | E13: NCC100186 | F13: CÔNG TY TNHH NÔNG SẢN THỰC PHẨM TRẦN GIA | G13: GSG01 - Nhập hàng mua ngày 01/01/2026 | H13: NL600004 | I13: Dưa hấu | J13: kg | K13: 21 | L13: 18000 | M13: 0 | N13: =L13*K13 -> 378000 | O13: 0 | P13: 18000 | Q13: GSG.01 | R13: 3311 | T13: GSG01 | V13: TRANNTB | W13: TRANNTB
... A219: 46031 | B219: ="0"&DAY(A219)&"/01/2026"&H219 -> 09/01/2026NL300048 | C219: 2601GSG01045 | D219: 1 | E219: NCC100186 | F219: CÔNG TY TNHH NÔNG SẢN THỰC PHẨM TRẦN GIA | G219: GSG01 - Nhập hàng mua ngày 09/01/2026 | H219: NL300048 | I219: Dưa chuột | J219: kg | K219: 0.6 | L219: 18000 | M219: 0 | N219: =L219*K219 -> 10800 | O219: 0 | P219: 18000 | Q219: GSG.01 | R219: 3311 | T219: GSG01 | V219: TRANNTB | W219: TRANNTB
A220: 46032 | B220: =""&DAY(A220)&"/01/2026"&H220 -> 10/01/2026NL300008 | C220: 2601GSG01077 | D220: 1 | E220: NCC100186 | F220: CÔNG TY TNHH NÔNG SẢN THỰC PHẨM TRẦN GIA | G220: GSG01 - Nhập hàng mua ngày 10/01/2026 | H220: NL300008 | I220: Bí ngòi | J220: kg | K220: 2.1 | L220: 40000 | M220: 0 | N220: =L220*K220 -> 84000 | O220: 0 | P220: 40000 | Q220: GSG.01 | R220: 3311 | T220: GSG01 | V220: TRANNTB | W220: TRANNTB
A221: 46032 | B221: =""&DAY(A221)&"/01/2026"&H221 -> 10/01/2026NL300107 | C221: 2601GSG01077 | D221: 1 | E221: NCC100186 | F221: CÔNG TY TNHH NÔNG SẢN THỰC PHẨM TRẦN GIA | G221: GSG01 - Nhập hàng mua ngày 10/01/2026 | H221: NL300107 | I221: Ngô ngọt ( Bắp trái) | J221: Cái | K221: 12 | L221: 8500 | M221: 0 | N221: =L221*K221 -> 102000 | O221: 0 | P221: 8500 | Q221: GSG.01 | R221: 3311 | T221: GSG01 | V221: TRANNTB | W221: TRANNTB
A222: 46032 | B222: =""&DAY(A222)&"/01/2026"&H222 -> 10/01/2026NL300059 | C222: 2601GSG01077 | D222: 1 | E222: NCC100186 | F222: CÔNG TY TNHH NÔNG SẢN THỰC PHẨM TRẦN GIA | G222: GSG01 - Nhập hàng mua ngày 10/01/2026 | H222: NL300059 | I222: Hành tây | J222: kg | K222: 2 | L222: 13000 | M222: 0 | N222: =L222*K222 -> 26000 | O222: 0 | P222: 13000 | Q222: GSG.01 | R222: 3311 | T222: GSG01 | V222: TRANNTB | W222: TRANNTB
A223: 46032 | B223: =""&DAY(A223)&"/01/2026"&H223 -> 10/01/2026NL300038 | C223: 2601GSG01077 | D223: 1 | E223: NCC100186 | F223: CÔNG TY TNHH NÔNG SẢN THỰC PHẨM TRẦN GIA | G223: GSG01 - Nhập hàng mua ngày 10/01/2026 | H223: NL300038 | I223: Đậu bắp | J223: kg | K223: 2.5 | L223: 32000 | M223: 0 | N223: =L223*K223 -> 80000 | O223: 0 | P223: 32000 | Q223: GSG.01 | R223: 3311 | T223: GSG01 | V223: TRANNTB | W223: TRANNTB
A224: 46032 | B224: =""&DAY(A224)&"/01/2026"&H224 -> 10/01/2026NL300090 | C224: 2601GSG01077 | D224: 1 | E224: NCC100186 | F224: CÔNG TY TNHH NÔNG SẢN THỰC PHẨM TRẦN GIA | G224: GSG01 - Nhập hàng mua ngày 10/01/2026 | H224: NL300090 | I224: Nấm đông cô tươi | J224: kg | K224: 2 | L224: 145000 | M224: 0 | N224: =L224*K224 -> 290000 | O224: 0 | P224: 145000 | Q224: GSG.01 | R224: 3311 | T224: GSG01 | V224: TRANNTB | W224: TRANNTB
A225: 46032 | B225: =""&DAY(A225)&"/01/2026"&H225 -> 10/01/2026NL300027 | C225: 2601GSG01077 | D225: 1 | E225: NCC100186 | F225: CÔNG TY TNHH NÔNG SẢN THỰC PHẨM TRẦN GIA | G225: GSG01 - Nhập hàng mua ngày 10/01/2026 | H225: NL300027 | I225: Cà rốt | J225: kg | K225: 2 | L225: 18000 | M225: 0 | N225: =L225*K225 -> 36000 | O225: 0 | P225: 18000 | Q225: GSG.01 | R225: 3311 | T225: GSG01 | V225: TRANNTB | W225: TRANNTB
A226: 46032 | B226: =""&DAY(A226)&"/01/2026"&H226 -> 10/01/2026NL300061 | C226: 2601GSG01077 | D226: 1 | E226: NCC100186 | F226: CÔNG TY TNHH NÔNG SẢN THỰC PHẨM TRẦN GIA | G226: GSG01 - Nhập hàng mua ngày 10/01/2026 | H226: NL300061 | I226: Hành Paro (Hành Baro) | J226: kg | K226: 1.1 | L226: 38000 | M226: 0 | N226: =L226*K226 -> 41800 | O226: 0 | P226: 38000 | Q226: GSG.01 | R226: 3311 | T226: GSG01 | V226: TRANNTB | W226: TRANNTB
A227: 46032 | B227: =""&DAY(A227)&"/01/2026"&H227 -> 10/01/2026NL300048 | C227: 2601GSG01077 | D227: 1 | E227: NCC100186 | F227: CÔNG TY TNHH NÔNG SẢN THỰC PHẨM TRẦN GIA | G227: GSG01 - Nhập hàng mua ngày 10/01/2026 | H227: NL300048 | I227: Dưa chuột | J227: kg | K227: 2.2 | L227: 18000 | M227: 0 | N227: =L227*K227 -> 39600 | O227: 0 | P227: 18000 | Q227: GSG.01 | R227: 3311 | T227: GSG01 | V227: TRANNTB | W227: TRANNTB
A228: 46032 | B228: =""&DAY(A228)&"/01/2026"&H228 -> 10/01/2026NL300033 | C228: 2601GSG01077 | D228: 1 | E228: NCC100186 | F228: CÔNG TY TNHH NÔNG SẢN THỰC PHẨM TRẦN GIA | G228: GSG01 - Nhập hàng mua ngày 10/01/2026 | H228: NL300033 | I228: Củ cải trắng | J228: kg | K228: 2 | L228: 13000 | M228: 0 | N228: =L228*K228 -> 26000 | O228: 0 | P228: 13000 | Q228: GSG.01 | R228: 3311 | T228: GSG01 | V228: TRANNTB | W228: TRANNTB
A229: 46032 | B229: =""&DAY(A229)&"/01/2026"&H229 -> 10/01/2026NL300142 | C229: 2601GSG01077 | D229: 1 | E229: NCC100186 | F229: CÔNG TY TNHH NÔNG SẢN THỰC PHẨM TRẦN GIA | G229: GSG01 - Nhập hàng mua ngày 10/01/2026 | H229: NL300142 | I229: Tỏi bóc | J229: kg | K229: 0.6 | L229: 50000 | M229: 0 | N229: =L229*K229 -> 30000 | O229: 0 | P229: 50000 | Q229: GSG.01 | R229: 3311 | T229: GSG01 | V229: TRANNTB | W229: TRANNTB
A230: 46032 | B230: =""&DAY(A230)&"/01/2026"&H230 -> 10/01/2026NL300145 | C230: 2601GSG01077 | D230: 1 | E230: NCC100186 | F230: CÔNG TY TNHH NÔNG SẢN THỰC PHẨM TRẦN GIA | G230: GSG01 - Nhập hàng mua ngày 10/01/2026 | H230: NL300145 | I230: Xà lách | J230: kg | K230: 10 | L230: 38000 | M230: 0 | N230: =L230*K230 -> 380000 | O230: 0 | P230: 38000 | Q230: GSG.01 | R230: 3311 | T230: GSG01 | V230: TRANNTB | W230: TRANNTB
A231: 46032 | B231: =""&DAY(A231)&"/01/2026"&H231 -> 10/01/2026NL300080 | C231: 2601GSG01077 | D231: 1 | E231: NCC100186 | F231: CÔNG TY TNHH NÔNG SẢN THỰC PHẨM TRẦN GIA | G231: GSG01 - Nhập hàng mua ngày 10/01/2026 | H231: NL300080 | I231: Lá vừng Hàn Quốc - Lá kê nhíp | J231: kg | K231: 1 | L231: 95000 | M231: 0 | N231: =L231*K231 -> 95000 | O231: 0 | P231: 95000 | Q231: GSG.01 | R231: 3311 | T231: GSG01 | V231: TRANNTB | W231: TRANNTB
... A281: 46033 | B281: =""&DAY(A281)&"/01/2026"&H281 -> 11/01/2026NL300147 | C281: 2601GSG01050 | D281: 1 | E281: NCC100186 | F281: CÔNG TY TNHH NÔNG SẢN THỰC PHẨM TRẦN GIA | G281: GSG01 - Nhập hàng mua ngày 11/01/2026 | H281: NL300147 | I281: Xà lách Roman | J281: kg | K281: 1 | L281: 62000 | M281: 0 | N281: =L281*K281 -> 62000 | O281: 0 | P281: 62000 | Q281: GSG.01 | R281: 3311 | T281: GSG01 | V281: TRANNTB | W281: TRANNTB
A282: 46034 | B282: =""&DAY(A282)&"/01/2026"&H282 -> 12/01/2026NL300048 | C282: 2601GSG01056 | D282: 1 | E282: NCC100186 | F282: CÔNG TY TNHH NÔNG SẢN THỰC PHẨM TRẦN GIA | G282: GSG01 - Nhập hàng mua ngày 12/01/2026 | H282: NL300048 | I282: Dưa chuột | J282: kg | K282: 1.7 | L282: 18000 | N282: =L282*K282 -> 30600 | O282: 0 | P282: 18000 | Q282: GSG.01 | R282: 3311 | T282: GSG01 | V282: TRANNTB | W282: TRANNTB
A283: 46034 | B283: =""&DAY(A283)&"/01/2026"&H283 -> 12/01/2026NL300033 | C283: 2601GSG01056 | D283: 1 | E283: NCC100186 | F283: CÔNG TY TNHH NÔNG SẢN THỰC PHẨM TRẦN GIA | G283: GSG01 - Nhập hàng mua ngày 12/01/2026 | H283: NL300033 | I283: Củ cải trắng | J283: kg | K283: 2 | L283: 13000 | N283: =L283*K283 -> 26000 | O283: 0 | P283: 13000 | Q283: GSG.01 | R283: 3311 | T283: GSG01 | V283: TRANNTB | W283: TRANNTB
A284: 46034 | B284: =""&DAY(A284)&"/01/2026"&H284 -> 12/01/2026NL300145 | C284: 2601GSG01056 | D284: 1 | E284: NCC100186 | F284: CÔNG TY TNHH NÔNG SẢN THỰC PHẨM TRẦN GIA | G284: GSG01 - Nhập hàng mua ngày 12/01/2026 | H284: NL300145 | I284: Xà lách | J284: kg | K284: 3 | L284: 38000 | N284: =L284*K284 -> 114000 | O284: 0 | P284: 38000 | Q284: GSG.01 | R284: 3311 | T284: GSG01 | V284: TRANNTB | W284: TRANNTB
A285: 46034 | B285: =""&DAY(A285)&"/01/2026"&H285 -> 12/01/2026NL300113 | C285: 2601GSG01056 | D285: 1 | E285: NCC100186 | F285: CÔNG TY TNHH NÔNG SẢN THỰC PHẨM TRẦN GIA | G285: GSG01 - Nhập hàng mua ngày 12/01/2026 | H285: NL300113 | I285: Ớt hiểm đỏ | J285: kg | K285: 0.3 | L285: 145000 | N285: =L285*K285 -> 43500 | O285: 0 | P285: 145000 | Q285: GSG.01 | R285: 3311 | T285: GSG01 | V285: TRANNTB | W285: TRANNTB
A286: 46034 | B286: =""&DAY(A286)&"/01/2026"&H286 -> 12/01/2026NL300119 | C286: 2601GSG01056 | D286: 1 | E286: NCC100186 | F286: CÔNG TY TNHH NÔNG SẢN THỰC PHẨM TRẦN GIA | G286: GSG01 - Nhập hàng mua ngày 12/01/2026 | H286: NL300119 | I286: Quất ( Tắc trái ) | J286: kg | K286: 0.4 | L286: 21000 | N286: =L286*K286 -> 8400 | O286: 0 | P286: 21000 | Q286: GSG.01 | R286: 3311 | T286: GSG01 | V286: TRANNTB | W286: TRANNTB
A287: 46034 | B287: =""&DAY(A287)&"/01/2026"&H287 -> 12/01/2026NL300008 | C287: 2601GSG01056 | D287: 1 | E287: NCC100186 | F287: CÔNG TY TNHH NÔNG SẢN THỰC PHẨM TRẦN GIA | G287: GSG01 - Nhập hàng mua ngày 12/01/2026 | H287: NL300008 | I287: Bí ngòi | J287: kg | K287: 0.9 | L287: 40000 | N287: =L287*K287 -> 36000 | O287: 0 | P287: 40000 | Q287: GSG.01 | R287: 3311 | T287: GSG01 | V287: TRANNTB | W287: TRANNTB
A288: 46034 | B288: =""&DAY(A288)&"/01/2026"&H288 -> 12/01/2026NL300107 | C288: 2601GSG01056 | D288: 1 | E288: NCC100186 | F288: CÔNG TY TNHH NÔNG SẢN THỰC PHẨM TRẦN GIA | G288: GSG01 - Nhập hàng mua ngày 12/01/2026 | H288: NL300107 | I288: Ngô ngọt ( Bắp trái) | J288: Cái | K288: 9 | L288: 8500 | N288: =L288*K288 -> 76500 | O288: 0 | P288: 8500 | Q288: GSG.01 | R288: 3311 | T288: GSG01 | V288: TRANNTB | W288: TRANNTB
A289: 46034 | B289: =""&DAY(A289)&"/01/2026"&H289 -> 12/01/2026NL300059 | C289: 2601GSG01056 | D289: 1 | E289: NCC100186 | F289: CÔNG TY TNHH NÔNG SẢN THỰC PHẨM TRẦN GIA | G289: GSG01 - Nhập hàng mua ngày 12/01/2026 | H289: NL300059 | I289: Hành tây | J289: kg | K289: 0.9 | L289: 13000 | N289: =L289*K289 -> 11700 | O289: 0 | P289: 13000 | Q289: GSG.01 | R289: 3311 | T289: GSG01 | V289: TRANNTB | W289: TRANNTB
A290: 46034 | B290: =""&DAY(A290)&"/01/2026"&H290 -> 12/01/2026NL300090 | C290: 2601GSG01056 | D290: 1 | E290: NCC100186 | F290: CÔNG TY TNHH NÔNG SẢN THỰC PHẨM TRẦN GIA | G290: GSG01 - Nhập hàng mua ngày 12/01/2026 | H290: NL300090 | I290: Nấm đông cô tươi | J290: kg | K290: 1 | L290: 145000 | N290: =L290*K290 -> 145000 | O290: 0 | P290: 145000 | Q290: GSG.01 | R290: 3311 | T290: GSG01 | V290: TRANNTB | W290: TRANNTB
A291: 46034 | B291: =""&DAY(A291)&"/01/2026"&H291 -> 12/01/2026NL300027 | C291: 2601GSG01056 | D291: 1 | E291: NCC100186 | F291: CÔNG TY TNHH NÔNG SẢN THỰC PHẨM TRẦN GIA | G291: GSG01 - Nhập hàng mua ngày 12/01/2026 | H291: NL300027 | I291: Cà rốt | J291: kg | K291: 0.8 | L291: 18000 | N291: =L291*K291 -> 14400 | O291: 0 | P291: 18000 | Q291: GSG.01 | R291: 3311 | T291: GSG01 | V291: TRANNTB | W291: TRANNTB
A292: 46034 | B292: =""&DAY(A292)&"/01/2026"&H292 -> 12/01/2026NL300061 | C292: 2601GSG01056 | D292: 1 | E292: NCC100186 | F292: CÔNG TY TNHH NÔNG SẢN THỰC PHẨM TRẦN GIA | G292: GSG01 - Nhập hàng mua ngày 12/01/2026 | H292: NL300061 | I292: Hành Paro (Hành Baro) | J292: kg | K292: 0.3 | L292: 38000 | N292: =L292*K292 -> 11400 | O292: 0 | P292: 38000 | Q292: GSG.01 | R292: 3311 | T292: GSG01 | V292: TRANNTB | W292: TRANNTB
A293: 46034 | B293: =""&DAY(A293)&"/01/2026"&H293 -> 12/01/2026NL300004 | C293: 2601GSG01056 | D293: 1 | E293: NCC100186 | F293: CÔNG TY TNHH NÔNG SẢN THỰC PHẨM TRẦN GIA | G293: GSG01 - Nhập hàng mua ngày 12/01/2026 | H293: NL300004 | I293: Bắp cải trắng | J293: kg | K293: 2.8 | L293: 19000 | N293: =L293*K293 -> 53200 | O293: 0 | P293: 19000 | Q293: GSG.01 | R293: 3311 | T293: GSG01 | V293: TRANNTB | W293: TRANNTB
... A303: 46034 | B303: =""&DAY(A303)&"/01/2026"&H303 -> 12/01/2026NL300096 | C303: 2601GSG01063 | D303: 1 | E303: NCC100186 | F303: CÔNG TY TNHH NÔNG SẢN THỰC PHẨM TRẦN GIA | G303: GSG01 - Nhập hàng mua ngày 12/01/2026 | H303: NL300096 | I303: Nấm kim châm tươi | J303: kg | K303: 0.5 | L303: 45000 | N303: =L303*K303 -> 22500 | O303: 0 | P303: 45000 | Q303: GSG.01 | R303: 3311 | T303: GSG01 | V303: TRANNTB | W303: TRANNTB
A304: 46035 | B304: =""&DAY(A304)&"/01/2026"&H304 -> 13/01/2026NL300096 | C304: 2601GSG01064 | D304: 1 | E304: NCC100186 | F304: CÔNG TY TNHH NÔNG SẢN THỰC PHẨM TRẦN GIA | G304: GSG01 - Nhập hàng mua ngày 13/01/2026 | H304: NL300096 | I304: Nấm kim châm tươi | J304: kg | K304: 0.4 | L304: 45000 | M304: 0 | N304: =L304*K304 -> 18000 | O304: 0 | P304: 45000 | Q304: GSG.01 | R304: 3311 | T304: GSG01 | V304: TRANNTB | W304: TRANNTB
A305: 46035 | B305: =""&DAY(A305)&"/01/2026"&H305 -> 13/01/2026NL300071 | C305: 2601GSG01064 | D305: 1 | E305: NCC100186 | F305: CÔNG TY TNHH NÔNG SẢN THỰC PHẨM TRẦN GIA | G305: GSG01 - Nhập hàng mua ngày 13/01/2026 | H305: NL300071 | I305: Khoai tây củ | J305: kg | K305: 1.3 | L305: 20000 | M305: 0 | N305: =L305*K305 -> 26000 | O305: 0 | P305: 20000 | Q305: GSG.01 | R305: 3311 | T305: GSG01 | V305: TRANNTB | W305: TRANNTB
A306: 46035 | B306: =""&DAY(A306)&"/01/2026"&H306 -> 13/01/2026NL300126 | C306: 2601GSG01064 | D306: 1 | E306: NCC100186 | F306: CÔNG TY TNHH NÔNG SẢN THỰC PHẨM TRẦN GIA | G306: GSG01 - Nhập hàng mua ngày 13/01/2026 | H306: NL300126 | I306: Rau mùi tây | J306: kg | K306: 0.2 | L306: 70000 | M306: 0 | N306: =L306*K306 -> 14000 | O306: 0 | P306: 70000 | Q306: GSG.01 | R306: 3311 | T306: GSG01 | V306: TRANNTB | W306: TRANNTB
A307: 46035 | B307: =""&DAY(A307)&"/01/2026"&H307 -> 13/01/2026NL300070 | C307: 2601GSG01064 | D307: 1 | E307: NCC100186 | F307: CÔNG TY TNHH NÔNG SẢN THỰC PHẨM TRẦN GIA | G307: GSG01 - Nhập hàng mua ngày 13/01/2026 | H307: NL300070 | I307: Khoai lang Nhật | J307: kg | K307: 0.5 | L307: 23000 | M307: 0 | N307: =L307*K307 -> 11500 | O307: 0 | P307: 23000 | Q307: GSG.01 | R307: 3311 | T307: GSG01 | V307: TRANNTB | W307: TRANNTB
A308: 46035 | B308: =""&DAY(A308)&"/01/2026"&H308 -> 13/01/2026NL300053 | C308: 2601GSG01064 | D308: 1 | E308: NCC100186 | F308: CÔNG TY TNHH NÔNG SẢN THỰC PHẨM TRẦN GIA | G308: GSG01 - Nhập hàng mua ngày 13/01/2026 | H308: NL300053 | I308: Gừng ta | J308: kg | K308: 0.5 | L308: 30000 | M308: 0 | N308: =L308*K308 -> 15000 | O308: 0 | P308: 30000 | Q308: GSG.01 | R308: 3311 | T308: GSG01 | V308: TRANNTB | W308: TRANNTB
A309: 46035 | B309: =""&DAY(A309)&"/01/2026"&H309 -> 13/01/2026NL300034 | C309: 2601GSG01064 | D309: 1 | E309: NCC100186 | F309: CÔNG TY TNHH NÔNG SẢN THỰC PHẨM TRẦN GIA | G309: GSG01 - Nhập hàng mua ngày 13/01/2026 | H309: NL300034 | I309: Củ cải đỏ | J309: kg | K309: 0.2 | L309: 40000 | M309: 0 | N309: =L309*K309 -> 8000 | O309: 0 | P309: 40000 | Q309: GSG.01 | R309: 3311 | T309: GSG01 | V309: TRANNTB | W309: TRANNTB
A310: 46035 | B310: =""&DAY(A310)&"/01/2026"&H310 -> 13/01/2026NL300050 | C310: 2601GSG01064 | D310: 1 | E310: NCC100186 | F310: CÔNG TY TNHH NÔNG SẢN THỰC PHẨM TRẦN GIA | G310: GSG01 - Nhập hàng mua ngày 13/01/2026 | H310: NL300050 | I310: Giá đỗ | J310: kg | K310: 0.3 | L310: 9000 | M310: 0 | N310: =L310*K310 -> 2700 | O310: 0 | P310: 9000 | Q310: GSG.01 | R310: 3311 | T310: GSG01 | V310: TRANNTB | W310: TRANNTB
A311: 46035 | B311: =""&DAY(A311)&"/01/2026"&H311 -> 13/01/2026NL300014 | C311: 2601GSG01064 | D311: 1 | E311: NCC100186 | F311: CÔNG TY TNHH NÔNG SẢN THỰC PHẨM TRẦN GIA | G311: GSG01 - Nhập hàng mua ngày 13/01/2026 | H311: NL300014 | I311: Cà chua bi | J311: kg | K311: 0.2 | L311: 55000 | M311: 0 | N311: =L311*K311 -> 11000 | O311: 0 | P311: 55000 | Q311: GSG.01 | R311: 3311 | T311: GSG01 | V311: TRANNTB | W311: TRANNTB
A312: 46035 | B312: =""&DAY(A312)&"/01/2026"&H312 -> 13/01/2026NL300146 | C312: 2601GSG01064 | D312: 1 | E312: NCC100186 | F312: CÔNG TY TNHH NÔNG SẢN THỰC PHẨM TRẦN GIA | G312: GSG01 - Nhập hàng mua ngày 13/01/2026 | H312: NL300146 | I312: Xà lách cuộn | J312: kg | K312: 1.3 | L312: 65000 | M312: 0 | N312: =L312*K312 -> 84500 | O312: 0 | P312: 65000 | Q312: GSG.01 | R312: 3311 | T312: GSG01 | V312: TRANNTB | W312: TRANNTB
A313: 46035 | B313: =""&DAY(A313)&"/01/2026"&H313 -> 13/01/2026NL300061 | C313: 2601GSG01064 | D313: 1 | E313: NCC100186 | F313: CÔNG TY TNHH NÔNG SẢN THỰC PHẨM TRẦN GIA | G313: GSG01 - Nhập hàng mua ngày 13/01/2026 | H313: NL300061 | I313: Hành Paro (Hành Baro) | J313: kg | K313: 0.3 | L313: 38000 | M313: 0 | N313: =L313*K313 -> 11400 | O313: 0 | P313: 38000 | Q313: GSG.01 | R313: 3311 | T313: GSG01 | V313: TRANNTB | W313: TRANNTB
A314: 46035 | B314: =""&DAY(A314)&"/01/2026"&H314 -> 13/01/2026NL300027 | C314: 2601GSG01064 | D314: 1 | E314: NCC100186 | F314: CÔNG TY TNHH NÔNG SẢN THỰC PHẨM TRẦN GIA | G314: GSG01 - Nhập hàng mua ngày 13/01/2026 | H314: NL300027 | I314: Cà rốt | J314: kg | K314: 1 | L314: 18000 | M314: 0 | N314: =L314*K314 -> 18000 | O314: 0 | P314: 18000 | Q314: GSG.01 | R314: 3311 | T314: GSG01 | V314: TRANNTB | W314: TRANNTB
A315: 46035 | B315: =""&DAY(A315)&"/01/2026"&H315 -> 13/01/2026NL300090 | C315: 2601GSG01064 | D315: 1 | E315: NCC100186 | F315: CÔNG TY TNHH NÔNG SẢN THỰC PHẨM TRẦN GIA | G315: GSG01 - Nhập hàng mua ngày 13/01/2026 | H315: NL300090 | I315: Nấm đông cô tươi | J315: kg | K315: 1 | L315: 145000 | M315: 0 | N315: =L315*K315 -> 145000 | O315: 0 | P315: 145000 | Q315: GSG.01 | R315: 3311 | T315: GSG01 | V315: TRANNTB | W315: TRANNTB
... A335: 46036 | B335: =""&DAY(A335)&"/01/2026"&H335 -> 14/01/2026NL300058 | C335: 2601GSG01068 | D335: 1 | E335: NCC100186 | F335: CÔNG TY TNHH NÔNG SẢN THỰC PHẨM TRẦN GIA | G335: GSG01 - Nhập hàng mua ngày 14/01/2026 | H335: NL300058 | I335: Hành lá | J335: kg | K335: 0.2 | L335: 55000 | M335: 0 | N335: =L335*K335 -> 11000 | O335: 0 | P335: 55000 | Q335: GSG.01 | R335: 3311 | T335: GSG01 | V335: TRANNTB | W335: TRANNTB
A336: 46036 | B336: =""&DAY(A336)&"/01/2026"&H336 -> 14/01/2026NL600004 | C336: 2601GSG01068 | D336: 1 | E336: NCC100186 | F336: CÔNG TY TNHH NÔNG SẢN THỰC PHẨM TRẦN GIA | G336: GSG01 - Nhập hàng mua ngày 14/01/2026 | H336: NL600004 | J336: kg | K336: 24 | L336: 18000 | M336: 0 | N336: =L336*K336 -> 432000 | O336: 0 | P336: 55000 | Q336: GSG.01 | R336: 3311 | T336: GSG01 | V336: TRANNTB | W336: TRANNTB
A337: 46036 | B337: =""&DAY(A337)&"/01/2026"&H337 -> 14/01/2026NL300061 | C337: 2601GSG01068 | D337: 1 | E337: NCC100186 | F337: CÔNG TY TNHH NÔNG SẢN THỰC PHẨM TRẦN GIA | G337: GSG01 - Nhập hàng mua ngày 14/01/2026 | H337: NL300061 | I337: Hành Paro (Hành Baro) | J337: kg | K337: 0.3 | L337: 38000 | M337: 0 | N337: =L337*K337 -> 11400 | O337: 0 | P337: 38000 | Q337: GSG.01 | R337: 3311 | T337: GSG01 | V337: TRANNTB | W337: TRANNTB
A338: 46036 | B338: =""&DAY(A338)&"/01/2026"&H338 -> 14/01/2026NL300027 | C338: 2601GSG01068 | D338: 1 | E338: NCC100186 | F338: CÔNG TY TNHH NÔNG SẢN THỰC PHẨM TRẦN GIA | G338: GSG01 - Nhập hàng mua ngày 14/01/2026 | H338: NL300027 | I338: Cà rốt | J338: kg | K338: 1.9 | L338: 18000 | M338: 0 | N338: =L338*K338 -> 34200 | O338: 0 | P338: 18000 | Q338: GSG.01 | R338: 3311 | T338: GSG01 | V338: TRANNTB | W338: TRANNTB
A339: 46036 | B339: =""&DAY(A339)&"/01/2026"&H339 -> 14/01/2026NL300090 | C339: 2601GSG01068 | D339: 1 | E339: NCC100186 | F339: CÔNG TY TNHH NÔNG SẢN THỰC PHẨM TRẦN GIA | G339: GSG01 - Nhập hàng mua ngày 14/01/2026 | H339: NL300090 | I339: Nấm đông cô tươi | J339: kg | K339: 2 | L339: 145000 | M339: 0 | N339: =L339*K339 -> 290000 | O339: 0 | P339: 145000 | Q339: GSG.01 | R339: 3311 | T339: GSG01 | V339: TRANNTB | W339: TRANNTB
A340: 46036 | B340: =""&DAY(A340)&"/01/2026"&H340 -> 14/01/2026NL300038 | C340: 2601GSG01068 | D340: 1 | E340: NCC100186 | F340: CÔNG TY TNHH NÔNG SẢN THỰC PHẨM TRẦN GIA | G340: GSG01 - Nhập hàng mua ngày 14/01/2026 | H340: NL300038 | I340: Đậu bắp | J340: kg | K340: 0.7 | L340: 32000 | M340: 0 | N340: =L340*K340 -> 22400 | O340: 0 | P340: 32000 | Q340: GSG.01 | R340: 3311 | T340: GSG01 | V340: TRANNTB | W340: TRANNTB
A341: 46036 | B341: =""&DAY(A341)&"/01/2026"&H341 -> 14/01/2026NL300107 | C341: 2601GSG01068 | D341: 1 | E341: NCC100186 | F341: CÔNG TY TNHH NÔNG SẢN THỰC PHẨM TRẦN GIA | G341: GSG01 - Nhập hàng mua ngày 14/01/2026 | H341: NL300107 | I341: Ngô ngọt ( Bắp trái) | J341: Cái | K341: 5 | L341: 8500 | M341: 0 | N341: =L341*K341 -> 42500 | O341: 0 | P341: 8500 | Q341: GSG.01 | R341: 3311 | T341: GSG01 | V341: TRANNTB | W341: TRANNTB
A342: 46036 | B342: =""&DAY(A342)&"/01/2026"&H342 -> 14/01/2026NL300008 | C342: 2601GSG01068 | D342: 1 | E342: NCC100186 | F342: CÔNG TY TNHH NÔNG SẢN THỰC PHẨM TRẦN GIA | G342: GSG01 - Nhập hàng mua ngày 14/01/2026 | H342: NL300008 | I342: Bí ngòi | J342: kg | K342: 0.8 | L342: 40000 | M342: 0 | N342: =L342*K342 -> 32000 | O342: 0 | P342: 40000 | Q342: GSG.01 | R342: 3311 | T342: GSG01 | V342: TRANNTB | W342: TRANNTB
A343: 46036 | B343: =""&DAY(A343)&"/01/2026"&H343 -> 14/01/2026NL300119 | C343: 2601GSG01068 | D343: 1 | E343: NCC100186 | F343: CÔNG TY TNHH NÔNG SẢN THỰC PHẨM TRẦN GIA | G343: GSG01 - Nhập hàng mua ngày 14/01/2026 | H343: NL300119 | I343: Quất ( Tắc trái ) | J343: kg | K343: 0.4 | L343: 21000 | M343: 0 | N343: =L343*K343 -> 8400 | O343: 0 | P343: 21000 | Q343: GSG.01 | R343: 3311 | T343: GSG01 | V343: TRANNTB | W343: TRANNTB
A344: 46036 | B344: =""&DAY(A344)&"/01/2026"&H344 -> 14/01/2026NL300113 | C344: 2601GSG01068 | D344: 1 | E344: NCC100186 | F344: CÔNG TY TNHH NÔNG SẢN THỰC PHẨM TRẦN GIA | G344: GSG01 - Nhập hàng mua ngày 14/01/2026 | H344: NL300113 | I344: Ớt hiểm đỏ | J344: kg | K344: 0.2 | L344: 145000 | M344: 0 | N344: =L344*K344 -> 29000 | O344: 0 | P344: 145000 | Q344: GSG.01 | R344: 3311 | T344: GSG01 | V344: TRANNTB | W344: TRANNTB
A345: 46036 | B345: =""&DAY(A345)&"/01/2026"&H345 -> 14/01/2026NL300080 | C345: 2601GSG01068 | D345: 1 | E345: NCC100186 | F345: CÔNG TY TNHH NÔNG SẢN THỰC PHẨM TRẦN GIA | G345: GSG01 - Nhập hàng mua ngày 14/01/2026 | H345: NL300080 | I345: Lá vừng Hàn Quốc - Lá kê nhíp | J345: kg | K345: 1 | L345: 95000 | M345: 0 | N345: =L345*K345 -> 95000 | O345: 0 | P345: 95000 | Q345: GSG.01 | R345: 3311 | T345: GSG01 | V345: TRANNTB | W345: TRANNTB
A346: 46036 | B346: =""&DAY(A346)&"/01/2026"&H346 -> 14/01/2026NL300145 | C346: 2601GSG01068 | D346: 1 | E346: NCC100186 | F346: CÔNG TY TNHH NÔNG SẢN THỰC PHẨM TRẦN GIA | G346: GSG01 - Nhập hàng mua ngày 14/01/2026 | H346: NL300145 | I346: Xà lách | J346: kg | K346: 2 | L346: 38000 | M346: 0 | N346: =L346*K346 -> 76000 | O346: 0 | P346: 38000 | Q346: GSG.01 | R346: 3311 | T346: GSG01 | V346: TRANNTB | W346: TRANNTB
A347: 46036 | B347: =""&DAY(A347)&"/01/2026"&H347 -> 14/01/2026NL300142 | C347: 2601GSG01068 | D347: 1 | E347: NCC100186 | F347: CÔNG TY TNHH NÔNG SẢN THỰC PHẨM TRẦN GIA | G347: GSG01 - Nhập hàng mua ngày 14/01/2026 | H347: NL300142 | I347: Tỏi bóc | J347: kg | K347: 0.3 | L347: 50000 | M347: 0 | N347: =L347*K347 -> 15000 | O347: 0 | P347: 50000 | Q347: GSG.01 | R347: 3311 | T347: GSG01 | V347: TRANNTB | W347: TRANNTB
A348: 46036 | B348: =""&DAY(A348)&"/01/2026"&H348 -> 14/01/2026NL300033 | C348: 2601GSG01068 | D348: 1 | E348: NCC100186 | F348: CÔNG TY TNHH NÔNG SẢN THỰC PHẨM TRẦN GIA | G348: GSG01 - Nhập hàng mua ngày 14/01/2026 | H348: NL300033 | I348: Củ cải trắng | J348: kg | K348: 1.8 | L348: 13000 | M348: 0 | N348: =L348*K348 -> 23400 | O348: 0 | P348: 13000 | Q348: GSG.01 | R348: 3311 | T348: GSG01 | V348: TRANNTB | W348: TRANNTB
... A372: 46037 | B372: =""&DAY(A372)&"/01/2026"&H372 -> 15/01/2026NL300116 | C372: 2601GSG01074 | D372: 1 | E372: NCC100186 | F372: CÔNG TY TNHH NÔNG SẢN THỰC PHẨM TRẦN GIA | G372: GSG01 - Nhập hàng mua ngày 15/01/2026 | H372: NL300116 | I372: Ớt sừng | J372: kg | K372: 0.3 | L372: 148000 | M372: 0 | N372: =L372*K372 -> 44400 | O372: 0 | P372: 148000 | Q372: GSG.01 | R372: 3311 | T372: GSG01 | V372: TRANNTB | W372: TRANNTB

Sheet mã
A1: STT | B1: Mã TG | C1: Mã hàng | D1: Tên mặt hàng | E1: Đvt | F1: GIÁ CHỐT
A2: 1 | B2: I100258 | C2: NL430151 | D2: Bánh canh NV | E2: kg | F2: =+VLOOKUP(C2,[1]Sheet1!A$2:D$168,4,0) -> 20000
A3: 2 | B3: I100252 | C3: NL300002 | D3: Bánh phở | E3: kg | F3: =+VLOOKUP(C3,[1]Sheet1!A$2:D$168,4,0) -> 16000
A4: 3 | B4: I100002 | C4: NL300003 | D4: Bắp cải tím | E4: kg | F4: =+VLOOKUP(C4,[1]Sheet1!A$2:D$168,4,0) -> 26000
A5: 4 | B5: I100003 | C5: NL300004 | D5: Bắp cải trắng | E5: kg | F5: =+VLOOKUP(C5,[1]Sheet1!A$2:D$168,4,0) -> 19000
A6: 5 | B6: I100010 | C6: NL300174 | D6: Bầu | E6: kg | F6: =+VLOOKUP(C6,[1]Sheet1!A$2:D$168,4,0) -> 24000
A7: 6 | B7: I100010 | C7: NL430005 | D7: Bầu NV | E7: kg | F7: =+VLOOKUP(C7,[1]Sheet1!A$2:D$168,4,0) -> #N/A
A8: 7 | B8: I100017 | C8: NL430006 | D8: Bí bao tử NV | E8: kg | F8: =+VLOOKUP(C8,[1]Sheet1!A$2:D$168,4,0) -> #N/A
A9: 8 | B9: I100012 | C9: NL300007 | D9: Bí đỏ | E9: kg | F9: =+VLOOKUP(C9,[1]Sheet1!A$2:D$168,4,0) -> 30000
A10: 9 | B10: I100016 | C10: NL300008 | D10: Bí ngòi | E10: kg | F10: =+VLOOKUP(C10,[1]Sheet1!A$2:D$168,4,0) -> 40000
A11: 10 | B11: I100017 | C11: NL300009 | D11: Bí nụ | E11: kg | F11: =+VLOOKUP(C11,[1]Sheet1!A$2:D$168,4,0) -> #N/A
A12: 11 | B12: I100011 | C12: NL430009 | D12: Bí xanh NV | E12: kg | F12: =+VLOOKUP(C12,[1]Sheet1!A$2:D$168,4,0) -> 28000
A13: 12 | B13: I100025 | C13: NL300015 | D13: Bông cải xanh Baby | E13: kg | F13: =+VLOOKUP(C13,[1]Sheet1!A$2:D$168,4,0) -> #N/A
... A125: 125 | B125: I100565 | C125: NL410042 | D125: gà nhân viên | E125: kg | F125: =+VLOOKUP(C125,[1]Sheet1!A$2:D$168,4,0) -> #N/A
A126: 126 | B126: #N/A | C126: NL430061 | D126: húng chó | E126: kg | F126: =+VLOOKUP(C126,[1]Sheet1!A$2:D$168,4,0) -> 65000
A127: 127 | B127: #N/A | C127: NL410099 | D127: tim gà | E127: kg | F127: =+VLOOKUP(C127,[1]Sheet1!A$2:D$168,4,0) -> #N/A
A128: 128 | B128: #N/A | C128: NL410051 | D128: lòng già | E128: kg | F128: =+VLOOKUP(C128,[1]Sheet1!A$2:D$168,4,0) -> #N/A
A129: 129 | B129: I100604 | C129: NL410053 | D129: Lòng mề gà NV | E129: kg | F129: =+VLOOKUP(C129,[1]Sheet1!A$2:D$168,4,0) -> #N/A
A130: 130 | B130: I100145 | C130: NL430082 | D130: Măng củ NV | E130: kg | F130: =+VLOOKUP(C130,[1]Sheet1!A$2:D$168,4,0) -> #N/A
A131: 131 | B131: I100143 | C131: NL430083 | D131: Măng lá NV | E131: kg | F131: =+VLOOKUP(C131,[1]Sheet1!A$2:D$168,4,0) -> #N/A
A132: 132 | B132: I100359 | C132: NL430081 | D132: Mắm tôm | E132: lọ | F132: =+VLOOKUP(C132,[1]Sheet1!A$2:D$168,4,0) -> #N/A
A133: 133 | B133: I100358 | C133: NL430080 | D133: Mắm ruốc | E133: lọ | F133: =+VLOOKUP(C133,[1]Sheet1!A$2:D$168,4,0) -> #N/A
A134: 134 | B134: I100761 | C134: NL300175 | D134: Mẻ chua | E134: kg | F134: =+VLOOKUP(C134,[1]Sheet1!A$2:D$168,4,0) -> #N/A
A135: 135 | B135: I100147 | C135: NL420028 | D135: Me vàng NV | E135: kg | F135: =+VLOOKUP(C135,[1]Sheet1!A$2:D$168,4,0) -> #N/A
A136: 136 | B136: I100150 | C136: NL300084 | D136: Mồng tơi nhặt | E136: kg | F136: =+VLOOKUP(C136,[1]Sheet1!A$2:D$168,4,0) -> 22000
A137: 137 | B137: I100156 | C137: NL300085 | D137: Mùi ta ( Ngò rí ) | E137: kg | F137: =+VLOOKUP(C137,[1]Sheet1!A$2:D$168,4,0) -> 45000
A138: 138 | B138: I100243 | C138: NL420030 | D138: Mộc nhĩ NV | E138: kg | F138: =+VLOOKUP(C138,[1]Sheet1!A$2:D$168,4,0) -> #N/A
A139: 139 | B139: I100154 | C139: NL300086 | D139: Mùi tàu ( Ngò gai ) | E139: kg | F139: =+VLOOKUP(C139,[1]Sheet1!A$2:D$168,4,0) -> 33000
A140: 140 | B140: I100118 | C140: NL430092 | D140: Mướp đắng NV ( Khổ qua NV ) | E140: kg | F140: =+VLOOKUP(C140,[1]Sheet1!A$2:D$168,4,0) -> 30000
... A220: 219 | B220: I100206 | C220: NL300148 | D220: Xà lách tím | E220: kg | F220: =+VLOOKUP(C220,[1]Sheet1!A$2:D$168,4,0) -> 65000
B221: I100024 | C221: NL300137 | D221: Súp lơ xanh | E221: kg | F221: =+VLOOKUP(C221,[1]Sheet1!A$2:D$168,4,0) -> 52000
B222: I100653 | C222: NL300230 | D222: Cải Mầm | E222: kg | F222: =+VLOOKUP(C222,[1]Sheet1!A$2:D$168,4,0) -> 80000
B223: I100094 | C223: NL300050 | D223: Giá đỗ | E223: kg | F223: =+VLOOKUP(C223,[1]Sheet1!A$2:D$168,4,0) -> 9000
C224: NL300071 | D224: Khoai tây củ | E224: kg | F224: =+VLOOKUP(C224,[1]Sheet1!A$2:D$168,4,0) -> 20000
C225: NL300232 | D225: Xà lách thủy tinh | E225: kg | F225: 68000
