Workbook

Sheet BÒ BÌNH THẠNH
D2: CÔNG TY TNHH NÔNG SẢN THỰC PHẨM TRẦN GIA HTX: Ấp Lộc Tiến, Xã Mỹ Lộc, Huyện Cần Giuộc, Tỉnh Long An VP: Tòa nhà An Phú Plaza, 117-119 Lý Chính Thắng, P.7. Q.3, TP.HCM Kho sơ chế: 30 Kha Vạn Cân, P. Hiệp Bình Chánh, TP.Thủ Đức, TP.HCM Kho Đà Lạt: 69 Trần Thủ Độ, TT Liên Nghĩa, Huyện Đức Trọng, Tỉnh Lâm Đồng. Website: rausachtrangia.com - Hotline: 090.245.8081
A4: CHI TIẾT ĐỐI CHIẾU CÔNG NỢ
A6: Từ ngày 1 tháng 01 đến ngày 15 tháng 01 năm 2026
A8: Tên Khách hàng: BÒ TƠ BÌNH THẠNH
A10: Địa chỉ:
A12: Người liên hệ: Email:
J13: =SUBTOTAL(9,J15:J757) -> 40653170 | N13: =SUBTOTAL(9,N15:N987) -> 1209.11 | O13: =N13-Sheet3!M5 -> 0 | Q13: =SUBTOTAL(9,Q15:Q987) -> 28479250 | R13: =Q13-Sheet3!P5 -> 0
A14: NGÀY | B14: MÃ KHÁCH HÀNG | C14: TÊN KHÁCH HÀNG | D14: MÃ ĐƠN HÀNG | E14: MÃ HÀNG | F14: TÊN HÀNG | G14: ĐVT | H14: SỐ LƯỢNG | I14: ĐƠN GIÁ | J14: THÀNH TIỀN | K14: GHI CHÚ | N14: Thực nhận | O14: lệch | P14: Giá chốt | Q14: Tổng | R14: Lệch
A15: 01/01/2026 | B15: TG-KS00197 | C15: BÒ TƠ BÌNH THẠNH | D15: TG-AA20656 | E15: I100002 | F15: Bắp cải tím | G15: Kg | H15: 3.7 | I15: 26000 | J15: =H15*I15 -> 96200 | L15: =VLOOKUP(F15,[1]Sheet1!$D:$J,7,0) -> NL300003 | M15: =A15&L15 -> 01/01/2026NL300003 | N15: =VLOOKUP(M15,Sheet3!I:P,5,0) -> 3.4 | O15: =H15-N15 -> 0.3 | P15: =VLOOKUP(L15,[2]Sheet1!$I:$M,5,0) -> 26000 | Q15: =N15*P15 -> 88400 | R15: =J15-Q15 -> 7800
A16: 01/01/2026 | B16: TG-KS00197 | C16: BÒ TƠ BÌNH THẠNH | D16: TG-AA20656 | E16: I100003 | F16: Bắp cải trắng | G16: Kg | H16: 4.2 | I16: 19000 | J16: =H16*I16 -> 79800 | L16: =VLOOKUP(F16,[1]Sheet1!$D:$J,7,0) -> NL300004 | M16: =A16&L16 -> 01/01/2026NL300004 | N16: =VLOOKUP(M16,Sheet3!I:P,5,0) -> 4 | O16: =H16-N16 -> 0.2 | P16: =VLOOKUP(L16,[2]Sheet1!$I:$M,5,0) -> 19000 | Q16: =N16*P16 -> 76000 | R16: =J16-Q16 -> 3800
A17: 01/01/2026 | B17: TG-KS00197 | C17: BÒ TƠ BÌNH THẠNH | D17: TG-AA20656 | E17: I100004 | F17: Bắp chuối bào | G17: Kg | H17: 0.5 | I17: 33000 | J17: =H17*I17 -> 16500 | L17: =VLOOKUP(F17,[1]Sheet1!$D:$J,7,0) -> NL300060 | M17: =A17&L17 -> 01/01/2026NL300060 | N17: =VLOOKUP(M17,Sheet3!I:P,5,0) -> 0.5 | O17: =H17-N17 -> 0 | P17: =VLOOKUP(L17,[2]Sheet1!$I:$M,5,0) -> 33000 | Q17: =N17*P17 -> 16500 | R17: =J17-Q17 -> 0
A18: 01/01/2026 | B18: TG-KS00197 | C18: BÒ TƠ BÌNH THẠNH | D18: TG-AA20738 | E18: I100004 | F18: Bắp chuối bào | G18: Kg | H18: 0.2 | I18: 33000 | J18: =H18*I18 -> 6600 | L18: =VLOOKUP(F18,[1]Sheet1!$D:$J,7,0) -> NL300060 | M18: =A18&L18 -> 01/01/2026NL300060 | N18: 0.2 | O18: =H18-N18 -> 0 | P18: =VLOOKUP(L18,[2]Sheet1!$I:$M,5,0) -> 33000 | Q18: =N18*P18 -> 6600 | R18: =J18-Q18 -> 0
A19: 01/01/2026 | B19: TG-KS00197 | C19: BÒ TƠ BÌNH THẠNH | D19: TG-AA20656 | E19: I100008 | F19: Bắp mỹ trái (Loại 1) | G19: Trái | H19: 4 | I19: 8500 | J19: =H19*I19 -> 34000 | L19: =VLOOKUP(F19,[1]Sheet1!$D:$J,7,0) -> NL300107 | M19: =A19&L19 -> 01/01/2026NL300107 | N19: =VLOOKUP(M19,Sheet3!I:P,5,0) -> 4 | O19: =H19-N19 -> 0 | P19: =VLOOKUP(L19,[2]Sheet1!$I:$M,5,0) -> 8500 | Q19: =N19*P19 -> 34000 | R19: =J19-Q19 -> 0
A20: 01/01/2026 | B20: TG-KS00197 | C20: BÒ TƠ BÌNH THẠNH | D20: TG-AA20738 | E20: I100008 | F20: Bắp mỹ trái (Loại 1) | G20: Trái | H20: 4 | I20: 8500 | J20: =H20*I20 -> 34000 | L20: =VLOOKUP(F20,[1]Sheet1!$D:$J,7,0) -> NL300107 | M20: =A20&L20 -> 01/01/2026NL300107 | N20: =VLOOKUP(M20,Sheet3!I:P,5,0) -> 4 | O20: =H20-N20 -> 0 | P20: =VLOOKUP(L20,[2]Sheet1!$I:$M,5,0) -> 8500 | Q20: =N20*P20 -> 34000 | R20: =J20-Q20 -> 0
A21: 01/01/2026 | B21: TG-KS00197 | C21: BÒ TƠ BÌNH THẠNH | D21: TG-AA20656 | E21: I100010 | F21: Bầu xanh | G21: Kg | H21: 7.2 | I21: 24000 | J21: =H21*I21 -> 172800 | L21: =VLOOKUP(F21,[1]Sheet1!$D:$J,7,0) -> NL300174 | M21: =A21&L21 -> 01/01/2026NL300174 | N21: =VLOOKUP(M21,Sheet3!I:P,5,0) -> 7 | O21: =H21-N21 -> 0.2 | P21: =VLOOKUP(L21,[2]Sheet1!$I:$M,5,0) -> 24000 | Q21: =N21*P21 -> 168000 | R21: =J21-Q21 -> 4800
A22: 01/01/2026 | B22: TG-KS00197 | C22: BÒ TƠ BÌNH THẠNH | D22: TG-AA20656 | E22: I100018 | F22: Bó xôi (Nhà Lồng) | G22: Kg | H22: 6 | I22: 45000 | J22: =H22*I22 -> 270000 | L22: =VLOOKUP(F22,[1]Sheet1!$D:$J,7,0) -> NL300203 | M22: =A22&L22 -> 01/01/2026NL300203 | N22: =VLOOKUP(M22,Sheet3!I:P,5,0) -> 6 | O22: =H22-N22 -> 0 | P22: =VLOOKUP(L22,[2]Sheet1!$I:$M,5,0) -> 45000 | Q22: =N22*P22 -> 270000 | R22: =J22-Q22 -> 0
A23: 01/01/2026 | B23: TG-KS00197 | C23: BÒ TƠ BÌNH THẠNH | D23: TG-AA20656 | E23: I100024 | F23: Bông cải xanh | G23: Kg | H23: 3 | I23: 52000 | J23: =H23*I23 -> 156000 | L23: =VLOOKUP(F23,[1]Sheet1!$D:$J,7,0) -> NL300137 | M23: =A23&L23 -> 01/01/2026NL300137 | N23: =VLOOKUP(M23,Sheet3!I:P,5,0) -> 3 | O23: =H23-N23 -> 0 | P23: =VLOOKUP(L23,[2]Sheet1!$I:$M,5,0) -> 52000 | Q23: =N23*P23 -> 156000 | R23: =J23-Q23 -> 0
A24: 01/01/2026 | B24: TG-KS00197 | C24: BÒ TƠ BÌNH THẠNH | D24: TG-AA20656 | E24: I100031 | F24: Bông súng | G24: Kg | H24: 0.8 | I24: 17000 | J24: =H24*I24 -> 13600 | L24: =VLOOKUP(F24,[1]Sheet1!$D:$J,7,0) -> NL300011 | M24: =A24&L24 -> 01/01/2026NL300011 | N24: =VLOOKUP(M24,Sheet3!I:P,5,0) -> 0.8 | O24: =H24-N24 -> 0 | P24: =VLOOKUP(L24,[2]Sheet1!$I:$M,5,0) -> 17000 | Q24: =N24*P24 -> 13600 | R24: =J24-Q24 -> 0
A25: 01/01/2026 | B25: TG-KS00197 | C25: BÒ TƠ BÌNH THẠNH | D25: TG-AA20656 | E25: I100034 | F25: Cà chua | G25: Kg | H25: 5 | I25: 50000 | J25: =H25*I25 -> 250000 | L25: =VLOOKUP(F25,[1]Sheet1!$D:$J,7,0) -> NL300013 | M25: =A25&L25 -> 01/01/2026NL300013 | N25: 0 | O25: =H25-N25 -> 5 | P25: =VLOOKUP(L25,[2]Sheet1!$I:$M,5,0) -> 50000 | Q25: =N25*P25 -> 0 | R25: =J25-Q25 -> 250000
A26: 01/01/2026 | B26: TG-KS00197 | C26: BÒ TƠ BÌNH THẠNH | D26: TG-AA20656 | E26: I100033 | F26: Cà chua bi | G26: Kg | H26: 1.5 | I26: 55000 | J26: =H26*I26 -> 82500 | L26: =VLOOKUP(F26,[1]Sheet1!$D:$J,7,0) -> NL300014 | M26: =A26&L26 -> 01/01/2026NL300014 | N26: =VLOOKUP(M26,Sheet3!I:P,5,0) -> 1.4 | O26: =H26-N26 -> 0.1 | P26: =VLOOKUP(L26,[2]Sheet1!$I:$M,5,0) -> 55000 | Q26: =N26*P26 -> 77000 | R26: =J26-Q26 -> 5500
A27: 01/01/2026 | B27: TG-KS00197 | C27: BÒ TƠ BÌNH THẠNH | D27: TG-AA20656 | E27: I100039 | F27: Cà rốt | G27: Kg | H27: 5.5 | I27: 18000 | J27: =H27*I27 -> 99000 | L27: =VLOOKUP(F27,[1]Sheet1!$D:$J,7,0) -> NL300027 | M27: =A27&L27 -> 01/01/2026NL300027 | N27: =VLOOKUP(M27,Sheet3!I:P,5,0) -> 4.8 | O27: =H27-N27 -> 0.7 | P27: =VLOOKUP(L27,[2]Sheet1!$I:$M,5,0) -> 18000 | Q27: =N27*P27 -> 86400 | R27: =J27-Q27 -> 12600
A28: 01/01/2026 | B28: TG-KS00197 | C28: BÒ TƠ BÌNH THẠNH | D28: TG-AA20656 | E28: I100073 | F28: Củ sắn | G28: Kg | H28: 0.5 | I28: 12000 | J28: =H28*I28 -> 6000 | L28: =VLOOKUP(F28,[1]Sheet1!$D:$J,7,0) -> NL300188 | M28: =A28&L28 -> 01/01/2026NL300188 | N28: =VLOOKUP(M28,Sheet3!I:P,5,0) -> 0.4 | O28: =H28-N28 -> 0.1 | P28: =VLOOKUP(L28,[2]Sheet1!$I:$M,5,0) -> 12000 | Q28: =N28*P28 -> 4800 | R28: =J28-Q28 -> 1200
A29: 01/01/2026 | B29: TG-KS00291 | C29: BÒ TƠ BÌNH THẠNH (BAR) | D29: TG-AA20627 | E29: I100060 | F29: Chanh không hạt | G29: Kg | H29: 1.5 | I29: 22000 | J29: =H29*I29 -> 33000 | L29: =VLOOKUP(F29,[1]Sheet1!$D:$J,7,0) -> NL300029 | M29: =A29&L29 -> 01/01/2026NL300029 | N29: 0 | O29: =H29-N29 -> 1.5 | P29: =VLOOKUP(L29,[2]Sheet1!$I:$M,5,0) -> 22000 | Q29: =N29*P29 -> 0 | R29: =J29-Q29 -> 33000
A30: 01/01/2026 | B30: TG-KS00291 | C30: BÒ TƠ BÌNH THẠNH (BAR) | D30: TG-AA20627 | E30: I100479 | F30: Dưa hấu | G30: Kg | H30: 3.3 | I30: 18000 | J30: =H30*I30 -> 59400 | L30: =VLOOKUP(F30,[1]Sheet1!$D:$J,7,0) -> NL600004 | M30: =A30&L30 -> 01/01/2026NL600004 | N30: 0 | O30: =H30-N30 -> 3.3 | P30: =VLOOKUP(L30,[2]Sheet1!$I:$M,5,0) -> 18000 | Q30: =N30*P30 -> 0 | R30: =J30-Q30 -> 59400
A31: 01/01/2026 | B31: TG-KS00197 | C31: BÒ TƠ BÌNH THẠNH | D31: TG-AA20656 | E31: I100089 | F31: Dưa leo | G31: Kg | H31: 5 | I31: 18000 | J31: =H31*I31 -> 90000 | L31: =VLOOKUP(F31,[1]Sheet1!$D:$J,7,0) -> NL300048 | M31: =A31&L31 -> 01/01/2026NL300048 | N31: =VLOOKUP(M31,Sheet3!I:P,5,0) -> 4.8 | O31: =H31-N31 -> 0.2 | P31: =VLOOKUP(L31,[2]Sheet1!$I:$M,5,0) -> 18000 | Q31: =N31*P31 -> 86400 | R31: =J31-Q31 -> 3600
A32: 01/01/2026 | B32: TG-KS00197 | C32: BÒ TƠ BÌNH THẠNH | D32: TG-AA20656 | E32: I100075 | F32: Đậu bắp | G32: Kg | H32: 2 | I32: 32000 | J32: =H32*I32 -> 64000 | L32: =VLOOKUP(F32,[1]Sheet1!$D:$J,7,0) -> NL300038 | M32: =A32&L32 -> 01/01/2026NL300038 | N32: =VLOOKUP(M32,Sheet3!I:P,5,0) -> 1.8 | O32: =H32-N32 -> 0.2 | P32: =VLOOKUP(L32,[2]Sheet1!$I:$M,5,0) -> 32000 | Q32: =N32*P32 -> 57600 | R32: =J32-Q32 -> 6400
A33: 01/01/2026 | B33: TG-KS00197 | C33: BÒ TƠ BÌNH THẠNH | D33: TG-AA20656 | E33: I100077 | F33: Đậu cove Pháp (Nhật) | G33: Kg | H33: 0.1 | I33: 75000 | J33: =H33*I33 -> 7500 | L33: =VLOOKUP(F33,[1]Sheet1!$D:$J,7,0) -> NL300156 | M33: =A33&L33 -> 01/01/2026NL300156 | N33: =VLOOKUP(M33,Sheet3!I:P,5,0) -> 0.1 | O33: =H33-N33 -> 0 | P33: =VLOOKUP(L33,[2]Sheet1!$I:$M,5,0) -> 75000 | Q33: =N33*P33 -> 7500 | R33: =J33-Q33 -> 0
A34: 01/01/2026 | B34: TG-KS00197 | C34: BÒ TƠ BÌNH THẠNH | D34: TG-AA20656 | E34: I100260 | F34: Đậu hủ miếng trắng | G34: Miếng | H34: 60 | I34: 4000 | J34: =H34*I34 -> 240000 | L34: =VLOOKUP(F34,[1]Sheet1!$D:$J,7,0) -> NL300037 | M34: =A34&L34 -> 01/01/2026NL300037 | N34: =VLOOKUP(M34,Sheet3!I:P,5,0) -> 60 | O34: =H34-N34 -> 0 | P34: =VLOOKUP(L34,[2]Sheet1!$I:$M,5,0) -> 4000 | Q34: =N34*P34 -> 240000 | R34: =J34-Q34 -> 0
A35: 01/01/2026 | B35: TG-KS00197 | C35: BÒ TƠ BÌNH THẠNH | D35: TG-AA20656 | E35: I100088 | F35: Đu đủ trái xanh | G35: Kg | H35: 2 | I35: 9000 | J35: =H35*I35 -> 18000 | L35: =VLOOKUP(F35,[1]Sheet1!$D:$J,7,0) -> NL300049 | M35: =A35&L35 -> 01/01/2026NL300049 | N35: =VLOOKUP(M35,Sheet3!I:P,5,0) -> 1.9 | O35: =H35-N35 -> 0.1 | P35: =VLOOKUP(L35,[2]Sheet1!$I:$M,5,0) -> 9000 | Q35: =N35*P35 -> 17100 | R35: =J35-Q35 -> 900
A36: 01/01/2026 | B36: TG-KS00197 | C36: BÒ TƠ BÌNH THẠNH | D36: TG-AA20656 | E36: I100098 | F36: Hành lá | G36: Kg | H36: 1.1 | I36: 55000 | J36: =H36*I36 -> 60500 | L36: =VLOOKUP(F36,[1]Sheet1!$D:$J,7,0) -> NL300058 | M36: =A36&L36 -> 01/01/2026NL300058 | N36: =VLOOKUP(M36,Sheet3!I:P,5,0) -> 1 | O36: =H36-N36 -> 0.1 | P36: =VLOOKUP(L36,[2]Sheet1!$I:$M,5,0) -> 55000 | Q36: =N36*P36 -> 55000 | R36: =J36-Q36 -> 5500
A37: 01/01/2026 | B37: TG-KS00197 | C37: BÒ TƠ BÌNH THẠNH | D37: TG-AA20656 | E37: I100101 | F37: Hành tây | G37: Kg | H37: 2.2 | I37: 13000 | J37: =H37*I37 -> 28600 | L37: =VLOOKUP(F37,[1]Sheet1!$D:$J,7,0) -> NL300059 | M37: =A37&L37 -> 01/01/2026NL300059 | N37: =VLOOKUP(M37,Sheet3!I:P,5,0) -> 2 | O37: =H37-N37 -> 0.2 | P37: =VLOOKUP(L37,[2]Sheet1!$I:$M,5,0) -> 13000 | Q37: =N37*P37 -> 26000 | R37: =J37-Q37 -> 2600
A38: 01/01/2026 | B38: TG-KS00197 | C38: BÒ TƠ BÌNH THẠNH | D38: TG-AA20656 | E38: I100730 | F38: Hành tím bắc lột | G38: Kg | H38: 2 | I38: 80000 | J38: =H38*I38 -> 160000 | L38: =VLOOKUP(F38,[1]Sheet1!$D:$J,7,0) -> NL300055 | M38: =A38&L38 -> 01/01/2026NL300055 | N38: =VLOOKUP(M38,Sheet3!I:P,5,0) -> 2 | O38: =H38-N38 -> 0 | P38: =VLOOKUP(L38,[2]Sheet1!$I:$M,5,0) -> 80000 | Q38: =N38*P38 -> 160000 | R38: =J38-Q38 -> 0
A39: 01/01/2026 | B39: TG-KS00197 | C39: BÒ TƠ BÌNH THẠNH | D39: TG-AA20656 | E39: I100111 | F39: Hẹ lá | G39: Kg | H39: 1.3 | I39: 38000 | J39: =H39*I39 -> 49400 | L39: =VLOOKUP(F39,[1]Sheet1!$D:$J,7,0) -> NL300076 | M39: =A39&L39 -> 01/01/2026NL300076 | N39: =VLOOKUP(M39,Sheet3!I:P,5,0) -> 1 | O39: =H39-N39 -> 0.3 | P39: =VLOOKUP(L39,[2]Sheet1!$I:$M,5,0) -> 38000 | Q39: =N39*P39 -> 38000 | R39: =J39-Q39 -> 11400
A40: 01/01/2026 | B40: TG-KS00197 | C40: BÒ TƠ BÌNH THẠNH | D40: TG-AA20656 | E40: I100112 | F40: Húng cây | G40: Kg | H40: 2.8 | I40: 48000 | J40: =H40*I40 -> 134400 | L40: =VLOOKUP(F40,[1]Sheet1!$D:$J,7,0) -> NL300063 | M40: =A40&L40 -> 01/01/2026NL300063 | N40: =VLOOKUP(M40,Sheet3!I:P,5,0) -> 2.8 | O40: =H40-N40 -> 0 | P40: =VLOOKUP(L40,[2]Sheet1!$I:$M,5,0) -> 48000 | Q40: =N40*P40 -> 134400 | R40: =J40-Q40 -> 0
A41: 01/01/2026 | B41: TG-KS00197 | C41: BÒ TƠ BÌNH THẠNH | D41: TG-AA20738 | E41: I100112 | F41: Húng cây | G41: Kg | H41: 2.4 | I41: 48000 | J41: =H41*I41 -> 115200 | L41: =VLOOKUP(F41,[1]Sheet1!$D:$J,7,0) -> NL300063 | M41: =A41&L41 -> 01/01/2026NL300063 | N41: 1.8 | O41: =H41-N41 -> 0.6 | P41: =VLOOKUP(L41,[2]Sheet1!$I:$M,5,0) -> 48000 | Q41: =N41*P41 -> 86400 | R41: =J41-Q41 -> 28800
A42: 01/01/2026 | B42: TG-KS00197 | C42: BÒ TƠ BÌNH THẠNH | D42: TG-AA20738 | E42: I100113 | F42: Húng lũi | G42: Kg | H42: 1 | I42: 65000 | J42: =H42*I42 -> 65000 | L42: =VLOOKUP(F42,[1]Sheet1!$D:$J,7,0) -> NL300062 | M42: =A42&L42 -> 01/01/2026NL300062 | N42: =VLOOKUP(M42,Sheet3!I:P,5,0) -> 0.9 | O42: =H42-N42 -> 0.1 | P42: =VLOOKUP(L42,[2]Sheet1!$I:$M,5,0) -> 65000 | Q42: =N42*P42 -> 58500 | R42: =J42-Q42 -> 6500
A43: 01/01/2026 | B43: TG-KS00291 | C43: BÒ TƠ BÌNH THẠNH (BAR) | D43: TG-AA20627 | E43: I100113 | F43: Húng lũi | G43: Kg | H43: 1 | I43: 65000 | J43: =H43*I43 -> 65000 | L43: =VLOOKUP(F43,[1]Sheet1!$D:$J,7,0) -> NL300062 | M43: =A43&L43 -> 01/01/2026NL300062 | N43: 0 | O43: =H43-N43 -> 1 | P43: =VLOOKUP(L43,[2]Sheet1!$I:$M,5,0) -> 65000 | Q43: =N43*P43 -> 0 | R43: =J43-Q43 -> 65000
A44: 01/01/2026 | B44: TG-KS00197 | C44: BÒ TƠ BÌNH THẠNH | D44: TG-AA20656 | E44: I100115 | F44: Kèo nèo | G44: Kg | H44: 0.7 | I44: 25000 | J44: =H44*I44 -> 17500 | L44: =VLOOKUP(F44,[1]Sheet1!$D:$J,7,0) -> NL300067 | M44: =A44&L44 -> 01/01/2026NL300067 | N44: =VLOOKUP(M44,Sheet3!I:P,5,0) -> 0.7 | O44: =H44-N44 -> 0 | P44: =VLOOKUP(L44,[2]Sheet1!$I:$M,5,0) -> 25000 | Q44: =N44*P44 -> 17500 | R44: =J44-Q44 -> 0
A45: 01/01/2026 | B45: TG-KS00197 | C45: BÒ TƠ BÌNH THẠNH | D45: TG-AA20738 | E45: I100115 | F45: Kèo nèo | G45: Kg | H45: 0.9 | I45: 25000 | J45: =H45*I45 -> 22500 | L45: =VLOOKUP(F45,[1]Sheet1!$D:$J,7,0) -> NL300067 | M45: =A45&L45 -> 01/01/2026NL300067 | N45: 0.8 | O45: =H45-N45 -> 0.1 | P45: =VLOOKUP(L45,[2]Sheet1!$I:$M,5,0) -> 25000 | Q45: =N45*P45 -> 20000 | R45: =J45-Q45 -> 2500
A46: 01/01/2026 | B46: TG-KS00197 | C46: BÒ TƠ BÌNH THẠNH | D46: TG-AA20656 | E46: I100116 | F46: Khế xanh | G46: Kg | H46: 0.3 | I46: 35000 | J46: =H46*I46 -> 10500 | L46: =VLOOKUP(F46,[1]Sheet1!$D:$J,7,0) -> NL300068 | M46: =A46&L46 -> 01/01/2026NL300068 | N46: 0 | O46: =H46-N46 -> 0.3 | P46: =VLOOKUP(L46,[2]Sheet1!$I:$M,5,0) -> 35000 | Q46: =N46*P46 -> 0 | R46: =J46-Q46 -> 10500
A47: 01/01/2026 | B47: TG-KS00197 | C47: BÒ TƠ BÌNH THẠNH | D47: TG-AA20656 | E47: I100128 | F47: Khoai Tây DL lớn | G47: Kg | H47: 0.6 | I47: 20000 | J47: =H47*I47 -> 12000 | L47: =VLOOKUP(F47,[1]Sheet1!$D:$J,7,0) -> NL300071 | M47: =A47&L47 -> 01/01/2026NL300071 | N47: 0 | O47: =H47-N47 -> 0.6 | P47: =VLOOKUP(L47,[2]Sheet1!$I:$M,5,0) -> 20000 | Q47: =N47*P47 -> 0 | R47: =J47-Q47 -> 12000
A48: 01/01/2026 | B48: TG-KS00197 | C48: BÒ TƠ BÌNH THẠNH | D48: TG-AA20656 | E48: I100118 | F48: Khổ qua | G48: Kg | H48: 0.9 | I48: 30000 | J48: =H48*I48 -> 27000 | L48: =VLOOKUP(F48,[1]Sheet1!$D:$J,7,0) -> NL300089 | M48: =A48&L48 -> 01/01/2026NL300089 | N48: =VLOOKUP(M48,Sheet3!I:P,5,0) -> 0.8 | O48: =H48-N48 -> 0.1 | P48: =VLOOKUP(L48,[2]Sheet1!$I:$M,5,0) -> 30000 | Q48: =N48*P48 -> 24000 | R48: =J48-Q48 -> 3000
A49: 01/01/2026 | B49: TG-KS00197 | C49: BÒ TƠ BÌNH THẠNH | D49: TG-AA20656 | E49: I100132 | F49: Lá cây nhíp (lá mè) | G49: Kg | H49: 0.6 | I49: 95000 | J49: =H49*I49 -> 57000 | L49: =VLOOKUP(F49,[1]Sheet1!$D:$J,7,0) -> NL300080 | M49: =A49&L49 -> 01/01/2026NL300080 | N49: =VLOOKUP(M49,Sheet3!I:P,5,0) -> 0.5 | O49: =H49-N49 -> 0.1 | P49: =VLOOKUP(L49,[2]Sheet1!$I:$M,5,0) -> 95000 | Q49: =N49*P49 -> 47500 | R49: =J49-Q49 -> 9500
A50: 01/01/2026 | B50: TG-KS00197 | C50: BÒ TƠ BÌNH THẠNH | D50: TG-AA20656 | E50: I100519 | F50: Lá cóc | G50: Kg | H50: 2.6 | I50: 32000 | J50: =H50*I50 -> 83200 | L50: =VLOOKUP(F50,[1]Sheet1!$D:$J,7,0) -> NL300043 | M50: =A50&L50 -> 01/01/2026NL300043 | N50: =VLOOKUP(M50,Sheet3!I:P,5,0) -> 2.3 | O50: =H50-N50 -> 0.3 | P50: =VLOOKUP(L50,[2]Sheet1!$I:$M,5,0) -> 32000 | Q50: =N50*P50 -> 73600 | R50: =J50-Q50 -> 9600
A51: 01/01/2026 | B51: TG-KS00197 | C51: BÒ TƠ BÌNH THẠNH | D51: TG-AA20656 | E51: I100135 | F51: Lá chuối | G51: Kg | H51: 8 | I51: 18000 | J51: =H51*I51 -> 144000 | L51: =VLOOKUP(F51,[1]Sheet1!$D:$J,7,0) -> NL300074 | M51: =A51&L51 -> 01/01/2026NL300074 | N51: =VLOOKUP(M51,Sheet3!I:P,5,0) -> 8 | O51: =H51-N51 -> 0 | P51: =VLOOKUP(L51,[2]Sheet1!$I:$M,5,0) -> 18000 | Q51: =N51*P51 -> 144000 | R51: =J51-Q51 -> 0
A52: 01/01/2026 | B52: TG-KS00197 | C52: BÒ TƠ BÌNH THẠNH | D52: TG-AA20656 | E52: I100526 | F52: Lá Giang (kg) | G52: Kg | H52: 0.8 | I52: 80000 | J52: =H52*I52 -> 64000 | L52: =VLOOKUP(F52,[1]Sheet1!$D:$J,7,0) -> NL300173 | M52: =A52&L52 -> 01/01/2026NL300173 | N52: =VLOOKUP(M52,Sheet3!I:P,5,0) -> 0.7 | O52: =H52-N52 -> 0.1 | P52: =VLOOKUP(L52,[2]Sheet1!$I:$M,5,0) -> 80000 | Q52: =N52*P52 -> 56000 | R52: =J52-Q52 -> 8000
A53: 01/01/2026 | B53: TG-KS00197 | C53: BÒ TƠ BÌNH THẠNH | D53: TG-AA20656 | E53: I100536 | F53: Lá Trâm Ổi | G53: Kg | H53: 2.3 | I53: 38000 | J53: =H53*I53 -> 87400 | L53: =VLOOKUP(F53,[1]Sheet1!$D:$J,7,0) -> NL300044 | M53: =A53&L53 -> 01/01/2026NL300044 | N53: =VLOOKUP(M53,Sheet3!I:P,5,0) -> 2.1 | O53: =H53-N53 -> 0.2 | P53: =VLOOKUP(L53,[2]Sheet1!$I:$M,5,0) -> 38000 | Q53: =N53*P53 -> 79800 | R53: =J53-Q53 -> 7600
A54: 01/01/2026 | B54: TG-KS00197 | C54: BÒ TƠ BÌNH THẠNH | D54: TG-AA20656 | E54: I100151 | F54: Mướp hương | G54: Kg | H54: 6 | I54: 27000 | J54: =H54*I54 -> 162000 | L54: =VLOOKUP(F54,[1]Sheet1!$D:$J,7,0) -> NL300088 | M54: =A54&L54 -> 01/01/2026NL300088 | N54: =VLOOKUP(M54,Sheet3!I:P,5,0) -> 4 | O54: =H54-N54 -> 2 | P54: =VLOOKUP(L54,[2]Sheet1!$I:$M,5,0) -> 27000 | Q54: =N54*P54 -> 108000 | R54: =J54-Q54 -> 54000
A55: 01/01/2026 | B55: TG-KS00197 | C55: BÒ TƠ BÌNH THẠNH | D55: TG-AA20656 | E55: I100236 | F55: Nấm đông cô tươi | G55: Kg | H55: 1 | I55: 145000 | J55: =H55*I55 -> 145000 | L55: =VLOOKUP(F55,[1]Sheet1!$D:$J,7,0) -> NL300090 | M55: =A55&L55 -> 01/01/2026NL300090 | N55: =VLOOKUP(M55,Sheet3!I:P,5,0) -> 1 | O55: =H55-N55 -> 0 | P55: =VLOOKUP(L55,[2]Sheet1!$I:$M,5,0) -> 145000 | Q55: =N55*P55 -> 145000 | R55: =J55-Q55 -> 0
A56: 01/01/2026 | B56: TG-KS00197 | C56: BÒ TƠ BÌNH THẠNH | D56: TG-AA20656 | E56: I100237 | F56: Nấm đùi gà | G56: Kg | H56: 1 | I56: 47000 | J56: =H56*I56 -> 47000 | L56: =VLOOKUP(F56,[1]Sheet1!$D:$J,7,0) -> NL300091 | M56: =A56&L56 -> 01/01/2026NL300091 | N56: =VLOOKUP(M56,Sheet3!I:P,5,0) -> 0.9 | O56: =H56-N56 -> 0.1 | P56: =VLOOKUP(L56,[2]Sheet1!$I:$M,5,0) -> 47000 | Q56: =N56*P56 -> 42300 | R56: =J56-Q56 -> 4700
A57: 01/01/2026 | B57: TG-KS00197 | C57: BÒ TƠ BÌNH THẠNH | D57: TG-AA20656 | E57: I100240 | F57: Nấm kim châm tươi | G57: Kg | H57: 4.6 | I57: 45000 | J57: =H57*I57 -> 207000 | L57: =VLOOKUP(F57,[1]Sheet1!$D:$J,7,0) -> NL300096 | M57: =A57&L57 -> 01/01/2026NL300096 | N57: =VLOOKUP(M57,Sheet3!I:P,5,0) -> 4.6 | O57: =H57-N57 -> 0 | P57: =VLOOKUP(L57,[2]Sheet1!$I:$M,5,0) -> 45000 | Q57: =N57*P57 -> 207000 | R57: =J57-Q57 -> 0
A58: 01/01/2026 | B58: TG-KS00197 | C58: BÒ TƠ BÌNH THẠNH | D58: TG-AA20656 | E58: I100154 | F58: Ngò gai | G58: Kg | H58: 0.8 | I58: 33000 | J58: =H58*I58 -> 26400 | L58: =VLOOKUP(F58,[1]Sheet1!$D:$J,7,0) -> NL300086 | M58: =A58&L58 -> 01/01/2026NL300086 | N58: =VLOOKUP(M58,Sheet3!I:P,5,0) -> 0.8 | O58: =H58-N58 -> 0 | P58: =VLOOKUP(L58,[2]Sheet1!$I:$M,5,0) -> 33000 | Q58: =N58*P58 -> 26400 | R58: =J58-Q58 -> 0
A59: 01/01/2026 | B59: TG-KS00197 | C59: BÒ TƠ BÌNH THẠNH | D59: TG-AA20738 | E59: I100154 | F59: Ngò gai | G59: Kg | H59: 0.6 | I59: 33000 | J59: =H59*I59 -> 19800 | L59: =VLOOKUP(F59,[1]Sheet1!$D:$J,7,0) -> NL300086 | M59: =A59&L59 -> 01/01/2026NL300086 | N59: 0.6 | O59: =H59-N59 -> 0 | P59: =VLOOKUP(L59,[2]Sheet1!$I:$M,5,0) -> 33000 | Q59: =N59*P59 -> 19800 | R59: =J59-Q59 -> 0
A60: 01/01/2026 | B60: TG-KS00197 | C60: BÒ TƠ BÌNH THẠNH | D60: TG-AA20656 | E60: I100164 | F60: Ớt đà lạt (đỏ) | G60: Kg | H60: 0.2 | I60: 63000 | J60: =H60*I60 -> 12600 | L60: =VLOOKUP(F60,[1]Sheet1!$D:$J,7,0) -> NL300112 | M60: =A60&L60 -> 01/01/2026NL300112 | N60: =VLOOKUP(M60,Sheet3!I:P,5,0) -> 0.3 | O60: =H60-N60 -> -0.1 | P60: =VLOOKUP(L60,[2]Sheet1!$I:$M,5,0) -> 63000 | Q60: =N60*P60 -> 18900 | R60: =J60-Q60 -> -6300
A61: 01/01/2026 | B61: TG-KS00197 | C61: BÒ TƠ BÌNH THẠNH | D61: TG-AA20656 | E61: I100165 | F61: Ớt đà lạt (vàng) | G61: Kg | H61: 0.4 | I61: 65000 | J61: =H61*I61 -> 26000 | L61: =VLOOKUP(F61,[1]Sheet1!$D:$J,7,0) -> NL300152 | M61: =A61&L61 -> 01/01/2026NL300152 | N61: =VLOOKUP(M61,Sheet3!I:P,5,0) -> 0.4 | O61: =H61-N61 -> 0 | P61: =VLOOKUP(L61,[2]Sheet1!$I:$M,5,0) -> 65000 | Q61: =N61*P61 -> 26000 | R61: =J61-Q61 -> 0
A62: 01/01/2026 | B62: TG-KS00197 | C62: BÒ TƠ BÌNH THẠNH | D62: TG-AA20656 | E62: I100166 | F62: Ớt đà lạt (xanh) | G62: Kg | H62: 0.3 | I62: 46000 | J62: =H62*I62 -> 13800 | L62: =VLOOKUP(F62,[1]Sheet1!$D:$J,7,0) -> NL300153 | M62: =A62&L62 -> 01/01/2026NL300153 | N62: =VLOOKUP(M62,Sheet3!I:P,5,0) -> 0.3 | O62: =H62-N62 -> 0 | P62: =VLOOKUP(L62,[2]Sheet1!$I:$M,5,0) -> 46000 | Q62: =N62*P62 -> 13800 | R62: =J62-Q62 -> 0
A63: 01/01/2026 | B63: TG-KS00291 | C63: BÒ TƠ BÌNH THẠNH (BAR) | D63: TG-AA20627 | E63: I100167 | F63: Ớt hiểm đỏ | G63: Kg | H63: 1.5 | I63: 145000 | J63: =H63*I63 -> 217500 | L63: =VLOOKUP(F63,[1]Sheet1!$D:$J,7,0) -> NL300113 | M63: =A63&L63 -> 01/01/2026NL300113 | N63: 0 | O63: =H63-N63 -> 1.5 | P63: =VLOOKUP(L63,[2]Sheet1!$I:$M,5,0) -> 145000 | Q63: =N63*P63 -> 0 | R63: =J63-Q63 -> 217500
A64: 01/01/2026 | B64: TG-KS00197 | C64: BÒ TƠ BÌNH THẠNH | D64: TG-AA20656 | E64: I100170 | F64: Ớt sừng đỏ | G64: Kg | H64: 0.1 | I64: 148000 | J64: =H64*I64 -> 14800 | L64: =VLOOKUP(F64,[1]Sheet1!$D:$J,7,0) -> NL300116 | M64: =A64&L64 -> 01/01/2026NL300116 | N64: =VLOOKUP(M64,Sheet3!I:P,5,0) -> 0.1 | O64: =H64-N64 -> 0 | P64: =VLOOKUP(L64,[2]Sheet1!$I:$M,5,0) -> 148000 | Q64: =N64*P64 -> 14800 | R64: =J64-Q64 -> 0
A65: 01/01/2026 | B65: TG-KS00197 | C65: BÒ TƠ BÌNH THẠNH | D65: TG-AA20656 | E65: I100518 | F65: Quế vị (xá xị) | G65: Kg | H65: 3.5 | I65: 36000 | J65: =H65*I65 -> 126000 | L65: =VLOOKUP(F65,[1]Sheet1!$D:$J,7,0) -> NL300120 | M65: =A65&L65 -> 01/01/2026NL300120 | N65: =VLOOKUP(M65,Sheet3!I:P,5,0) -> 3.5 | O65: =H65-N65 -> 0 | P65: =VLOOKUP(L65,[2]Sheet1!$I:$M,5,0) -> 36000 | Q65: =N65*P65 -> 126000 | R65: =J65-Q65 -> 0
A66: 01/01/2026 | B66: TG-KS00197 | C66: BÒ TƠ BÌNH THẠNH | D66: TG-AA20738 | E66: I100518 | F66: Quế vị (xá xị) | G66: Kg | H66: 3.5 | I66: 36000 | J66: =H66*I66 -> 126000 | L66: =VLOOKUP(F66,[1]Sheet1!$D:$J,7,0) -> NL300120 | M66: =A66&L66 -> 01/01/2026NL300120 | N66: 3 | O66: =H66-N66 -> 0.5 | P66: =VLOOKUP(L66,[2]Sheet1!$I:$M,5,0) -> 36000 | Q66: =N66*P66 -> 108000 | R66: =J66-Q66 -> 18000
A67: 01/01/2026 | B67: TG-KS00197 | C67: BÒ TƠ BÌNH THẠNH | D67: TG-AA20656 | E67: I100175 | F67: Rau càng cua | G67: Kg | H67: 0.5 | I67: 35000 | J67: =H67*I67 -> 17500 | L67: =VLOOKUP(F67,[1]Sheet1!$D:$J,7,0) -> NL300122 | M67: =A67&L67 -> 01/01/2026NL300122 | N67: 0 | O67: =H67-N67 -> 0.5 | P67: =VLOOKUP(L67,[2]Sheet1!$I:$M,5,0) -> 35000 | Q67: =N67*P67 -> 0 | R67: =J67-Q67 -> 17500
A68: 01/01/2026 | B68: TG-KS00197 | C68: BÒ TƠ BÌNH THẠNH | D68: TG-AA20656 | E68: I100181 | F68: Rau kinh giới | G68: Kg | H68: 4 | I68: 38000 | J68: =H68*I68 -> 152000 | L68: =VLOOKUP(F68,[1]Sheet1!$D:$J,7,0) -> NL300072 | M68: =A68&L68 -> 01/01/2026NL300072 | N68: 0 | O68: =H68-N68 -> 4 | P68: =VLOOKUP(L68,[2]Sheet1!$I:$M,5,0) -> 38000 | Q68: =N68*P68 -> 0 | R68: =J68-Q68 -> 152000
A69: 01/01/2026 | B69: TG-KS00197 | C69: BÒ TƠ BÌNH THẠNH | D69: TG-AA20656 | E69: I100186 | F69: Rau muống lá | G69: Kg | H69: 5 | I69: 15000 | J69: =H69*I69 -> 75000 | L69: =VLOOKUP(F69,[1]Sheet1!$D:$J,7,0) -> NL300127 | M69: =A69&L69 -> 01/01/2026NL300127 | N69: =VLOOKUP(M69,Sheet3!I:P,5,0) -> 5 | O69: =H69-N69 -> 0 | P69: =VLOOKUP(L69,[2]Sheet1!$I:$M,5,0) -> 15000 | Q69: =N69*P69 -> 75000 | R69: =J69-Q69 -> 0
A70: 01/01/2026 | B70: TG-KS00197 | C70: BÒ TƠ BÌNH THẠNH | D70: TG-AA20738 | E70: I100186 | F70: Rau muống lá | G70: Kg | H70: 5 | I70: 15000 | J70: =H70*I70 -> 75000 | L70: =VLOOKUP(F70,[1]Sheet1!$D:$J,7,0) -> NL300127 | M70: =A70&L70 -> 01/01/2026NL300127 | N70: 4 | O70: =H70-N70 -> 1 | P70: =VLOOKUP(L70,[2]Sheet1!$I:$M,5,0) -> 15000 | Q70: =N70*P70 -> 60000 | R70: =J70-Q70 -> 15000
A71: 01/01/2026 | B71: TG-KS00197 | C71: BÒ TƠ BÌNH THẠNH | D71: TG-AA20656 | E71: I100194 | F71: Rau tía tô | G71: Kg | H71: 0.7 | I71: 36000 | J71: =H71*I71 -> 25200 | L71: =VLOOKUP(F71,[1]Sheet1!$D:$J,7,0) -> NL300140 | M71: =A71&L71 -> 01/01/2026NL300140 | N71: 0 | O71: =H71-N71 -> 0.7 | P71: =VLOOKUP(L71,[2]Sheet1!$I:$M,5,0) -> 36000 | Q71: =N71*P71 -> 0 | R71: =J71-Q71 -> 25200
A72: 01/01/2026 | B72: TG-KS00291 | C72: BÒ TƠ BÌNH THẠNH (BAR) | D72: TG-AA20627 | E72: I100198 | F72: Sả cây | G72: Kg | H72: 0.3 | I72: 12000 | J72: =H72*I72 -> 3600 | L72: =VLOOKUP(F72,[1]Sheet1!$D:$J,7,0) -> NL300132 | M72: =A72&L72 -> 01/01/2026NL300132 | N72: 0 | O72: =H72-N72 -> 0.3 | P72: =VLOOKUP(L72,[2]Sheet1!$I:$M,5,0) -> 12000 | Q72: =N72*P72 -> 0 | R72: =J72-Q72 -> 3600
A73: 01/01/2026 | B73: TG-KS00197 | C73: BÒ TƠ BÌNH THẠNH | D73: TG-AA20656 | E73: I100375 | F73: Sao Nhái | G73: Kg | H73: 3.3 | I73: 36000 | J73: =H73*I73 -> 118800 | L73: =VLOOKUP(F73,[1]Sheet1!$D:$J,7,0) -> NL300162 | M73: =A73&L73 -> 01/01/2026NL300162 | N73: =VLOOKUP(M73,Sheet3!I:P,5,0) -> 2.3 | O73: =H73-N73 -> 1 | P73: =VLOOKUP(L73,[2]Sheet1!$I:$M,5,0) -> 36000 | Q73: =N73*P73 -> 82800 | R73: =J73-Q73 -> 36000
A74: 01/01/2026 | B74: TG-KS00291 | C74: BÒ TƠ BÌNH THẠNH (BAR) | D74: TG-AA20627 | E74: I100216 | F74: Tắc trái | G74: Kg | H74: 2 | I74: 21000 | J74: =H74*I74 -> 42000 | L74: =VLOOKUP(F74,[1]Sheet1!$D:$J,7,0) -> NL300119 | M74: =A74&L74 -> 01/01/2026NL300119 | N74: 0 | O74: =H74-N74 -> 2 | P74: =VLOOKUP(L74,[2]Sheet1!$I:$M,5,0) -> 21000 | Q74: =N74*P74 -> 0 | R74: =J74-Q74 -> 42000
A75: 02/01/2026 | B75: TG-KS00197 | C75: BÒ TƠ BÌNH THẠNH | D75: TG-AA20856 | E75: I100004 | F75: Bắp chuối bào | G75: Kg | H75: 0.7 | I75: 33000 | J75: =H75*I75 -> 23100 | L75: =VLOOKUP(F75,[1]Sheet1!$D:$J,7,0) -> NL300060 | M75: =A75&L75 -> 02/01/2026NL300060 | N75: =VLOOKUP(M75,Sheet3!I:P,5,0) -> 0.7 | O75: =H75-N75 -> 0 | P75: =VLOOKUP(L75,[2]Sheet1!$I:$M,5,0) -> 33000 | Q75: =N75*P75 -> 23100 | R75: =J75-Q75 -> 0
A76: 02/01/2026 | B76: TG-KS00197 | C76: BÒ TƠ BÌNH THẠNH | D76: TG-AA20856 | E76: I100010 | F76: Bầu xanh | G76: Kg | H76: 3.4 | I76: 24000 | J76: =H76*I76 -> 81600 | L76: =VLOOKUP(F76,[1]Sheet1!$D:$J,7,0) -> NL300174 | M76: =A76&L76 -> 02/01/2026NL300174 | N76: =VLOOKUP(M76,Sheet3!I:P,5,0) -> 3.2 | O76: =H76-N76 -> 0.2 | P76: =VLOOKUP(L76,[2]Sheet1!$I:$M,5,0) -> 24000 | Q76: =N76*P76 -> 76800 | R76: =J76-Q76 -> 4800
A77: 02/01/2026 | B77: TG-KS00197 | C77: BÒ TƠ BÌNH THẠNH | D77: TG-AA20856 | E77: I100018 | F77: Bó xôi (Nhà Lồng) | G77: Kg | H77: 5 | I77: 45000 | J77: =H77*I77 -> 225000 | L77: =VLOOKUP(F77,[1]Sheet1!$D:$J,7,0) -> NL300203 | M77: =A77&L77 -> 02/01/2026NL300203 | N77: =VLOOKUP(M77,Sheet3!I:P,5,0) -> 4 | O77: =H77-N77 -> 1 | P77: =VLOOKUP(L77,[2]Sheet1!$I:$M,5,0) -> 45000 | Q77: =N77*P77 -> 180000 | R77: =J77-Q77 -> 45000
A78: 02/01/2026 | B78: TG-KS00197 | C78: BÒ TƠ BÌNH THẠNH | D78: TG-AA20856 | E78: I100024 | F78: Bông cải xanh | G78: Kg | H78: 2 | I78: 52000 | J78: =H78*I78 -> 104000 | L78: =VLOOKUP(F78,[1]Sheet1!$D:$J,7,0) -> NL300137 | M78: =A78&L78 -> 02/01/2026NL300137 | N78: =VLOOKUP(M78,Sheet3!I:P,5,0) -> 1.7 | O78: =H78-N78 -> 0.3 | P78: =VLOOKUP(L78,[2]Sheet1!$I:$M,5,0) -> 52000 | Q78: =N78*P78 -> 88400 | R78: =J78-Q78 -> 15600
A79: 02/01/2026 | B79: TG-KS00197 | C79: BÒ TƠ BÌNH THẠNH | D79: TG-AA20856 | E79: I100031 | F79: Bông súng | G79: Kg | H79: 1 | I79: 17000 | J79: =H79*I79 -> 17000 | L79: =VLOOKUP(F79,[1]Sheet1!$D:$J,7,0) -> NL300011 | M79: =A79&L79 -> 02/01/2026NL300011 | N79: =VLOOKUP(M79,Sheet3!I:P,5,0) -> 0.6 | O79: =H79-N79 -> 0.4 | P79: =VLOOKUP(L79,[2]Sheet1!$I:$M,5,0) -> 17000 | Q79: =N79*P79 -> 10200 | R79: =J79-Q79 -> 6800
A80: 02/01/2026 | B80: TG-KS00197 | C80: BÒ TƠ BÌNH THẠNH | D80: TG-AA20856 | E80: I100034 | F80: Cà chua | G80: Kg | H80: 2 | I80: 50000 | J80: =H80*I80 -> 100000 | L80: =VLOOKUP(F80,[1]Sheet1!$D:$J,7,0) -> NL300013 | M80: =A80&L80 -> 02/01/2026NL300013 | N80: 0 | O80: =H80-N80 -> 2 | P80: =VLOOKUP(L80,[2]Sheet1!$I:$M,5,0) -> 50000 | Q80: =N80*P80 -> 0 | R80: =J80-Q80 -> 100000
A81: 02/01/2026 | B81: TG-KS00197 | C81: BÒ TƠ BÌNH THẠNH | D81: TG-AA20856 | E81: I100033 | F81: Cà chua bi | G81: Kg | H81: 0.3 | I81: 55000 | J81: =H81*I81 -> 16500 | L81: =VLOOKUP(F81,[1]Sheet1!$D:$J,7,0) -> NL300014 | M81: =A81&L81 -> 02/01/2026NL300014 | N81: =VLOOKUP(M81,Sheet3!I:P,5,0) -> 0.2 | O81: =H81-N81 -> 0.1 | P81: =VLOOKUP(L81,[2]Sheet1!$I:$M,5,0) -> 55000 | Q81: =N81*P81 -> 11000 | R81: =J81-Q81 -> 5500
A82: 02/01/2026 | B82: TG-KS00197 | C82: BÒ TƠ BÌNH THẠNH | D82: TG-AA20856 | E82: I100039 | F82: Cà rốt | G82: Kg | H82: 4 | I82: 18000 | J82: =H82*I82 -> 72000 | L82: =VLOOKUP(F82,[1]Sheet1!$D:$J,7,0) -> NL300027 | M82: =A82&L82 -> 02/01/2026NL300027 | N82: =VLOOKUP(M82,Sheet3!I:P,5,0) -> 3.6 | O82: =H82-N82 -> 0.4 | P82: =VLOOKUP(L82,[2]Sheet1!$I:$M,5,0) -> 18000 | Q82: =N82*P82 -> 64800 | R82: =J82-Q82 -> 7200
A83: 02/01/2026 | B83: TG-KS00197 | C83: BÒ TƠ BÌNH THẠNH | D83: TG-AA20856 | E83: I100073 | F83: Củ sắn | G83: Kg | H83: 0.3 | I83: 12000 | J83: =H83*I83 -> 3600 | L83: =VLOOKUP(F83,[1]Sheet1!$D:$J,7,0) -> NL300188 | M83: =A83&L83 -> 02/01/2026NL300188 | N83: =VLOOKUP(M83,Sheet3!I:P,5,0) -> 0.3 | O83: =H83-N83 -> 0 | P83: =VLOOKUP(L83,[2]Sheet1!$I:$M,5,0) -> 12000 | Q83: =N83*P83 -> 3600 | R83: =J83-Q83 -> 0
A84: 02/01/2026 | B84: TG-KS00197 | C84: BÒ TƠ BÌNH THẠNH | D84: TG-AA20856 | E84: I100075 | F84: Đậu bắp | G84: Kg | H84: 0.5 | I84: 32000 | J84: =H84*I84 -> 16000 | L84: =VLOOKUP(F84,[1]Sheet1!$D:$J,7,0) -> NL300038 | M84: =A84&L84 -> 02/01/2026NL300038 | N84: =VLOOKUP(M84,Sheet3!I:P,5,0) -> 0.4 | O84: =H84-N84 -> 0.1 | P84: =VLOOKUP(L84,[2]Sheet1!$I:$M,5,0) -> 32000 | Q84: =N84*P84 -> 12800 | R84: =J84-Q84 -> 3200
A85: 02/01/2026 | B85: TG-KS00197 | C85: BÒ TƠ BÌNH THẠNH | D85: TG-AA20856 | E85: I100260 | F85: Đậu hủ miếng trắng | G85: Miếng | H85: 20 | I85: 4000 | J85: =H85*I85 -> 80000 | L85: =VLOOKUP(F85,[1]Sheet1!$D:$J,7,0) -> NL300037 | M85: =A85&L85 -> 02/01/2026NL300037 | N85: =VLOOKUP(M85,Sheet3!I:P,5,0) -> 20 | O85: =H85-N85 -> 0 | P85: =VLOOKUP(L85,[2]Sheet1!$I:$M,5,0) -> 4000 | Q85: =N85*P85 -> 80000 | R85: =J85-Q85 -> 0
A86: 02/01/2026 | B86: TG-KS00197 | C86: BÒ TƠ BÌNH THẠNH | D86: TG-AA20856 | E86: I100089 | F86: Dưa leo | G86: Kg | H86: 3 | I86: 18000 | J86: =H86*I86 -> 54000 | L86: =VLOOKUP(F86,[1]Sheet1!$D:$J,7,0) -> NL300048 | M86: =A86&L86 -> 02/01/2026NL300048 | N86: =VLOOKUP(M86,Sheet3!I:P,5,0) -> 2.9 | O86: =H86-N86 -> 0.1 | P86: =VLOOKUP(L86,[2]Sheet1!$I:$M,5,0) -> 18000 | Q86: =N86*P86 -> 52200 | R86: =J86-Q86 -> 1800
A87: 02/01/2026 | B87: TG-KS00197 | C87: BÒ TƠ BÌNH THẠNH | D87: TG-AA20856 | E87: I100098 | F87: Hành lá | G87: Kg | H87: 0.3 | I87: 55000 | J87: =H87*I87 -> 16500 | L87: =VLOOKUP(F87,[1]Sheet1!$D:$J,7,0) -> NL300058 | M87: =A87&L87 -> 02/01/2026NL300058 | N87: =VLOOKUP(M87,Sheet3!I:P,5,0) -> 0.2 | O87: =H87-N87 -> 0.1 | P87: =VLOOKUP(L87,[2]Sheet1!$I:$M,5,0) -> 55000 | Q87: =N87*P87 -> 11000 | R87: =J87-Q87 -> 5500
A88: 02/01/2026 | B88: TG-KS00197 | C88: BÒ TƠ BÌNH THẠNH | D88: TG-AA20856 | E88: I100111 | F88: Hẹ lá | G88: Kg | H88: 0.5 | I88: 38000 | J88: =H88*I88 -> 19000 | L88: =VLOOKUP(F88,[1]Sheet1!$D:$J,7,0) -> NL300076 | M88: =A88&L88 -> 02/01/2026NL300076 | N88: 0 | O88: =H88-N88 -> 0.5 | P88: =VLOOKUP(L88,[2]Sheet1!$I:$M,5,0) -> 38000 | Q88: =N88*P88 -> 0 | R88: =J88-Q88 -> 19000
A89: 02/01/2026 | B89: TG-KS00197 | C89: BÒ TƠ BÌNH THẠNH | D89: TG-AA20856 | E89: I100112 | F89: Húng cây | G89: Kg | H89: 1.9 | I89: 48000 | J89: =H89*I89 -> 91200 | L89: =VLOOKUP(F89,[1]Sheet1!$D:$J,7,0) -> NL300063 | M89: =A89&L89 -> 02/01/2026NL300063 | N89: =VLOOKUP(M89,Sheet3!I:P,5,0) -> 1.4 | O89: =H89-N89 -> 0.5 | P89: =VLOOKUP(L89,[2]Sheet1!$I:$M,5,0) -> 48000 | Q89: =N89*P89 -> 67200 | R89: =J89-Q89 -> 24000
A90: 02/01/2026 | B90: TG-KS00197 | C90: BÒ TƠ BÌNH THẠNH | D90: TG-AA20856 | E90: I100115 | F90: Kèo nèo | G90: Kg | H90: 0.3 | I90: 25000 | J90: =H90*I90 -> 7500 | L90: =VLOOKUP(F90,[1]Sheet1!$D:$J,7,0) -> NL300067 | M90: =A90&L90 -> 02/01/2026NL300067 | N90: 0 | O90: =H90-N90 -> 0.3 | P90: =VLOOKUP(L90,[2]Sheet1!$I:$M,5,0) -> 25000 | Q90: =N90*P90 -> 0 | R90: =J90-Q90 -> 7500
A91: 02/01/2026 | B91: TG-KS00197 | C91: BÒ TƠ BÌNH THẠNH | D91: TG-AA20856 | E91: I100116 | F91: Khế xanh | G91: Kg | H91: 0.1 | I91: 35000 | J91: =H91*I91 -> 3500 | L91: =VLOOKUP(F91,[1]Sheet1!$D:$J,7,0) -> NL300068 | M91: =A91&L91 -> 02/01/2026NL300068 | N91: =VLOOKUP(M91,Sheet3!I:P,5,0) -> 0.1 | O91: =H91-N91 -> 0 | P91: =VLOOKUP(L91,[2]Sheet1!$I:$M,5,0) -> 35000 | Q91: =N91*P91 -> 3500 | R91: =J91-Q91 -> 0
A92: 02/01/2026 | B92: TG-KS00197 | C92: BÒ TƠ BÌNH THẠNH | D92: TG-AA20856 | E92: I100132 | F92: Lá cây nhíp (lá mè) | G92: Kg | H92: 0.5 | I92: 95000 | J92: =H92*I92 -> 47500 | L92: =VLOOKUP(F92,[1]Sheet1!$D:$J,7,0) -> NL300080 | M92: =A92&L92 -> 02/01/2026NL300080 | N92: =VLOOKUP(M92,Sheet3!I:P,5,0) -> 0.4 | O92: =H92-N92 -> 0.1 | P92: =VLOOKUP(L92,[2]Sheet1!$I:$M,5,0) -> 95000 | Q92: =N92*P92 -> 38000 | R92: =J92-Q92 -> 9500
A93: 02/01/2026 | B93: TG-KS00197 | C93: BÒ TƠ BÌNH THẠNH | D93: TG-AA20856 | E93: I100135 | F93: Lá chuối | G93: Kg | H93: 10.9 | I93: 18000 | J93: =H93*I93 -> 196200 | L93: =VLOOKUP(F93,[1]Sheet1!$D:$J,7,0) -> NL300074 | M93: =A93&L93 -> 02/01/2026NL300074 | N93: =VLOOKUP(M93,Sheet3!I:P,5,0) -> 7 | O93: =H93-N93 -> 3.9 | P93: =VLOOKUP(L93,[2]Sheet1!$I:$M,5,0) -> 18000 | Q93: =N93*P93 -> 126000 | R93: =J93-Q93 -> 70200
A94: 02/01/2026 | B94: TG-KS00197 | C94: BÒ TƠ BÌNH THẠNH | D94: TG-AA20856 | E94: I100519 | F94: Lá cóc | G94: Kg | H94: 1.4 | I94: 32000 | J94: =H94*I94 -> 44800 | L94: =VLOOKUP(F94,[1]Sheet1!$D:$J,7,0) -> NL300043 | M94: =A94&L94 -> 02/01/2026NL300043 | N94: =VLOOKUP(M94,Sheet3!I:P,5,0) -> 1 | O94: =H94-N94 -> 0.4 | P94: =VLOOKUP(L94,[2]Sheet1!$I:$M,5,0) -> 32000 | Q94: =N94*P94 -> 32000 | R94: =J94-Q94 -> 12800
A95: 02/01/2026 | B95: TG-KS00197 | C95: BÒ TƠ BÌNH THẠNH | D95: TG-AA20856 | E95: I100526 | F95: Lá Giang (kg) | G95: Kg | H95: 0.5 | I95: 80000 | J95: =H95*I95 -> 40000 | L95: =VLOOKUP(F95,[1]Sheet1!$D:$J,7,0) -> NL300173 | M95: =A95&L95 -> 02/01/2026NL300173 | N95: =VLOOKUP(M95,Sheet3!I:P,5,0) -> 0.2 | O95: =H95-N95 -> 0.3 | P95: =VLOOKUP(L95,[2]Sheet1!$I:$M,5,0) -> 80000 | Q95: =N95*P95 -> 16000 | R95: =J95-Q95 -> 24000
A96: 02/01/2026 | B96: TG-KS00197 | C96: BÒ TƠ BÌNH THẠNH | D96: TG-AA20856 | E96: I100139 | F96: Lá lốt | G96: Kg | H96: 0.5 | I96: 30000 | J96: =H96*I96 -> 15000 | L96: =VLOOKUP(F96,[1]Sheet1!$D:$J,7,0) -> NL300077 | M96: =A96&L96 -> 02/01/2026NL300077 | N96: =VLOOKUP(M96,Sheet3!I:P,5,0) -> 0.2 | O96: =H96-N96 -> 0.3 | P96: =VLOOKUP(L96,[2]Sheet1!$I:$M,5,0) -> 30000 | Q96: =N96*P96 -> 6000 | R96: =J96-Q96 -> 9000
A97: 02/01/2026 | B97: TG-KS00197 | C97: BÒ TƠ BÌNH THẠNH | D97: TG-AA20856 | E97: I100536 | F97: Lá Trâm Ổi | G97: Kg | H97: 1 | I97: 38000 | J97: =H97*I97 -> 38000 | L97: =VLOOKUP(F97,[1]Sheet1!$D:$J,7,0) -> NL300044 | M97: =A97&L97 -> 02/01/2026NL300044 | N97: 0 | O97: =H97-N97 -> 1 | P97: =VLOOKUP(L97,[2]Sheet1!$I:$M,5,0) -> 38000 | Q97: =N97*P97 -> 0 | R97: =J97-Q97 -> 38000
A98: 02/01/2026 | B98: TG-KS00197 | C98: BÒ TƠ BÌNH THẠNH | D98: TG-AA20856 | E98: I100151 | F98: Mướp hương | G98: Kg | H98: 3 | I98: 27000 | J98: =H98*I98 -> 81000 | L98: =VLOOKUP(F98,[1]Sheet1!$D:$J,7,0) -> NL300088 | M98: =A98&L98 -> 02/01/2026NL300088 | N98: 0 | O98: =H98-N98 -> 3 | P98: =VLOOKUP(L98,[2]Sheet1!$I:$M,5,0) -> 27000 | Q98: =N98*P98 -> 0 | R98: =J98-Q98 -> 81000
A99: 02/01/2026 | B99: TG-KS00197 | C99: BÒ TƠ BÌNH THẠNH | D99: TG-AA20856 | E99: I100240 | F99: Nấm kim châm tươi | G99: Kg | H99: 3.5 | I99: 45000 | J99: =H99*I99 -> 157500 | L99: =VLOOKUP(F99,[1]Sheet1!$D:$J,7,0) -> NL300096 | M99: =A99&L99 -> 02/01/2026NL300096 | N99: =VLOOKUP(M99,Sheet3!I:P,5,0) -> 3.5 | O99: =H99-N99 -> 0 | P99: =VLOOKUP(L99,[2]Sheet1!$I:$M,5,0) -> 45000 | Q99: =N99*P99 -> 157500 | R99: =J99-Q99 -> 0
A100: 02/01/2026 | B100: TG-KS00197 | C100: BÒ TƠ BÌNH THẠNH | D100: TG-AA20856 | E100: I100154 | F100: Ngò gai | G100: Kg | H100: 0.3 | I100: 33000 | J100: =H100*I100 -> 9900 | L100: =VLOOKUP(F100,[1]Sheet1!$D:$J,7,0) -> NL300086 | M100: =A100&L100 -> 02/01/2026NL300086 | N100: =VLOOKUP(M100,Sheet3!I:P,5,0) -> 0.1 | O100: =H100-N100 -> 0.2 | P100: =VLOOKUP(L100,[2]Sheet1!$I:$M,5,0) -> 33000 | Q100: =N100*P100 -> 3300 | R100: =J100-Q100 -> 6600
A101: 02/01/2026 | B101: TG-KS00197 | C101: BÒ TƠ BÌNH THẠNH | D101: TG-AA20856 | E101: I100170 | F101: Ớt sừng đỏ | G101: Kg | H101: 0.2 | I101: 148000 | J101: =H101*I101 -> 29600 | L101: =VLOOKUP(F101,[1]Sheet1!$D:$J,7,0) -> NL300116 | M101: =A101&L101 -> 02/01/2026NL300116 | N101: =VLOOKUP(M101,Sheet3!I:P,5,0) -> 0.2 | O101: =H101-N101 -> 0 | P101: =VLOOKUP(L101,[2]Sheet1!$I:$M,5,0) -> 148000 | Q101: =N101*P101 -> 29600 | R101: =J101-Q101 -> 0
A102: 02/01/2026 | B102: TG-KS00197 | C102: BÒ TƠ BÌNH THẠNH | D102: TG-AA20856 | E102: I100518 | F102: Quế vị (xá xị) | G102: Kg | H102: 2.2 | I102: 36000 | J102: =H102*I102 -> 79200 | L102: =VLOOKUP(F102,[1]Sheet1!$D:$J,7,0) -> NL300120 | M102: =A102&L102 -> 02/01/2026NL300120 | N102: =VLOOKUP(M102,Sheet3!I:P,5,0) -> 1.7 | O102: =H102-N102 -> 0.5 | P102: =VLOOKUP(L102,[2]Sheet1!$I:$M,5,0) -> 36000 | Q102: =N102*P102 -> 61200 | R102: =J102-Q102 -> 18000
A103: 02/01/2026 | B103: TG-KS00197 | C103: BÒ TƠ BÌNH THẠNH | D103: TG-AA20856 | E103: I100175 | F103: Rau càng cua | G103: Kg | H103: 0.3 | I103: 35000 | J103: =H103*I103 -> 10500 | L103: =VLOOKUP(F103,[1]Sheet1!$D:$J,7,0) -> NL300122 | M103: =A103&L103 -> 02/01/2026NL300122 | N103: =VLOOKUP(M103,Sheet3!I:P,5,0) -> 0.1 | O103: =H103-N103 -> 0.2 | P103: =VLOOKUP(L103,[2]Sheet1!$I:$M,5,0) -> 35000 | Q103: =N103*P103 -> 3500 | R103: =J103-Q103 -> 7000
A104: 02/01/2026 | B104: TG-KS00197 | C104: BÒ TƠ BÌNH THẠNH | D104: TG-AA20856 | E104: I100181 | F104: Rau kinh giới | G104: Kg | H104: 3.5 | I104: 38000 | J104: =H104*I104 -> 133000 | L104: =VLOOKUP(F104,[1]Sheet1!$D:$J,7,0) -> NL300072 | M104: =A104&L104 -> 02/01/2026NL300072 | N104: 0 | O104: =H104-N104 -> 3.5 | P104: =VLOOKUP(L104,[2]Sheet1!$I:$M,5,0) -> 38000 | Q104: =N104*P104 -> 0 | R104: =J104-Q104 -> 133000
A105: 02/01/2026 | B105: TG-KS00197 | C105: BÒ TƠ BÌNH THẠNH | D105: TG-AA20856 | E105: I100186 | F105: Rau muống lá | G105: Kg | H105: 3 | I105: 15000 | J105: =H105*I105 -> 45000 | L105: =VLOOKUP(F105,[1]Sheet1!$D:$J,7,0) -> NL300127 | M105: =A105&L105 -> 02/01/2026NL300127 | N105: =VLOOKUP(M105,Sheet3!I:P,5,0) -> 2.5 | O105: =H105-N105 -> 0.5 | P105: =VLOOKUP(L105,[2]Sheet1!$I:$M,5,0) -> 15000 | Q105: =N105*P105 -> 37500 | R105: =J105-Q105 -> 7500
A106: 02/01/2026 | B106: TG-KS00197 | C106: BÒ TƠ BÌNH THẠNH | D106: TG-AA20856 | E106: I100189 | F106: Rau răm | G106: Kg | H106: 0.1 | I106: 22000 | J106: =H106*I106 -> 2200 | L106: =VLOOKUP(F106,[1]Sheet1!$D:$J,7,0) -> NL300121 | M106: =A106&L106 -> 02/01/2026NL300121 | N106: 0 | O106: =H106-N106 -> 0.1 | P106: =VLOOKUP(L106,[2]Sheet1!$I:$M,5,0) -> 22000 | Q106: =N106*P106 -> 0 | R106: =J106-Q106 -> 2200
...

Sheet Sheet3
A3: Bảng kê hóa đơn mua hàng
A4: Từ ngày 01/01/2026 đến ngày 15/01/2026...
M5: =SUBTOTAL(9,M7:M824) -> 1209.11 | N5: =M5-'BÒ BÌNH THẠNH'!N13 -> 0 | P5: =SUBTOTAL(9,P7:P824) -> 28479250 | Q5: =P5-'BÒ BÌNH THẠNH'!Q13 -> 0
A6: Ngày ct | B6: Mã ct | C6: Số ct | D6: Số hđ | E6: Áp giá | F6: Mã ncc | G6: Tên ncc | H6: Diễn giải | J6: Mã hàng | K6: Tên mặt hàng | L6: Đvt | M6: Số lượng | N6: Giá | O6: Giá báo | P6: Tiền | Q6: Thuế suất | R6: Chênh lệch giá | S6: Kho hàng | T6: Mã nx | U6: Vụ việc | V6: Bộ phận | W6: Hợp đồng | X6: Người tạo | Y6: Người sửa
I7: =TEXT(A7,"dd/mm/yyyy")&J7
A8: 46023 | B8: HD | C8: 2601BSG07003 | E8: 1 | F8: NCC100186 | G8: CÔNG TY TNHH NÔNG SẢN THỰC PHẨM TRẦN GIA | H8: BSG07 - Nhập hàng mua ngày 01/01/2026 | I8: =TEXT(A8,"dd/mm/yyyy")&J8 -> 01/01/2026NL300003 | J8: NL300003 | K8: Bắp cải tím | L8: kg | M8: 3.4 | N8: =VLOOKUP(J8,[2]Sheet1!$I:$M,5,0) -> 26000 | O8: 0 | P8: =M8*N8 -> 88400 | Q8: 0 | R8: 26000 | S8: BSG.07 | T8: 3311 | V8: BSG07 | X8: PHATLT | Y8: PHATLT
A9: 46023 | B9: HD | C9: 2601BSG07003 | E9: 1 | F9: NCC100186 | G9: CÔNG TY TNHH NÔNG SẢN THỰC PHẨM TRẦN GIA | H9: BSG07 - Nhập hàng mua ngày 01/01/2026 | I9: =TEXT(A9,"dd/mm/yyyy")&J9 -> 01/01/2026NL300004 | J9: NL300004 | K9: Bắp cải trắng | L9: kg | M9: 4 | N9: =VLOOKUP(J9,[2]Sheet1!$I:$M,5,0) -> 19000 | O9: 0 | P9: =M9*N9 -> 76000 | Q9: 0 | R9: 19000 | S9: BSG.07 | T9: 3311 | V9: BSG07 | X9: PHATLT | Y9: PHATLT
A10: 46023 | B10: HD | C10: 2601BSG07003 | E10: 1 | F10: NCC100186 | G10: CÔNG TY TNHH NÔNG SẢN THỰC PHẨM TRẦN GIA | H10: BSG07 - Nhập hàng mua ngày 01/01/2026 | I10: =TEXT(A10,"dd/mm/yyyy")&J10 -> 01/01/2026NL300174 | J10: NL300174 | K10: Bầu | L10: kg | M10: 7 | N10: =VLOOKUP(J10,[2]Sheet1!$I:$M,5,0) -> 24000 | O10: 0 | P10: =M10*N10 -> 168000 | Q10: 0 | R10: 24000 | S10: BSG.07 | T10: 3311 | V10: BSG07 | X10: PHATLT | Y10: PHATLT
A11: 46023 | B11: HD | C11: 2601BSG07003 | E11: 1 | F11: NCC100186 | G11: CÔNG TY TNHH NÔNG SẢN THỰC PHẨM TRẦN GIA | H11: BSG07 - Nhập hàng mua ngày 01/01/2026 | I11: =TEXT(A11,"dd/mm/yyyy")&J11 -> 01/01/2026NL300011 | J11: NL300011 | K11: Bông súng | L11: kg | M11: 0.8 | N11: =VLOOKUP(J11,[2]Sheet1!$I:$M,5,0) -> 17000 | O11: 0 | P11: =M11*N11 -> 13600 | Q11: 0 | R11: 17000 | S11: BSG.07 | T11: 3311 | V11: BSG07 | X11: PHATLT | Y11: PHATLT
A12: 46023 | B12: HD | C12: 2601BSG07003 | E12: 1 | F12: NCC100186 | G12: CÔNG TY TNHH NÔNG SẢN THỰC PHẨM TRẦN GIA | H12: BSG07 - Nhập hàng mua ngày 01/01/2026 | I12: =TEXT(A12,"dd/mm/yyyy")&J12 -> 01/01/2026NL300014 | J12: NL300014 | K12: Cà chua bi | L12: kg | M12: 1.4 | N12: =VLOOKUP(J12,[2]Sheet1!$I:$M,5,0) -> 55000 | O12: 0 | P12: =M12*N12 -> 77000 | Q12: 0 | R12: 55000 | S12: BSG.07 | T12: 3311 | V12: BSG07 | X12: PHATLT | Y12: PHATLT
A13: 46023 | B13: HD | C13: 2601BSG07003 | E13: 1 | F13: NCC100186 | G13: CÔNG TY TNHH NÔNG SẢN THỰC PHẨM TRẦN GIA | H13: BSG07 - Nhập hàng mua ngày 01/01/2026 | I13: =TEXT(A13,"dd/mm/yyyy")&J13 -> 01/01/2026NL300027 | J13: NL300027 | K13: Cà rốt | L13: kg | M13: 4.8 | N13: =VLOOKUP(J13,[2]Sheet1!$I:$M,5,0) -> 18000 | O13: 0 | P13: =M13*N13 -> 86400 | Q13: 0 | R13: 18000 | S13: BSG.07 | T13: 3311 | V13: BSG07 | X13: PHATLT | Y13: PHATLT
A14: 46023 | B14: HD | C14: 2601BSG07003 | E14: 1 | F14: NCC100186 | G14: CÔNG TY TNHH NÔNG SẢN THỰC PHẨM TRẦN GIA | H14: BSG07 - Nhập hàng mua ngày 01/01/2026 | I14: =TEXT(A14,"dd/mm/yyyy")&J14 -> 01/01/2026NL300203 | J14: NL300203 | K14: Cải bó xôi | L14: kg | M14: 6 | N14: =VLOOKUP(J14,[2]Sheet1!$I:$M,5,0) -> 45000 | O14: 0 | P14: =M14*N14 -> 270000 | Q14: 0 | R14: 45000 | S14: BSG.07 | T14: 3311 | V14: BSG07 | X14: PHATLT | Y14: PHATLT
A15: 46023 | B15: HD | C15: 2601BSG07003 | E15: 1 | F15: NCC100186 | G15: CÔNG TY TNHH NÔNG SẢN THỰC PHẨM TRẦN GIA | H15: BSG07 - Nhập hàng mua ngày 01/01/2026 | I15: =TEXT(A15,"dd/mm/yyyy")&J15 -> 01/01/2026NL300188 | J15: NL300188 | K15: Củ Sắn ( Bếp) | L15: kg | M15: 0.4 | N15: =VLOOKUP(J15,[2]Sheet1!$I:$M,5,0) -> 12000 | O15: 0 | P15: =M15*N15 -> 4800 | Q15: 0 | R15: 12000 | S15: BSG.07 | T15: 3311 | V15: BSG07 | X15: PHATLT | Y15: PHATLT
A16: 46023 | B16: HD | C16: 2601BSG07003 | E16: 1 | F16: NCC100186 | G16: CÔNG TY TNHH NÔNG SẢN THỰC PHẨM TRẦN GIA | H16: BSG07 - Nhập hàng mua ngày 01/01/2026 | I16: =TEXT(A16,"dd/mm/yyyy")&J16 -> 01/01/2026NL300048 | J16: NL300048 | K16: Dưa chuột | L16: kg | M16: 4.8 | N16: =VLOOKUP(J16,[2]Sheet1!$I:$M,5,0) -> 18000 | O16: 0 | P16: =M16*N16 -> 86400 | Q16: 0 | R16: 18000 | S16: BSG.07 | T16: 3311 | V16: BSG07 | X16: PHATLT | Y16: PHATLT
A17: 46023 | B17: HD | C17: 2601BSG07003 | E17: 1 | F17: NCC100186 | G17: CÔNG TY TNHH NÔNG SẢN THỰC PHẨM TRẦN GIA | H17: BSG07 - Nhập hàng mua ngày 01/01/2026 | I17: =TEXT(A17,"dd/mm/yyyy")&J17 -> 01/01/2026NL300038 | J17: NL300038 | K17: Đậu bắp | L17: kg | M17: 1.8 | N17: =VLOOKUP(J17,[2]Sheet1!$I:$M,5,0) -> 32000 | O17: 0 | P17: =M17*N17 -> 57600 | Q17: 0 | R17: 32000 | S17: BSG.07 | T17: 3311 | V17: BSG07 | X17: PHATLT | Y17: PHATLT
A18: 46023 | B18: HD | C18: 2601BSG07003 | E18: 1 | F18: NCC100186 | G18: CÔNG TY TNHH NÔNG SẢN THỰC PHẨM TRẦN GIA | H18: BSG07 - Nhập hàng mua ngày 01/01/2026 | I18: =TEXT(A18,"dd/mm/yyyy")&J18 -> 01/01/2026NL300156 | J18: NL300156 | K18: Đậu cove Pháp | L18: kg | M18: 0.1 | N18: =VLOOKUP(J18,[2]Sheet1!$I:$M,5,0) -> 75000 | O18: 0 | P18: =M18*N18 -> 7500 | Q18: 0 | R18: 75000 | S18: BSG.07 | T18: 3311 | V18: BSG07 | X18: PHATLT | Y18: PHATLT
A19: 46023 | B19: HD | C19: 2601BSG07003 | E19: 1 | F19: NCC100186 | G19: CÔNG TY TNHH NÔNG SẢN THỰC PHẨM TRẦN GIA | H19: BSG07 - Nhập hàng mua ngày 01/01/2026 | I19: =TEXT(A19,"dd/mm/yyyy")&J19 -> 01/01/2026NL300037 | J19: NL300037 | K19: Đậu phụ ( đậu hủ miếng trắng ) | L19: miếng | M19: 60 | N19: =VLOOKUP(J19,[2]Sheet1!$I:$M,5,0) -> 4000 | O19: 0 | P19: =M19*N19 -> 240000 | Q19: 0 | R19: 4000 | S19: BSG.07 | T19: 3311 | V19: BSG07 | X19: PHATLT | Y19: PHATLT
... A348: 46031 | B348: HD | C348: 2601BSG07063 | E348: 1 | F348: NCC100186 | G348: CÔNG TY TNHH NÔNG SẢN THỰC PHẨM TRẦN GIA | H348: BSG07 - Nhập hàng mua ngày 09/01/2026 | I348: =TEXT(A348,"dd/mm/yyyy")&J348 -> 09/01/2026NL300209 | J348: NL300209 | K348: Khoai môn | L348: kg | M348: 0.8 | N348: =VLOOKUP(J348,[2]Sheet1!$I:$M,5,0) -> 30000 | O348: 0 | P348: =M348*N348 -> 24000 | Q348: 0 | R348: 30000 | S348: BSG.07 | T348: 3311 | V348: BSG07 | X348: PHATLT | Y348: PHATLT
A349: 46031 | B349: HD | C349: 2601BSG07063 | E349: 1 | F349: NCC100186 | G349: CÔNG TY TNHH NÔNG SẢN THỰC PHẨM TRẦN GIA | H349: BSG07 - Nhập hàng mua ngày 09/01/2026 | I349: =TEXT(A349,"dd/mm/yyyy")&J349 -> 09/01/2026NL300105 | J349: NL300105 | K349: Nghệ | L349: kg | M349: 0.2 | N349: 36000 | O349: 0 | P349: =M349*N349 -> 7200 | Q349: 0 | R349: 36000 | S349: BSG.07 | T349: 3311 | V349: BSG07 | X349: PHATLT | Y349: PHATLT
A350: 46031 | B350: HD | C350: 2601BSG07063 | E350: 1 | F350: NCC100186 | G350: CÔNG TY TNHH NÔNG SẢN THỰC PHẨM TRẦN GIA | H350: BSG07 - Nhập hàng mua ngày 09/01/2026 | I350: =TEXT(A350,"dd/mm/yyyy")&J350 -> 09/01/2026NL300119 | J350: NL300119 | K350: Quất ( Tắc trái ) | L350: kg | M350: 1 | N350: =VLOOKUP(J350,[2]Sheet1!$I:$M,5,0) -> 21000 | O350: 0 | P350: =M350*N350 -> 21000 | Q350: 0 | R350: 21000 | S350: BSG.07 | T350: 3311 | V350: BSG07 | X350: PHATLT | Y350: PHATLT
A351: 46031 | B351: HD | C351: 2601BSG07063 | E351: 1 | F351: NCC100186 | G351: CÔNG TY TNHH NÔNG SẢN THỰC PHẨM TRẦN GIA | H351: BSG07 - Nhập hàng mua ngày 09/01/2026 | I351: =TEXT(A351,"dd/mm/yyyy")&J351 -> 09/01/2026NL300132 | J351: NL300132 | K351: Sả cây | L351: kg | M351: 0.3 | N351: =VLOOKUP(J351,[2]Sheet1!$I:$M,5,0) -> 12000 | O351: 0 | P351: =M351*N351 -> 3600 | Q351: 0 | R351: 12000 | S351: BSG.07 | T351: 3311 | V351: BSG07 | X351: PHATLT | Y351: PHATLT
A352: 46031 | B352: HD | C352: 2601BSG07063 | E352: 1 | F352: NCC100186 | G352: CÔNG TY TNHH NÔNG SẢN THỰC PHẨM TRẦN GIA | H352: BSG07 - Nhập hàng mua ngày 09/01/2026 | I352: =TEXT(A352,"dd/mm/yyyy")&J352 -> 09/01/2026NL300062 | J352: NL300062 | K352: Húng Bạc Hà | L352: kg | M352: 0.2 | N352: =VLOOKUP(J352,[2]Sheet1!$I:$M,5,0) -> 65000 | O352: 0 | P352: =M352*N352 -> 13000 | Q352: 0 | R352: 65000 | S352: BSG.07 | T352: 3311 | V352: BSG07 | X352: PHATLT | Y352: PHATLT
A353: 46031 | B353: HD | C353: 2601BSG07063 | E353: 1 | F353: NCC100186 | G353: CÔNG TY TNHH NÔNG SẢN THỰC PHẨM TRẦN GIA | H353: BSG07 - Nhập hàng mua ngày 09/01/2026 | I353: =TEXT(A353,"dd/mm/yyyy")&J353 -> 09/01/2026NL300141 | J353: NL300141 | K353: Tiêu xanh | L353: kg | M353: 0.2 | N353: =VLOOKUP(J353,[2]Sheet1!$I:$M,5,0) -> 92000 | O353: 0 | P353: =M353*N353 -> 18400 | Q353: 0 | R353: 92000 | S353: BSG.07 | T353: 3311 | V353: BSG07 | X353: PHATLT | Y353: PHATLT
A354: 46031 | B354: HD | C354: 2601BSG07063 | E354: 1 | F354: NCC100186 | G354: CÔNG TY TNHH NÔNG SẢN THỰC PHẨM TRẦN GIA | H354: BSG07 - Nhập hàng mua ngày 09/01/2026 | I354: =TEXT(A354,"dd/mm/yyyy")&J354 -> 09/01/2026NL300137 | J354: NL300137 | K354: Súp lơ xanh | L354: kg | M354: 0.7 | N354: =VLOOKUP(J354,[2]Sheet1!$I:$M,5,0) -> 52000 | O354: 0 | P354: =M354*N354 -> 36400 | Q354: 0 | R354: 52000 | S354: BSG.07 | T354: 3311 | V354: BSG07 | X354: PHATLT | Y354: PHATLT
A355: 46031 | B355: HD | C355: 2601BSG07063 | E355: 1 | F355: NCC100186 | G355: CÔNG TY TNHH NÔNG SẢN THỰC PHẨM TRẦN GIA | H355: BSG07 - Nhập hàng mua ngày 09/01/2026 | I355: =TEXT(A355,"dd/mm/yyyy")&J355 -> 09/01/2026NL300153 | J355: NL300153 | K355: Ớt xanh Đà Lạt | L355: kg | M355: 0.2 | N355: =VLOOKUP(J355,[2]Sheet1!$I:$M,5,0) -> 46000 | O355: 0 | P355: =M355*N355 -> 9200 | Q355: 0 | R355: 46000 | S355: BSG.07 | T355: 3311 | V355: BSG07 | X355: PHATLT | Y355: PHATLT
A356: 46031 | B356: HD | C356: 2601BSG07063 | E356: 1 | F356: NCC100186 | G356: CÔNG TY TNHH NÔNG SẢN THỰC PHẨM TRẦN GIA | H356: BSG07 - Nhập hàng mua ngày 09/01/2026 | I356: =TEXT(A356,"dd/mm/yyyy")&J356 -> 09/01/2026NL300107 | J356: NL300107 | K356: Ngô ngọt ( Bắp trái) | L356: Cái | M356: 2 | N356: =VLOOKUP(J356,[2]Sheet1!$I:$M,5,0) -> 8500 | O356: 0 | P356: =M356*N356 -> 17000 | Q356: 0 | R356: 8500 | S356: BSG.07 | T356: 3311 | V356: BSG07 | X356: PHATLT | Y356: PHATLT
A357: 46031 | B357: HD | C357: 2601BSG07063 | E357: 1 | F357: NCC100186 | G357: CÔNG TY TNHH NÔNG SẢN THỰC PHẨM TRẦN GIA | H357: BSG07 - Nhập hàng mua ngày 09/01/2026 | I357: =TEXT(A357,"dd/mm/yyyy")&J357 -> 09/01/2026NL300076 | J357: NL300076 | K357: Lá hẹ | L357: kg | M357: 0.2 | N357: =VLOOKUP(J357,[2]Sheet1!$I:$M,5,0) -> 38000 | O357: 0 | P357: =M357*N357 -> 7600 | Q357: 0 | R357: 38000 | S357: BSG.07 | T357: 3311 | V357: BSG07 | X357: PHATLT | Y357: PHATLT
A358: 46031 | B358: HD | C358: 2601BSG07063 | E358: 1 | F358: NCC100186 | G358: CÔNG TY TNHH NÔNG SẢN THỰC PHẨM TRẦN GIA | H358: BSG07 - Nhập hàng mua ngày 09/01/2026 | I358: =TEXT(A358,"dd/mm/yyyy")&J358 -> 09/01/2026NL300055 | J358: NL300055 | K358: Hành bóc | L358: kg | M358: 1 | N358: =VLOOKUP(J358,[2]Sheet1!$I:$M,5,0) -> 80000 | O358: 0 | P358: =M358*N358 -> 80000 | Q358: 0 | R358: 80000 | S358: BSG.07 | T358: 3311 | V358: BSG07 | X358: PHATLT | Y358: PHATLT
A359: 46031 | B359: HD | C359: 2601BSG07063 | E359: 1 | F359: NCC100186 | G359: CÔNG TY TNHH NÔNG SẢN THỰC PHẨM TRẦN GIA | H359: BSG07 - Nhập hàng mua ngày 09/01/2026 | I359: =TEXT(A359,"dd/mm/yyyy")&J359 -> 09/01/2026NL300037 | J359: NL300037 | K359: Đậu phụ ( đậu hủ miếng trắng ) | L359: miếng | M359: 10 | N359: =VLOOKUP(J359,[2]Sheet1!$I:$M,5,0) -> 4000 | O359: 0 | P359: =M359*N359 -> 40000 | Q359: 0 | R359: 4000 | S359: BSG.07 | T359: 3311 | V359: BSG07 | X359: PHATLT | Y359: PHATLT
A360: 46031 | B360: HD | C360: 2601BSG07063 | E360: 1 | F360: NCC100186 | G360: CÔNG TY TNHH NÔNG SẢN THỰC PHẨM TRẦN GIA | H360: BSG07 - Nhập hàng mua ngày 09/01/2026 | I360: =TEXT(A360,"dd/mm/yyyy")&J360 -> 09/01/2026NL300048 | J360: NL300048 | K360: Dưa chuột | L360: kg | M360: 1.7 | N360: =VLOOKUP(J360,[2]Sheet1!$I:$M,5,0) -> 18000 | O360: 0 | P360: =M360*N360 -> 30600 | Q360: 0 | R360: 18000 | S360: BSG.07 | T360: 3311 | V360: BSG07 | X360: PHATLT | Y360: PHATLT
A361: 46031 | B361: HD | C361: 2601BSG07063 | E361: 1 | F361: NCC100186 | G361: CÔNG TY TNHH NÔNG SẢN THỰC PHẨM TRẦN GIA | H361: BSG07 - Nhập hàng mua ngày 09/01/2026 | I361: =TEXT(A361,"dd/mm/yyyy")&J361 -> 09/01/2026NL300027 | J361: NL300027 | K361: Cà rốt | L361: kg | M361: 1.9 | N361: =VLOOKUP(J361,[2]Sheet1!$I:$M,5,0) -> 18000 | O361: 0 | P361: =M361*N361 -> 34200 | Q361: 0 | R361: 18000 | S361: BSG.07 | T361: 3311 | V361: BSG07 | X361: PHATLT | Y361: PHATLT
... A651: 46023 | B651: HD | C651: 2601BSG07003 | E651: 1 | F651: NCC100186 | G651: CÔNG TY TNHH NÔNG SẢN THỰC PHẨM TRẦN GIA | H651: BSG07 - Nhập hàng mua ngày 01/01/2026 | I651: =TEXT(A651,"dd/mm/yyyy")&J651 -> 01/01/2026NL300148 | J651: NL300148 | K651: Xà lách tím | L651: kg | M651: 0.5 | N651: =VLOOKUP(J651,[2]Sheet1!$I:$M,5,0) -> 65000 | O651: 0 | P651: =M651*N651 -> 32500 | Q651: 0 | R651: 65000 | S651: BSG.07 | T651: 3311 | V651: BSG07 | X651: PHATLT | Y651: PHATLT

Sheet Q7
D2: CÔNG TY TNHH NÔNG SẢN THỰC PHẨM TRẦN GIA HTX: Ấp Lộc Tiến, Xã Mỹ Lộc, Huyện Cần Giuộc, Tỉnh Long An VP: Tòa nhà An Phú Plaza, 117-119 Lý Chính Thắng, P.7. Q.3, TP.HCM Kho sơ chế: 30 Kha Vạn Cân, P. Hiệp Bình Chánh, TP.Thủ Đức, TP.HCM Kho Đà Lạt: 69 Trần Thủ Độ, TT Liên Nghĩa, Huyện Đức Trọng, Tỉnh Lâm Đồng. Website: rausachtrangia.com - Hotline: 090.245.8081
A4: CHI TIẾT ĐỐI CHIẾU CÔNG NỢ
A6: Từ ngày 1 tháng 01 đến ngày 15 tháng 01 năm 2026
A8: Tên Khách hàng: BÒ TƠ Q7
A10: Địa chỉ:
A12: Người liên hệ: Email:
J13: =SUBTOTAL(9,J15:J860) -> 51467020 | N13: =SUBTOTAL(9,N15:N987) -> 2055.17 | O13: =N13-Sheet4!M5 -> 0 | Q13: =SUBTOTAL(9,Q15:Q987) -> 45897840 | R13: =Q13-Sheet4!P5 -> 0
A14: NGÀY | B14: MÃ KHÁCH HÀNG | C14: TÊN KHÁCH HÀNG | D14: MÃ ĐƠN HÀNG | E14: MÃ HÀNG | F14: TÊN HÀNG | G14: ĐVT | H14: SỐ LƯỢNG | I14: ĐƠN GIÁ | J14: THÀNH TIỀN | K14: GHI CHÚ | N14: Thực nhận | O14: lệch | P14: Giá chốt | Q14: Tổng | R14: Lệch
A15: 01/01/2026 | B15: TG-KS00056 | C15: BÒ TƠ Q7 | D15: TG-AA20659 | E15: I100002 | F15: Bắp cải tím | G15: Kg | H15: 2.3 | I15: 26000 | J15: =H15*I15 -> 59800 | L15: =VLOOKUP(F15,[1]Sheet1!$D:$J,7,0) -> NL300003 | M15: =A15&L15 -> 01/01/2026NL300003 | N15: =VLOOKUP(M15,Sheet4!I:P,5,0) -> 2 | O15: =H15-N15 -> 0.3 | P15: =VLOOKUP(L15,[2]Sheet1!$I:$M,5,0) -> 26000 | Q15: =N15*P15 -> 52000 | R15: =J15-Q15 -> 7800
A16: 01/01/2026 | B16: TG-KS00056 | C16: BÒ TƠ Q7 | D16: TG-AA20659 | E16: I100003 | F16: Bắp cải trắng | G16: Kg | H16: 3.5 | I16: 19000 | J16: =H16*I16 -> 66500 | L16: =VLOOKUP(F16,[1]Sheet1!$D:$J,7,0) -> NL300004 | M16: =A16&L16 -> 01/01/2026NL300004 | N16: =VLOOKUP(M16,Sheet4!I:P,5,0) -> 3 | O16: =H16-N16 -> 0.5 | P16: =VLOOKUP(L16,[2]Sheet1!$I:$M,5,0) -> 19000 | Q16: =N16*P16 -> 57000 | R16: =J16-Q16 -> 9500
A17: 01/01/2026 | B17: TG-KS00056 | C17: BÒ TƠ Q7 | D17: TG-AA20659 | E17: I100004 | F17: Bắp chuối bào | G17: Kg | H17: 0.5 | I17: 33000 | J17: =H17*I17 -> 16500 | L17: =VLOOKUP(F17,[1]Sheet1!$D:$J,7,0) -> NL300060 | M17: =A17&L17 -> 01/01/2026NL300060 | N17: =VLOOKUP(M17,Sheet4!I:P,5,0) -> 0.5 | O17: =H17-N17 -> 0 | P17: =VLOOKUP(L17,[2]Sheet1!$I:$M,5,0) -> 33000 | Q17: =N17*P17 -> 16500 | R17: =J17-Q17 -> 0
A18: 01/01/2026 | B18: TG-KS00056 | C18: BÒ TƠ Q7 | D18: TG-AA20659 | E18: I100008 | F18: Bắp mỹ trái (Loại 1) | G18: Trái | H18: 4 | I18: 8500 | J18: =H18*I18 -> 34000 | L18: =VLOOKUP(F18,[1]Sheet1!$D:$J,7,0) -> NL300107 | M18: =A18&L18 -> 01/01/2026NL300107 | N18: =VLOOKUP(M18,Sheet4!I:P,5,0) -> 4 | O18: =H18-N18 -> 0 | P18: =VLOOKUP(L18,[2]Sheet1!$I:$M,5,0) -> 8500 | Q18: =N18*P18 -> 34000 | R18: =J18-Q18 -> 0
A19: 01/01/2026 | B19: TG-KS00056 | C19: BÒ TƠ Q7 | D19: TG-AA20659 | E19: I100010 | F19: Bầu xanh | G19: Kg | H19: 3.8 | I19: 24000 | J19: =H19*I19 -> 91200 | L19: =VLOOKUP(F19,[1]Sheet1!$D:$J,7,0) -> NL300174 | M19: =A19&L19 -> 01/01/2026NL300174 | N19: =VLOOKUP(M19,Sheet4!I:P,5,0) -> 3.8 | O19: =H19-N19 -> 0 | P19: =VLOOKUP(L19,[2]Sheet1!$I:$M,5,0) -> 24000 | Q19: =N19*P19 -> 91200 | R19: =J19-Q19 -> 0
A20: 01/01/2026 | B20: TG-KS00056 | C20: BÒ TƠ Q7 | D20: TG-AA20659 | E20: I100018 | F20: Bó xôi (Nhà Lồng) | G20: Kg | H20: 6 | I20: 45000 | J20: =H20*I20 -> 270000 | L20: =VLOOKUP(F20,[1]Sheet1!$D:$J,7,0) -> NL300203 | M20: =A20&L20 -> 01/01/2026NL300203 | N20: =VLOOKUP(M20,Sheet4!I:P,5,0) -> 5 | O20: =H20-N20 -> 1 | P20: =VLOOKUP(L20,[2]Sheet1!$I:$M,5,0) -> 45000 | Q20: =N20*P20 -> 225000 | R20: =J20-Q20 -> 45000
A21: 01/01/2026 | B21: TG-KS00056 | C21: BÒ TƠ Q7 | D21: TG-AA20659 | E21: I100024 | F21: Bông cải xanh | G21: Kg | H21: 4 | I21: 52000 | J21: =H21*I21 -> 208000 | L21: =VLOOKUP(F21,[1]Sheet1!$D:$J,7,0) -> NL300137 | M21: =A21&L21 -> 01/01/2026NL300137 | N21: =VLOOKUP(M21,Sheet4!I:P,5,0) -> 3.5 | O21: =H21-N21 -> 0.5 | P21: =VLOOKUP(L21,[2]Sheet1!$I:$M,5,0) -> 52000 | Q21: =N21*P21 -> 182000 | R21: =J21-Q21 -> 26000
A22: 01/01/2026 | B22: TG-KS00056 | C22: BÒ TƠ Q7 | D22: TG-AA20659 | E22: I100034 | F22: Cà chua | G22: Kg | H22: 5 | I22: 50000 | J22: =H22*I22 -> 250000 | L22: =VLOOKUP(F22,[1]Sheet1!$D:$J,7,0) -> NL300013 | M22: =A22&L22 -> 01/01/2026NL300013 | N22: =VLOOKUP(M22,Sheet4!I:P,5,0) -> 5 | O22: =H22-N22 -> 0 | P22: =VLOOKUP(L22,[2]Sheet1!$I:$M,5,0) -> 50000 | Q22: =N22*P22 -> 250000 | R22: =J22-Q22 -> 0
A23: 01/01/2026 | B23: TG-KS00056 | C23: BÒ TƠ Q7 | D23: TG-AA20659 | E23: I100033 | F23: Cà chua bi | G23: Kg | H23: 1.3 | I23: 55000 | J23: =H23*I23 -> 71500 | L23: =VLOOKUP(F23,[1]Sheet1!$D:$J,7,0) -> NL300014 | M23: =A23&L23 -> 01/01/2026NL300014 | N23: =VLOOKUP(M23,Sheet4!I:P,5,0) -> 1 | O23: =H23-N23 -> 0.3 | P23: =VLOOKUP(L23,[2]Sheet1!$I:$M,5,0) -> 55000 | Q23: =N23*P23 -> 55000 | R23: =J23-Q23 -> 16500
A24: 01/01/2026 | B24: TG-KS00056 | C24: BÒ TƠ Q7 | D24: TG-AA20659 | E24: I100039 | F24: Cà rốt | G24: Kg | H24: 7 | I24: 18000 | J24: =H24*I24 -> 126000 | L24: =VLOOKUP(F24,[1]Sheet1!$D:$J,7,0) -> NL300027 | M24: =A24&L24 -> 01/01/2026NL300027 | N24: =VLOOKUP(M24,Sheet4!I:P,5,0) -> 6 | O24: =H24-N24 -> 1 | P24: =VLOOKUP(L24,[2]Sheet1!$I:$M,5,0) -> 18000 | Q24: =N24*P24 -> 108000 | R24: =J24-Q24 -> 18000
A25: 01/01/2026 | B25: TG-KS00056 | C25: BÒ TƠ Q7 | D25: TG-AA20659 | E25: I100064 | F25: Củ cải đỏ (Radis) | G25: Kg | H25: 0.2 | I25: 40000 | J25: =H25*I25 -> 8000 | L25: =VLOOKUP(F25,[1]Sheet1!$D:$J,7,0) -> NL300034 | M25: =A25&L25 -> 01/01/2026NL300034 | N25: =VLOOKUP(M25,Sheet4!I:P,5,0) -> 0.2 | O25: =H25-N25 -> 0 | P25: =VLOOKUP(L25,[2]Sheet1!$I:$M,5,0) -> 40000 | Q25: =N25*P25 -> 8000 | R25: =J25-Q25 -> 0
A26: 01/01/2026 | B26: TG-KS00056 | C26: BÒ TƠ Q7 | D26: TG-AA20659 | E26: I100067 | F26: Củ cải trắng (Loại 1) | G26: Kg | H26: 3.1 | I26: 13000 | J26: =H26*I26 -> 40300 | L26: =VLOOKUP(F26,[1]Sheet1!$D:$J,7,0) -> NL300033 | M26: =A26&L26 -> 01/01/2026NL300033 | N26: =VLOOKUP(M26,Sheet4!I:P,5,0) -> 3 | O26: =H26-N26 -> 0.1 | P26: =VLOOKUP(L26,[2]Sheet1!$I:$M,5,0) -> 13000 | Q26: =N26*P26 -> 39000 | R26: =J26-Q26 -> 1300
... A72: 01/01/2026 | B72: TG-KS00056 | C72: BÒ TƠ Q7 | D72: TG-AA20659 | E72: I100207 | F72: Xà lách lolo xanh | G72: Kg | H72: 15 | I72: 38000 | J72: =H72*I72 -> 570000 | L72: =VLOOKUP(F72,[1]Sheet1!$D:$J,7,0) -> NL300145 | M72: =A72&L72 -> 01/01/2026NL300145 | N72: =VLOOKUP(M72,Sheet4!I:P,5,0) -> 11 | O72: =H72-N72 -> 4 | P72: =VLOOKUP(L72,[2]Sheet1!$I:$M,5,0) -> 38000 | Q72: =N72*P72 -> 418000 | R72: =J72-Q72 -> 152000
A73: 01/01/2026 | B73: TG-KS00056 | C73: BÒ TƠ Q7 | D73: TG-AA20749 | E73: I100033 | F73: Cà chua bi | G73: Kg | H73: 1 | I73: 55000 | J73: =H73*I73 -> 55000 | L73: =VLOOKUP(F73,[1]Sheet1!$D:$J,7,0) -> NL300014 | M73: =A73&L73 -> 01/01/2026NL300014 | N73: 0 | O73: =H73-N73 -> 1 | P73: =VLOOKUP(L73,[2]Sheet1!$I:$M,5,0) -> 55000 | Q73: =N73*P73 -> 0 | R73: =J73-Q73 -> 55000
A74: 02/01/2026 | B74: TG-KS00066 | C74: BÒ TƠ Q7 (NV) | D74: TG-AA20833 | E74: I100001 | F74: Bạc hà | G74: Kg | H74: 0.47 | I74: 17000 | J74: =H74*I74 -> 7990 | L74: NL430043 | M74: =A74&L74 -> 02/01/2026NL430043 | N74: =VLOOKUP(M74,Sheet4!I:P,5,0) -> 0.47 | O74: =H74-N74 -> 0 | P74: =VLOOKUP(L74,[2]Sheet1!$I:$M,5,0) -> 17000 | Q74: =N74*P74 -> 7990 | R74: =J74-Q74 -> 0
A75: 02/01/2026 | B75: TG-KS00056 | C75: BÒ TƠ Q7 | D75: TG-AA20858 | E75: I100002 | F75: Bắp cải tím | G75: Kg | H75: 2 | I75: 26000 | J75: =H75*I75 -> 52000 | L75: =VLOOKUP(F75,[1]Sheet1!$D:$J,7,0) -> NL300003 | M75: =A75&L75 -> 02/01/2026NL300003 | N75: =VLOOKUP(M75,Sheet4!I:P,5,0) -> 2 | O75: =H75-N75 -> 0 | P75: =VLOOKUP(L75,[2]Sheet1!$I:$M,5,0) -> 26000 | Q75: =N75*P75 -> 52000 | R75: =J75-Q75 -> 0
A76: 02/01/2026 | B76: TG-KS00056 | C76: BÒ TƠ Q7 | D76: TG-AA20858 | E76: I100003 | F76: Bắp cải trắng | G76: Kg | H76: 2.9 | I76: 19000 | J76: =H76*I76 -> 55100 | L76: =VLOOKUP(F76,[1]Sheet1!$D:$J,7,0) -> NL300004 | M76: =A76&L76 -> 02/01/2026NL300004 | N76: =VLOOKUP(M76,Sheet4!I:P,5,0) -> 2.9 | O76: =H76-N76 -> 0 | P76: =VLOOKUP(L76,[2]Sheet1!$I:$M,5,0) -> 19000 | Q76: =N76*P76 -> 55100 | R76: =J76-Q76 -> 0
A77: 02/01/2026 | B77: TG-KS00056 | C77: BÒ TƠ Q7 | D77: TG-AA20858 | E77: I100004 | F77: Bắp chuối bào | G77: Kg | H77: 0.5 | I77: 33000 | J77: =H77*I77 -> 16500 | L77: =VLOOKUP(F77,[1]Sheet1!$D:$J,7,0) -> NL300060 | M77: =A77&L77 -> 02/01/2026NL300060 | N77: =VLOOKUP(M77,Sheet4!I:P,5,0) -> 0.5 | O77: =H77-N77 -> 0 | P77: =VLOOKUP(L77,[2]Sheet1!$I:$M,5,0) -> 33000 | Q77: =N77*P77 -> 16500 | R77: =J77-Q77 -> 0
A78: 02/01/2026 | B78: TG-KS00056 | C78: BÒ TƠ Q7 | D78: TG-AA20866 | E78: I100007 | F78: Bắp mỹ kg Lột Vỏ | G78: Kg | H78: 1.1 | I78: 32000 | J78: =H78*I78 -> 35200 | L78: NL300107 | M78: =A78&L78 -> 02/01/2026NL300107 | N78: 1 | O78: =H78-N78 -> 0.1 | P78: =VLOOKUP(L78,[2]Sheet1!$I:$M,5,0) -> 8500 | Q78: =N78*P78 -> 8500 | R78: =J78-Q78 -> 26700
A79: 02/01/2026 | B79: TG-KS00056 | C79: BÒ TƠ Q7 | D79: TG-AA20858 | E79: I100008 | F79: Bắp mỹ trái (Loại 1) | G79: Trái | H79: 4 | I79: 8500 | J79: =H79*I79 -> 34000 | L79: =VLOOKUP(F79,[1]Sheet1!$D:$J,7,0) -> NL300107 | M79: =A79&L79 -> 02/01/2026NL300107 | N79: 4 | O79: =H79-N79 -> 0 | P79: =VLOOKUP(L79,[2]Sheet1!$I:$M,5,0) -> 8500 | Q79: =N79*P79 -> 34000 | R79: =J79-Q79 -> 0
A80: 02/01/2026 | B80: TG-KS00056 | C80: BÒ TƠ Q7 | D80: TG-AA20858 | E80: I100010 | F80: Bầu xanh | G80: Kg | H80: 7.5 | I80: 24000 | J80: =H80*I80 -> 180000 | L80: =VLOOKUP(F80,[1]Sheet1!$D:$J,7,0) -> NL300174 | M80: =A80&L80 -> 02/01/2026NL300174 | N80: =VLOOKUP(M80,Sheet4!I:P,5,0) -> 7 | O80: =H80-N80 -> 0.5 | P80: =VLOOKUP(L80,[2]Sheet1!$I:$M,5,0) -> 24000 | Q80: =N80*P80 -> 168000 | R80: =J80-Q80 -> 12000
A81: 02/01/2026 | B81: TG-KS00056 | C81: BÒ TƠ Q7 | D81: TG-AA20866 | E81: I100016 | F81: Bí ngòi xanh | G81: Kg | H81: 1.2 | I81: 40000 | J81: =H81*I81 -> 48000 | L81: NL300008 | M81: =A81&L81 -> 02/01/2026NL300008 | N81: =VLOOKUP(M81,Sheet4!I:P,5,0) -> 1 | O81: =H81-N81 -> 0.2 | P81: =VLOOKUP(L81,[2]Sheet1!$I:$M,5,0) -> 40000 | Q81: =N81*P81 -> 40000 | R81: =J81-Q81 -> 8000
A82: 02/01/2026 | B82: TG-KS00056 | C82: BÒ TƠ Q7 | D82: TG-AA20858 | E82: I100018 | F82: Bó xôi (Nhà Lồng) | G82: Kg | H82: 5 | I82: 45000 | J82: =H82*I82 -> 225000 | L82: =VLOOKUP(F82,[1]Sheet1!$D:$J,7,0) -> NL300203 | M82: =A82&L82 -> 02/01/2026NL300203 | N82: =VLOOKUP(M82,Sheet4!I:P,5,0) -> 4 | O82: =H82-N82 -> 1 | P82: =VLOOKUP(L82,[2]Sheet1!$I:$M,5,0) -> 45000 | Q82: =N82*P82 -> 180000 | R82: =J82-Q82 -> 45000
A83: 02/01/2026 | B83: TG-KS00056 | C83: BÒ TƠ Q7 | D83: TG-AA20858 | E83: I100024 | F83: Bông cải xanh | G83: Kg | H83: 3.1 | I83: 52000 | J83: =H83*I83 -> 161200 | L83: =VLOOKUP(F83,[1]Sheet1!$D:$J,7,0) -> NL300137 | M83: =A83&L83 -> 02/01/2026NL300137 | N83: =VLOOKUP(M83,Sheet4!I:P,5,0) -> 3 | O83: =H83-N83 -> 0.1 | P83: =VLOOKUP(L83,[2]Sheet1!$I:$M,5,0) -> 52000 | Q83: =N83*P83 -> 156000 | R83: =J83-Q83 -> 5200
A84: 02/01/2026 | B84: TG-KS00066 | C84: BÒ TƠ Q7 (NV) | D84: TG-AA20833 | E84: I100410 | F84: Cá Ba sa | G84: Kg | H84: 3 | I84: 82000 | J84: =H84*I84 -> 246000 | L84: =VLOOKUP(F84,[1]Sheet1!$D:$J,7,0) -> NL410018 | M84: =A84&L84 -> 02/01/2026NL410018 | N84: =VLOOKUP(M84,Sheet4!I:P,5,0) -> 2.9 | O84: =H84-N84 -> 0.1 | P84: =VLOOKUP(L84,[2]Sheet1!$I:$M,5,0) -> 82000 | Q84: =N84*P84 -> 237800 | R84: =J84-Q84 -> 8200
A85: 02/01/2026 | B85: TG-KS00056 | C85: BÒ TƠ Q7 | D85: TG-AA20858 | E85: I100034 | F85: Cà chua | G85: Kg | H85: 7 | I85: 50000 | J85: =H85*I85 -> 350000 | L85: =VLOOKUP(F85,[1]Sheet1!$D:$J,7,0) -> NL300013 | M85: =A85&L85 -> 02/01/2026NL300013 | N85: =VLOOKUP(M85,Sheet4!I:P,5,0) -> 6 | O85: =H85-N85 -> 1 | P85: =VLOOKUP(L85,[2]Sheet1!$I:$M,5,0) -> 50000 | Q85: =N85*P85 -> 300000 | R85: =J85-Q85 -> 50000
A86: 02/01/2026 | B86: TG-KS00056 | C86: BÒ TƠ Q7 | D86: TG-AA20858 | E86: I100033 | F86: Cà chua bi | G86: Kg | H86: 1.2 | I86: 55000 | J86: =H86*I86 -> 66000 | L86: =VLOOKUP(F86,[1]Sheet1!$D:$J,7,0) -> NL300014 | M86: =A86&L86 -> 02/01/2026NL300014 | N86: =VLOOKUP(M86,Sheet4!I:P,5,0) -> 1 | O86: =H86-N86 -> 0.2 | P86: =VLOOKUP(L86,[2]Sheet1!$I:$M,5,0) -> 55000 | Q86: =N86*P86 -> 55000 | R86: =J86-Q86 -> 11000
A87: 02/01/2026 | B87: TG-KS00056 | C87: BÒ TƠ Q7 | D87: TG-AA20858 | E87: I100039 | F87: Cà rốt | G87: Kg | H87: 7 | I87: 18000 | J87: =H87*I87 -> 126000 | L87: =VLOOKUP(F87,[1]Sheet1!$D:$J,7,0) -> NL300027 | M87: =A87&L87 -> 02/01/2026NL300027 | N87: =VLOOKUP(M87,Sheet4!I:P,5,0) -> 7 | O87: =H87-N87 -> 0 | P87: =VLOOKUP(L87,[2]Sheet1!$I:$M,5,0) -> 18000 | Q87: =N87*P87 -> 126000 | R87: =J87-Q87 -> 0
A88: 02/01/2026 | B88: TG-KS00056 | C88: BÒ TƠ Q7 | D88: TG-AA20866 | E88: I100042 | F88: Cà tím | G88: Kg | H88: 1.15 | I88: 33000 | J88: =H88*I88 -> 37950 | L88: NL300233 | M88: =A88&L88 -> 02/01/2026NL300233 | N88: =VLOOKUP(M88,Sheet4!I:P,5,0) -> 1.15 | O88: =H88-N88 -> 0 | P88: =VLOOKUP(L88,[2]Sheet1!$I:$M,5,0) -> 33000 | Q88: =N88*P88 -> 37950 | R88: =J88-Q88 -> 0
A89: 02/01/2026 | B89: TG-KS00066 | C89: BÒ TƠ Q7 (NV) | D89: TG-AA20833 | E89: I100580 | F89: Cải bẹ xanh nước | G89: Kg | H89: 2 | I89: 28000 | J89: =H89*I89 -> 56000 | L89: NL430021 | M89: =A89&L89 -> 02/01/2026NL430021 | N89: =VLOOKUP(M89,Sheet4!I:P,5,0) -> 2 | O89: =H89-N89 -> 0 | P89: =VLOOKUP(L89,[2]Sheet1!$I:$M,5,0) -> 28000 | Q89: =N89*P89 -> 56000 | R89: =J89-Q89 -> 0
A90: 02/01/2026 | B90: TG-KS00056 | C90: BÒ TƠ Q7 | D90: TG-AA20866 | E90: I100051 | F90: Cải thảo | G90: Kg | H90: 1.2 | I90: 18000 | J90: =H90*I90 -> 21600 | L90: NL300022 | M90: =A90&L90 -> 02/01/2026NL300022 | N90: =VLOOKUP(M90,Sheet4!I:P,5,0) -> 1.2 | O90: =H90-N90 -> 0 | P90: =VLOOKUP(L90,[2]Sheet1!$I:$M,5,0) -> 18000 | Q90: =N90*P90 -> 21600 | R90: =J90-Q90 -> 0
A91: 02/01/2026 | B91: TG-KS00056 | C91: BÒ TƠ Q7 | D91: TG-AA20858 | E91: I100067 | F91: Củ cải trắng (Loại 1) | G91: Kg | H91: 2 | I91: 13000 | J91: =H91*I91 -> 26000 | L91: =VLOOKUP(F91,[1]Sheet1!$D:$J,7,0) -> NL300033 | M91: =A91&L91 -> 02/01/2026NL300033 | N91: =VLOOKUP(M91,Sheet4!I:P,5,0) -> 2 | O91: =H91-N91 -> 0 | P91: =VLOOKUP(L91,[2]Sheet1!$I:$M,5,0) -> 13000 | Q91: =N91*P91 -> 26000 | R91: =J91-Q91 -> 0
A92: 02/01/2026 | B92: TG-KS00056 | C92: BÒ TƠ Q7 | D92: TG-AA20858 | E92: I100097 | F92: Củ Gừng | G92: Kg | H92: 0.38 | I92: 38000 | J92: =H92*I92 -> 14440 | L92: =VLOOKUP(F92,[1]Sheet1!$D:$J,7,0) -> NL300054 | M92: =A92&L92 -> 02/01/2026NL300054 | N92: =VLOOKUP(M92,Sheet4!I:P,5,0) -> 0.3 | O92: =H92-N92 -> 0.08 | P92: =VLOOKUP(L92,[2]Sheet1!$I:$M,5,0) -> 38000 | Q92: =N92*P92 -> 11400 | R92: =J92-Q92 -> 3040
A93: 02/01/2026 | B93: TG-KS00056 | C93: BÒ TƠ Q7 | D93: TG-AA20858 | E93: I100073 | F93: Củ sắn | G93: Kg | H93: 0.5 | I93: 12000 | J93: =H93*I93 -> 6000 | L93: =VLOOKUP(F93,[1]Sheet1!$D:$J,7,0) -> NL300188 | M93: =A93&L93 -> 02/01/2026NL300188 | N93: =VLOOKUP(M93,Sheet4!I:P,5,0) -> 0.5 | O93: =H93-N93 -> 0 | P93: =VLOOKUP(L93,[2]Sheet1!$I:$M,5,0) -> 12000 | Q93: =N93*P93 -> 6000 | R93: =J93-Q93 -> 0
A94: 02/01/2026 | B94: TG-KS00056 | C94: BÒ TƠ Q7 | D94: TG-AA20920 | E94: I100479 | F94: Dưa hấu | G94: Kg | H94: 6.5 | I94: 18000 | J94: =H94*I94 -> 117000 | L94: =VLOOKUP(F94,[1]Sheet1!$D:$J,7,0) -> NL600004 | M94: =A94&L94 -> 02/01/2026NL600004 | N94: =VLOOKUP(M94,Sheet4!I:P,5,0) -> 6.5 | O94: =H94-N94 -> 0 | P94: =VLOOKUP(L94,[2]Sheet1!$I:$M,5,0) -> 18000 | Q94: =N94*P94 -> 117000 | R94: =J94-Q94 -> 0
A95: 02/01/2026 | B95: TG-KS00056 | C95: BÒ TƠ Q7 | D95: TG-AA20858 | E95: I100089 | F95: Dưa leo | G95: Kg | H95: 6 | I95: 18000 | J95: =H95*I95 -> 108000 | L95: =VLOOKUP(F95,[1]Sheet1!$D:$J,7,0) -> NL300048 | M95: =A95&L95 -> 02/01/2026NL300048 | N95: =VLOOKUP(M95,Sheet4!I:P,5,0) -> 6 | O95: =H95-N95 -> 0 | P95: =VLOOKUP(L95,[2]Sheet1!$I:$M,5,0) -> 18000 | Q95: =N95*P95 -> 108000 | R95: =J95-Q95 -> 0
A96: 02/01/2026 | B96: TG-KS00056 | C96: BÒ TƠ Q7 | D96: TG-AA20858 | E96: I100075 | F96: Đậu bắp | G96: Kg | H96: 2 | I96: 32000 | J96: =H96*I96 -> 64000 | L96: =VLOOKUP(F96,[1]Sheet1!$D:$J,7,0) -> NL300038 | M96: =A96&L96 -> 02/01/2026NL300038 | N96: 2 | O96: =H96-N96 -> 0 | P96: =VLOOKUP(L96,[2]Sheet1!$I:$M,5,0) -> 32000 | Q96: =N96*P96 -> 64000 | R96: =J96-Q96 -> 0
A97: 02/01/2026 | B97: TG-KS00056 | C97: BÒ TƠ Q7 | D97: TG-AA20866 | E97: I100075 | F97: Đậu bắp | G97: Kg | H97: 1 | I97: 32000 | J97: =H97*I97 -> 32000 | L97: =VLOOKUP(F97,[1]Sheet1!$D:$J,7,0) -> NL300038 | M97: =A97&L97 -> 02/01/2026NL300038 | N97: =VLOOKUP(M97,Sheet4!I:P,5,0) -> 1 | O97: =H97-N97 -> 0 | P97: =VLOOKUP(L97,[2]Sheet1!$I:$M,5,0) -> 32000 | Q97: =N97*P97 -> 32000 | R97: =J97-Q97 -> 0
A98: 02/01/2026 | B98: TG-KS00066 | C98: BÒ TƠ Q7 (NV) | D98: TG-AA20833 | E98: I100075 | F98: Đậu bắp | G98: Kg | H98: 0.5 | I98: 32000 | J98: =H98*I98 -> 16000 | L98: NL430051 | M98: =A98&L98 -> 02/01/2026NL430051 | N98: =VLOOKUP(M98,Sheet4!I:P,5,0) -> 0.5 | O98: =H98-N98 -> 0 | P98: =VLOOKUP(L98,[2]Sheet1!$I:$M,5,0) -> 9000 | Q98: =N98*P98 -> 4500 | R98: =J98-Q98 -> 11500
A99: 02/01/2026 | B99: TG-KS00056 | C99: BÒ TƠ Q7 | D99: TG-AA20858 | E99: I100077 | F99: Đậu cove Pháp (Nhật) | G99: Kg | H99: 0.3 | I99: 75000 | J99: =H99*I99 -> 22500 | L99: =VLOOKUP(F99,[1]Sheet1!$D:$J,7,0) -> NL300156 | M99: =A99&L99 -> 02/01/2026NL300156 | N99: =VLOOKUP(M99,Sheet4!I:P,5,0) -> 0.3 | O99: =H99-N99 -> 0 | P99: =VLOOKUP(L99,[2]Sheet1!$I:$M,5,0) -> 75000 | Q99: =N99*P99 -> 22500 | R99: =J99-Q99 -> 0
A100: 02/01/2026 | B100: TG-KS00056 | C100: BÒ TƠ Q7 | D100: TG-AA20858 | E100: I100260 | F100: Đậu hủ miếng trắng | G100: Miếng | H100: 60 | I100: 4000 | J100: =H100*I100 -> 240000 | L100: =VLOOKUP(F100,[1]Sheet1!$D:$J,7,0) -> NL300037 | M100: =A100&L100 -> 02/01/2026NL300037 | N100: =VLOOKUP(M100,Sheet4!I:P,5,0) -> 60 | O100: =H100-N100 -> 0 | P100: =VLOOKUP(L100,[2]Sheet1!$I:$M,5,0) -> 4000 | Q100: =N100*P100 -> 240000 | R100: =J100-Q100 -> 0
A101: 02/01/2026 | B101: TG-KS00056 | C101: BÒ TƠ Q7 | D101: TG-AA20858 | E101: I100088 | F101: Đu đủ trái xanh | G101: Kg | H101: 1.46 | I101: 9000 | J101: =H101*I101 -> 13140 | L101: =VLOOKUP(F101,[1]Sheet1!$D:$J,7,0) -> NL300049 | M101: =A101&L101 -> 02/01/2026NL300049 | N101: =VLOOKUP(M101,Sheet4!I:P,5,0) -> 1 | O101: =H101-N101 -> 0.46 | P101: =VLOOKUP(L101,[2]Sheet1!$I:$M,5,0) -> 9000 | Q101: =N101*P101 -> 9000 | R101: =J101-Q101 -> 4140
A102: 02/01/2026 | B102: TG-KS00066 | C102: BÒ TƠ Q7 (NV) | D102: TG-AA20833 | E102: I100094 | F102: Giá tươi | G102: Kg | H102: 0.5 | I102: 9000 | J102: =H102*I102 -> 4500 | L102: NL430037 | M102: =A102&L102 -> 02/01/2026NL430037 | N102: =VLOOKUP(M102,Sheet4!I:P,5,0) -> 0.5 | O102: =H102-N102 -> 0 | P102: =VLOOKUP(L102,[2]Sheet1!$I:$M,5,0) -> 32000 | Q102: =N102*P102 -> 16000 | R102: =J102-Q102 -> -11500
A103: 02/01/2026 | B103: TG-KS00056 | C103: BÒ TƠ Q7 | D103: TG-AA20858 | E103: I100098 | F103: Hành lá | G103: Kg | H103: 1.5 | I103: 55000 | J103: =H103*I103 -> 82500 | L103: =VLOOKUP(F103,[1]Sheet1!$D:$J,7,0) -> NL300058 | M103: =A103&L103 -> 02/01/2026NL300058 | N103: =VLOOKUP(M103,Sheet4!I:P,5,0) -> 1.5 | O103: =H103-N103 -> 0 | P103: =VLOOKUP(L103,[2]Sheet1!$I:$M,5,0) -> 55000 | Q103: =N103*P103 -> 82500 | R103: =J103-Q103 -> 0
A104: 02/01/2026 | B104: TG-KS00056 | C104: BÒ TƠ Q7 | D104: TG-AA20858 | E104: I100101 | F104: Hành tây | G104: Kg | H104: 1.2 | I104: 13000 | J104: =H104*I104 -> 15600 | L104: =VLOOKUP(F104,[1]Sheet1!$D:$J,7,0) -> NL300059 | M104: =A104&L104 -> 02/01/2026NL300059 | N104: =VLOOKUP(M104,Sheet4!I:P,5,0) -> 1 | O104: =H104-N104 -> 0.2 | P104: =VLOOKUP(L104,[2]Sheet1!$I:$M,5,0) -> 13000 | Q104: =N104*P104 -> 13000 | R104: =J104-Q104 -> 2600
A105: 02/01/2026 | B105: TG-KS00056 | C105: BÒ TƠ Q7 | D105: TG-AA20858 | E105: I100730 | F105: Hành tím bắc lột | G105: Kg | H105: 2 | I105: 80000 | J105: =H105*I105 -> 160000 | L105: =VLOOKUP(F105,[1]Sheet1!$D:$J,7,0) -> NL300055 | M105: =A105&L105 -> 02/01/2026NL300055 | N105: =VLOOKUP(M105,Sheet4!I:P,5,0) -> 2 | O105: =H105-N105 -> 0 | P105: =VLOOKUP(L105,[2]Sheet1!$I:$M,5,0) -> 80000 | Q105: =N105*P105 -> 160000 | R105: =J105-Q105 -> 0
A106: 02/01/2026 | B106: TG-KS00056 | C106: BÒ TƠ Q7 | D106: TG-AA20858 | E106: I100111 | F106: Hẹ lá | G106: Kg | H106: 1.5 | I106: 38000 | J106: =H106*I106 -> 57000 | L106: =VLOOKUP(F106,[1]Sheet1!$D:$J,7,0) -> NL300076 | M106: =A106&L106 -> 02/01/2026NL300076 | N106: =VLOOKUP(M106,Sheet4!I:P,5,0) -> 1.5 | O106: =H106-N106 -> 0 | P106: =VLOOKUP(L106,[2]Sheet1!$I:$M,5,0) -> 38000 | Q106: =N106*P106 -> 57000 | R106: =J106-Q106 -> 0
A107: 02/01/2026 | B107: TG-KS00056 | C107: BÒ TƠ Q7 | D107: TG-AA20858 | E107: I100112 | F107: Húng cây | G107: Kg | H107: 3.5 | I107: 48000 | J107: =H107*I107 -> 168000 | L107: =VLOOKUP(F107,[1]Sheet1!$D:$J,7,0) -> NL300063 | M107: =A107&L107 -> 02/01/2026NL300063 | N107: =VLOOKUP(M107,Sheet4!I:P,5,0) -> 3 | O107: =H107-N107 -> 0.5 | P107: =VLOOKUP(L107,[2]Sheet1!$I:$M,5,0) -> 48000 | Q107: =N107*P107 -> 144000 | R107: =J107-Q107 -> 24000
A108: 02/01/2026 | B108: TG-KS00056 | C108: BÒ TƠ Q7 | D108: TG-AA20858 | E108: I100113 | F108: Húng lũi | G108: Kg | H108: 1 | I108: 65000 | J108: =H108*I108 -> 65000 | L108: =VLOOKUP(F108,[1]Sheet1!$D:$J,7,0) -> NL300062 | M108: =A108&L108 -> 02/01/2026NL300062 | N108: =VLOOKUP(M108,Sheet4!I:P,5,0) -> 0.7 | O108: =H108-N108 -> 0.3 | P108: =VLOOKUP(L108,[2]Sheet1!$I:$M,5,0) -> 65000 | Q108: =N108*P108 -> 45500 | R108: =J108-Q108 -> 19500
A109: 02/01/2026 | B109: TG-KS00056 | C109: BÒ TƠ Q7 | D109: TG-AA20858 | E109: I100115 | F109: Kèo nèo | G109: Kg | H109: 0.2 | I109: 25000 | J109: =H109*I109 -> 5000 | L109: =VLOOKUP(F109,[1]Sheet1!$D:$J,7,0) -> NL300067 | M109: =A109&L109 -> 02/01/2026NL300067 | N109: =VLOOKUP(M109,Sheet4!I:P,5,0) -> 0.2 | O109: =H109-N109 -> 0 | P109: =VLOOKUP(L109,[2]Sheet1!$I:$M,5,0) -> 25000 | Q109: =N109*P109 -> 5000 | R109: =J109-Q109 -> 0
A110: 02/01/2026 | B110: TG-KS00056 | C110: BÒ TƠ Q7 | D110: TG-AA20858 | E110: I100116 | F110: Khế xanh | G110: Kg | H110: 0.3 | I110: 35000 | J110: =H110*I110 -> 10500 | L110: =VLOOKUP(F110,[1]Sheet1!$D:$J,7,0) -> NL300068 | M110: =A110&L110 -> 02/01/2026NL300068 | N110: =VLOOKUP(M110,Sheet4!I:P,5,0) -> 0.2 | O110: =H110-N110 -> 0.1 | P110: =VLOOKUP(L110,[2]Sheet1!$I:$M,5,0) -> 35000 | Q110: =N110*P110 -> 7000 | R110: =J110-Q110 -> 3500
A111: 02/01/2026 | B111: TG-KS00056 | C111: BÒ TƠ Q7 | D111: TG-AA20866 | E111: I100121 | F111: Khoai lang nhật | G111: Kg | H111: 0.9 | I111: 23000 | J111: =H111*I111 -> 20700 | L111: NL300070 | M111: =A111&L111 -> 02/01/2026NL300070 | N111: =VLOOKUP(M111,Sheet4!I:P,5,0) -> 0.9 | O111: =H111-N111 -> 0 | P111: =VLOOKUP(L111,[2]Sheet1!$I:$M,5,0) -> 23000 | Q111: =N111*P111 -> 20700 | R111: =J111-Q111 -> 0
A112: 02/01/2026 | B112: TG-KS00056 | C112: BÒ TƠ Q7 | D112: TG-AA20858 | E112: I100128 | F112: Khoai Tây DL lớn | G112: Kg | H112: 0.7 | I112: 20000 | J112: =H112*I112 -> 14000 | L112: =VLOOKUP(F112,[1]Sheet1!$D:$J,7,0) -> NL300071 | M112: =A112&L112 -> 02/01/2026NL300071 | N112: =VLOOKUP(M112,Sheet4!I:P,5,0) -> 0.5 | O112: =H112-N112 -> 0.2 | P112: =VLOOKUP(L112,[2]Sheet1!$I:$M,5,0) -> 20000 | Q112: =N112*P112 -> 10000 | R112: =J112-Q112 -> 4000
A113: 02/01/2026 | B113: TG-KS00056 | C113: BÒ TƠ Q7 | D113: TG-AA20858 | E113: I100118 | F113: Khổ qua | G113: Kg | H113: 1 | I113: 30000 | J113: =H113*I113 -> 30000 | L113: =VLOOKUP(F113,[1]Sheet1!$D:$J,7,0) -> NL300089 | M113: =A113&L113 -> 02/01/2026NL300089 | N113: =VLOOKUP(M113,Sheet4!I:P,5,0) -> 1 | O113: =H113-N113 -> 0 | P113: =VLOOKUP(L113,[2]Sheet1!$I:$M,5,0) -> 30000 | Q113: =N113*P113 -> 30000 | R113: =J113-Q113 -> 0
A114: 02/01/2026 | B114: TG-KS00056 | C114: BÒ TƠ Q7 | D114: TG-AA20858 | E114: I100132 | F114: Lá cây nhíp (lá mè) | G114: Kg | H114: 0.3 | I114: 95000 | J114: =H114*I114 -> 28500 | L114: =VLOOKUP(F114,[1]Sheet1!$D:$J,7,0) -> NL300080 | M114: =A114&L114 -> 02/01/2026NL300080 | N114: =VLOOKUP(M114,Sheet4!I:P,5,0) -> 0.2 | O114: =H114-N114 -> 0.1 | P114: =VLOOKUP(L114,[2]Sheet1!$I:$M,5,0) -> 95000 | Q114: =N114*P114 -> 19000 | R114: =J114-Q114 -> 9500
A115: 02/01/2026 | B115: TG-KS00056 | C115: BÒ TƠ Q7 | D115: TG-AA20858 | E115: I100519 | F115: Lá cóc | G115: Kg | H115: 1.5 | I115: 32000 | J115: =H115*I115 -> 48000 | L115: =VLOOKUP(F115,[1]Sheet1!$D:$J,7,0) -> NL300043 | M115: =A115&L115 -> 02/01/2026NL300043 | N115: =VLOOKUP(M115,Sheet4!I:P,5,0) -> 1 | O115: =H115-N115 -> 0.5 | P115: =VLOOKUP(L115,[2]Sheet1!$I:$M,5,0) -> 32000 | Q115: =N115*P115 -> 32000 | R115: =J115-Q115 -> 16000
A116: 02/01/2026 | B116: TG-KS00056 | C116: BÒ TƠ Q7 | D116: TG-AA20858 | E116: I100135 | F116: Lá chuối | G116: Kg | H116: 10 | I116: 18000 | J116: =H116*I116 -> 180000 | L116: =VLOOKUP(F116,[1]Sheet1!$D:$J,7,0) -> NL300074 | M116: =A116&L116 -> 02/01/2026NL300074 | N116: =VLOOKUP(M116,Sheet4!I:P,5,0) -> 9 | O116: =H116-N116 -> 1 | P116: =VLOOKUP(L116,[2]Sheet1!$I:$M,5,0) -> 18000 | Q116: =N116*P116 -> 162000 | R116: =J116-Q116 -> 18000
A117: 02/01/2026 | B117: TG-KS00056 | C117: BÒ TƠ Q7 | D117: TG-AA20858 | E117: I100526 | F117: Lá Giang (kg) | G117: Kg | H117: 0.8 | I117: 80000 | J117: =H117*I117 -> 64000 | L117: =VLOOKUP(F117,[1]Sheet1!$D:$J,7,0) -> NL300173 | M117: =A117&L117 -> 02/01/2026NL300173 | N117: =VLOOKUP(M117,Sheet4!I:P,5,0) -> 0.3 | O117: =H117-N117 -> 0.5 | P117: =VLOOKUP(L117,[2]Sheet1!$I:$M,5,0) -> 80000 | Q117: =N117*P117 -> 24000 | R117: =J117-Q117 -> 40000
A118: 02/01/2026 | B118: TG-KS00056 | C118: BÒ TƠ Q7 | D118: TG-AA20858 | E118: I100139 | F118: Lá lốt | G118: Kg | H118: 1 | I118: 30000 | J118: =H118*I118 -> 30000 | L118: =VLOOKUP(F118,[1]Sheet1!$D:$J,7,0) -> NL300077 | M118: =A118&L118 -> 02/01/2026NL300077 | N118: =VLOOKUP(M118,Sheet4!I:P,5,0) -> 0.7 | O118: =H118-N118 -> 0.3 | P118: =VLOOKUP(L118,[2]Sheet1!$I:$M,5,0) -> 30000 | Q118: =N118*P118 -> 21000 | R118: =J118-Q118 -> 9000
A119: 02/01/2026 | B119: TG-KS00056 | C119: BÒ TƠ Q7 | D119: TG-AA20858 | E119: I100536 | F119: Lá Trâm Ổi | G119: Kg | H119: 1.5 | I119: 38000 | J119: =H119*I119 -> 57000 | L119: =VLOOKUP(F119,[1]Sheet1!$D:$J,7,0) -> NL300044 | M119: =A119&L119 -> 02/01/2026NL300044 | N119: =VLOOKUP(M119,Sheet4!I:P,5,0) -> 1 | O119: =H119-N119 -> 0.5 | P119: =VLOOKUP(L119,[2]Sheet1!$I:$M,5,0) -> 38000 | Q119: =N119*P119 -> 38000 | R119: =J119-Q119 -> 19000
A120: 02/01/2026 | B120: TG-KS00056 | C120: BÒ TƠ Q7 | D120: TG-AA20858 | E120: I100151 | F120: Mướp hương | G120: Kg | H120: 4 | I120: 27000 | J120: =H120*I120 -> 108000 | L120: =VLOOKUP(F120,[1]Sheet1!$D:$J,7,0) -> NL300088 | M120: =A120&L120 -> 02/01/2026NL300088 | N120: =VLOOKUP(M120,Sheet4!I:P,5,0) -> 4 | O120: =H120-N120 -> 0 | P120: =VLOOKUP(L120,[2]Sheet1!$I:$M,5,0) -> 27000 | Q120: =N120*P120 -> 108000 | R120: =J120-Q120 -> 0
A121: 02/01/2026 | B121: TG-KS00056 | C121: BÒ TƠ Q7 | D121: TG-AA20858 | E121: I100236 | F121: Nấm đông cô tươi | G121: Kg | H121: 1.5 | I121: 145000 | J121: =H121*I121 -> 217500 | L121: =VLOOKUP(F121,[1]Sheet1!$D:$J,7,0) -> NL300090 | M121: =A121&L121 -> 02/01/2026NL300090 | N121: =VLOOKUP(M121,Sheet4!I:P,5,0) -> 1.5 | O121: =H121-N121 -> 0 | P121: =VLOOKUP(L121,[2]Sheet1!$I:$M,5,0) -> 145000 | Q121: =N121*P121 -> 217500 | R121: =J121-Q121 -> 0
A122: 02/01/2026 | B122: TG-KS00056 | C122: BÒ TƠ Q7 | D122: TG-AA20858 | E122: I100237 | F122: Nấm đùi gà | G122: Kg | H122: 1 | I122: 47000 | J122: =H122*I122 -> 47000 | L122: =VLOOKUP(F122,[1]Sheet1!$D:$J,7,0) -> NL300091 | M122: =A122&L122 -> 02/01/2026NL300091 | N122: =VLOOKUP(M122,Sheet4!I:P,5,0) -> 1 | O122: =H122-N122 -> 0 | P122: =VLOOKUP(L122,[2]Sheet1!$I:$M,5,0) -> 47000 | Q122: =N122*P122 -> 47000 | R122: =J122-Q122 -> 0
A123: 02/01/2026 | B123: TG-KS00056 | C123: BÒ TƠ Q7 | D123: TG-AA20866 | E123: I100237 | F123: Nấm đùi gà | G123: Kg | H123: 1 | I123: 47000 | J123: =H123*I123 -> 47000 | L123: =VLOOKUP(F123,[1]Sheet1!$D:$J,7,0) -> NL300091 | M123: =A123&L123 -> 02/01/2026NL300091 | N123: 1 | O123: =H123-N123 -> 0 | P123: =VLOOKUP(L123,[2]Sheet1!$I:$M,5,0) -> 47000 | Q123: =N123*P123 -> 47000 | R123: =J123-Q123 -> 0
A124: 02/01/2026 | B124: TG-KS00056 | C124: BÒ TƠ Q7 | D124: TG-AA20858 | E124: I100240 | F124: Nấm kim châm tươi | G124: Kg | H124: 4 | I124: 45000 | J124: =H124*I124 -> 180000 | L124: =VLOOKUP(F124,[1]Sheet1!$D:$J,7,0) -> NL300096 | M124: =A124&L124 -> 02/01/2026NL300096 | N124: =VLOOKUP(M124,Sheet4!I:P,5,0) -> 4 | O124: =H124-N124 -> 0 | P124: =VLOOKUP(L124,[2]Sheet1!$I:$M,5,0) -> 45000 | Q124: =N124*P124 -> 180000 | R124: =J124-Q124 -> 0
A125: 02/01/2026 | B125: TG-KS00056 | C125: BÒ TƠ Q7 | D125: TG-AA20858 | E125: I100154 | F125: Ngò gai | G125: Kg | H125: 0.7 | I125: 33000 | J125: =H125*I125 -> 23100 | L125: =VLOOKUP(F125,[1]Sheet1!$D:$J,7,0) -> NL300086 | M125: =A125&L125 -> 02/01/2026NL300086 | N125: =VLOOKUP(M125,Sheet4!I:P,5,0) -> 0.5 | O125: =H125-N125 -> 0.2 | P125: =VLOOKUP(L125,[2]Sheet1!$I:$M,5,0) -> 33000 | Q125: =N125*P125 -> 16500 | R125: =J125-Q125 -> 6600
A126: 02/01/2026 | B126: TG-KS00056 | C126: BÒ TƠ Q7 | D126: TG-AA20858 | E126: I100155 | F126: Ngò om | G126: Kg | H126: 0.1 | I126: 20000 | J126: =H126*I126 -> 2000 | L126: =VLOOKUP(F126,[1]Sheet1!$D:$J,7,0) -> NL300128 | M126: =A126&L126 -> 02/01/2026NL300128 | N126: =VLOOKUP(M126,Sheet4!I:P,5,0) -> 0.1 | O126: =H126-N126 -> 0 | P126: =VLOOKUP(L126,[2]Sheet1!$I:$M,5,0) -> 20000 | Q126: =N126*P126 -> 2000 | R126: =J126-Q126 -> 0
A127: 02/01/2026 | B127: TG-KS00056 | C127: BÒ TƠ Q7 | D127: TG-AA20858 | E127: I100160 | F127: Ngò tây | G127: Kg | H127: 0.2 | I127: 70000 | J127: =H127*I127 -> 14000 | L127: =VLOOKUP(F127,[1]Sheet1!$D:$J,7,0) -> NL300126 | M127: =A127&L127 -> 02/01/2026NL300126 | N127: =VLOOKUP(M127,Sheet4!I:P,5,0) -> 0.2 | O127: =H127-N127 -> 0 | P127: =VLOOKUP(L127,[2]Sheet1!$I:$M,5,0) -> 70000 | Q127: =N127*P127 -> 14000 | R127: =J127-Q127 -> 0
A128: 02/01/2026 | B128: TG-KS00056 | C128: BÒ TƠ Q7 | D128: TG-AA20858 | E128: I100164 | F128: Ớt đà lạt (đỏ) | G128: Kg | H128: 0.4 | I128: 63000 | J128: =H128*I128 -> 25200 | L128: =VLOOKUP(F128,[1]Sheet1!$D:$J,7,0) -> NL300112 | M128: =A128&L128 -> 02/01/2026NL300112 | N128: =VLOOKUP(M128,Sheet4!I:P,5,0) -> 0.3 | O128: =H128-N128 -> 0.1 | P128: =VLOOKUP(L128,[2]Sheet1!$I:$M,5,0) -> 63000 | Q128: =N128*P128 -> 18900 | R128: =J128-Q128 -> 6300
A129: 02/01/2026 | B129: TG-KS00056 | C129: BÒ TƠ Q7 | D129: TG-AA20858 | E129: I100165 | F129: Ớt đà lạt (vàng) | G129: Kg | H129: 0.4 | I129: 65000 | J129: =H129*I129 -> 26000 | L129: =VLOOKUP(F129,[1]Sheet1!$D:$J,7,0) -> NL300152 | M129: =A129&L129 -> 02/01/2026NL300152 | N129: =VLOOKUP(M129,Sheet4!I:P,5,0) -> 0.3 | O129: =H129-N129 -> 0.1 | P129: =VLOOKUP(L129,[2]Sheet1!$I:$M,5,0) -> 65000 | Q129: =N129*P129 -> 19500 | R129: =J129-Q129 -> 6500
A130: 02/01/2026 | B130: TG-KS00056 | C130: BÒ TƠ Q7 | D130: TG-AA20920 | E130: I100165 | F130: Ớt đà lạt (vàng) | G130: Kg | H130: 0.3 | I130: 65000 | J130: =H130*I130 -> 19500 | L130: =VLOOKUP(F130,[1]Sheet1!$D:$J,7,0) -> NL300152 | M130: =A130&L130 -> 02/01/2026NL300152 | N130: 0 | O130: =H130-N130 -> 0.3 | P130: =VLOOKUP(L130,[2]Sheet1!$I:$M,5,0) -> 65000 | Q130: =N130*P130 -> 0 | R130: =J130-Q130 -> 19500
A131: 02/01/2026 | B131: TG-KS00056 | C131: BÒ TƠ Q7 | D131: TG-AA20858 | E131: I100166 | F131: Ớt đà lạt (xanh) | G131: Kg | H131: 0.3 | I131: 46000 | J131: =H131*I131 -> 13800 | L131: =VLOOKUP(F131,[1]Sheet1!$D:$J,7,0) -> NL300153 | M131: =A131&L131 -> 02/01/2026NL300153 | N131: =VLOOKUP(M131,Sheet4!I:P,5,0) -> 0.3 | O131: =H131-N131 -> 0 | P131: =VLOOKUP(L131,[2]Sheet1!$I:$M,5,0) -> 46000 | Q131: =N131*P131 -> 13800 | R131: =J131-Q131 -> 0
A132: 02/01/2026 | B132: TG-KS00056 | C132: BÒ TƠ Q7 | D132: TG-AA20920 | E132: I100167 | F132: Ớt hiểm đỏ | G132: Kg | H132: 1 | I132: 145000 | J132: =H132*I132 -> 145000 | L132: =VLOOKUP(F132,[1]Sheet1!$D:$J,7,0) -> NL300113 | M132: =A132&L132 -> 02/01/2026NL300113 | N132: =VLOOKUP(M132,Sheet4!I:P,5,0) -> 1 | O132: =H132-N132 -> 0 | P132: =VLOOKUP(L132,[2]Sheet1!$I:$M,5,0) -> 145000 | Q132: =N132*P132 -> 145000 | R132: =J132-Q132 -> 0
A133: 02/01/2026 | B133: TG-KS00056 | C133: BÒ TƠ Q7 | D133: TG-AA20858 | E133: I100170 | F133: Ớt sừng đỏ | G133: Kg | H133: 0.2 | I133: 148000 | J133: =H133*I133 -> 29600 | L133: =VLOOKUP(F133,[1]Sheet1!$D:$J,7,0) -> NL300116 | M133: =A133&L133 -> 02/01/2026NL300116 | N133: =VLOOKUP(M133,Sheet4!I:P,5,0) -> 0.2 | O133: =H133-N133 -> 0 | P133: =VLOOKUP(L133,[2]Sheet1!$I:$M,5,0) -> 148000 | Q133: =N133*P133 -> 29600 | R133: =J133-Q133 -> 0
A134: 02/01/2026 | B134: TG-KS00056 | C134: BÒ TƠ Q7 | D134: TG-AA20858 | E134: I100518 | F134: Quế vị (xá xị) | G134: Kg | H134: 4 | I134: 36000 | J134: =H134*I134 -> 144000 | L134: =VLOOKUP(F134,[1]Sheet1!$D:$J,7,0) -> NL300120 | M134: =A134&L134 -> 02/01/2026NL300120 | N134: =VLOOKUP(M134,Sheet4!I:P,5,0) -> 3.5 | O134: =H134-N134 -> 0.5 | P134: =VLOOKUP(L134,[2]Sheet1!$I:$M,5,0) -> 36000 | Q134: =N134*P134 -> 126000 | R134: =J134-Q134 -> 18000
A135: 02/01/2026 | B135: TG-KS00056 | C135: BÒ TƠ Q7 | D135: TG-AA20858 | E135: I100175 | F135: Rau càng cua | G135: Kg | H135: 1 | I135: 35000 | J135: =H135*I135 -> 35000 | L135: =VLOOKUP(F135,[1]Sheet1!$D:$J,7,0) -> NL300122 | M135: =A135&L135 -> 02/01/2026NL300122 | N135: =VLOOKUP(M135,Sheet4!I:P,5,0) -> 0.7 | O135: =H135-N135 -> 0.3 | P135: =VLOOKUP(L135,[2]Sheet1!$I:$M,5,0) -> 35000 | Q135: =N135*P135 -> 24500 | R135: =J135-Q135 -> 10500
A136: 02/01/2026 | B136: TG-KS00056 | C136: BÒ TƠ Q7 | D136: TG-AA20858 | E136: I100181 | F136: Rau kinh giới | G136: Kg | H136: 4.5 | I136: 38000 | J136: =H136*I136 -> 171000 | L136: =VLOOKUP(F136,[1]Sheet1!$D:$J,7,0) -> NL300072 | M136: =A136&L136 -> 02/01/2026NL300072 | N136: =VLOOKUP(M136,Sheet4!I:P,5,0) -> 3.5 | O136: =H136-N136 -> 1 | P136: =VLOOKUP(L136,[2]Sheet1!$I:$M,5,0) -> 38000 | Q136: =N136*P136 -> 133000 | R136: =J136-Q136 -> 38000
A137: 02/01/2026 | B137: TG-KS00056 | C137: BÒ TƠ Q7 | D137: TG-AA20858 | E137: I100186 | F137: Rau muống lá | G137: Kg | H137: 4 | I137: 15000 | J137: =H137*I137 -> 60000 | L137: =VLOOKUP(F137,[1]Sheet1!$D:$J,7,0) -> NL300127 | M137: =A137&L137 -> 02/01/2026NL300127 | N137: =VLOOKUP(M137,Sheet4!I:P,5,0) -> 3 | O137: =H137-N137 -> 1 | P137: =VLOOKUP(L137,[2]Sheet1!$I:$M,5,0) -> 15000 | Q137: =N137*P137 -> 45000 | R137: =J137-Q137 -> 15000
A138: 02/01/2026 | B138: TG-KS00056 | C138: BÒ TƠ Q7 | D138: TG-AA20858 | E138: I100189 | F138: Rau răm | G138: Kg | H138: 0.1 | I138: 22000 | J138: =H138*I138 -> 2200 | L138: =VLOOKUP(F138,[1]Sheet1!$D:$J,7,0) -> NL300121 | M138: =A138&L138 -> 02/01/2026NL300121 | N138: =VLOOKUP(M138,Sheet4!I:P,5,0) -> 0.1 | O138: =H138-N138 -> 0 | P138: =VLOOKUP(L138,[2]Sheet1!$I:$M,5,0) -> 22000 | Q138: =N138*P138 -> 2200 | R138: =J138-Q138 -> 0
A139: 02/01/2026 | B139: TG-KS00056 | C139: BÒ TƠ Q7 | D139: TG-AA20858 | E139: I100194 | F139: Rau tía tô | G139: Kg | H139: 1.5 | I139: 36000 | J139: =H139*I139 -> 54000 | L139: =VLOOKUP(F139,[1]Sheet1!$D:$J,7,0) -> NL300140 | M139: =A139&L139 -> 02/01/2026NL300140 | N139: =VLOOKUP(M139,Sheet4!I:P,5,0) -> 1 | O139: =H139-N139 -> 0.5 | P139: =VLOOKUP(L139,[2]Sheet1!$I:$M,5,0) -> 36000 | Q139: =N139*P139 -> 36000 | R139: =J139-Q139 -> 18000
A140: 02/01/2026 | B140: TG-KS00056 | C140: BÒ TƠ Q7 | D140: TG-AA20858 | E140: I100196 | F140: Rosemary (Hương thảo) | G140: Kg | H140: 0.1 | I140: 220000 | J140: =H140*I140 -> 22000 | L140: =VLOOKUP(F140,[1]Sheet1!$D:$J,7,0) -> NL300066 | M140: =A140&L140 -> 02/01/2026NL300066 | N140: =VLOOKUP(M140,Sheet4!I:P,5,0) -> 0.1 | O140: =H140-N140 -> 0 | P140: =VLOOKUP(L140,[2]Sheet1!$I:$M,5,0) -> 220000 | Q140: =N140*P140 -> 22000 | R140: =J140-Q140 -> 0
A141: 02/01/2026 | B141: TG-KS00056 | C141: BÒ TƠ Q7 | D141: TG-AA20858 | E141: I100198 | F141: Sả cây | G141: Kg | H141: 0.2 | I141: 12000 | J141: =H141*I141 -> 2400 | L141: =VLOOKUP(F141,[1]Sheet1!$D:$J,7,0) -> NL300132 | M141: =A141&L141 -> 02/01/2026NL300132 | N141: =VLOOKUP(M141,Sheet4!I:P,5,0) -> 0.1 | O141: =H141-N141 -> 0.1 | P141: =VLOOKUP(L141,[2]Sheet1!$I:$M,5,0) -> 12000 | Q141: =N141*P141 -> 1200 | R141: =J141-Q141 -> 1200
A142: 02/01/2026 | B142: TG-KS00056 | C142: BÒ TƠ Q7 | D142: TG-AA20858 | E142: I100375 | F142: Sao Nhái | G142: Kg | H142: 2.5 | I142: 36000 | J142: =H142*I142 -> 90000 | L142: =VLOOKUP(F142,[1]Sheet1!$D:$J,7,0) -> NL300162 | M142: =A142&L142 -> 02/01/2026NL300162 | N142: =VLOOKUP(M142,Sheet4!I:P,5,0) -> 2 | O142: =H142-N142 -> 0.5 | P142: =VLOOKUP(L142,[2]Sheet1!$I:$M,5,0) -> 36000 | Q142: =N142*P142 -> 72000 | R142: =J142-Q142 -> 18000
... A146: 02/01/2026 | B146: TG-KS00056 | C146: BÒ TƠ Q7 | D146: TG-AA20858 | E146: I100224 | F146: Tỏi Bắc lột | G146: Kg | H146: 0.3 | I146: 90000 | J146: =H146*I146 -> 27000 | L146: =VLOOKUP(F146,[1]Sheet1!$D:$J,7,0) -> NL300144 | M146: =A146&L146 -> 02/01/2026NL300144 | N146: =VLOOKUP(M146,Sheet4!I:P,5,0) -> 0.2 | O146: =H146-N146 -> 0.1 | P146: =VLOOKUP(L146,[2]Sheet1!$I:$M,5,0) -> 90000 | Q146: =N146*P146 -> 18000 | R146: =J146-Q146 -> 9000
A147: 02/01/2026 | B147: TG-KS00056 | C147: BÒ TƠ Q7 | D147: TG-AA20920 | E147: I100224 | F147: Tỏi Bắc lột | G147: Kg | H147: 0.2 | I147: 90000 | J147: =H147*I147 -> 18000 | L147: =VLOOKUP(F147,[1]Sheet1!$D:$J,7,0) -> NL300144 | M147: =A147&L147 -> 02/01/2026NL300144 | N147: 0 | O147: =H147-N147 -> 0.2 | P147: =VLOOKUP(L147,[2]Sheet1!$I:$M,5,0) -> 90000 | Q147: =N147*P147 -> 0 | R147: =J147-Q147 -> 18000
A148: 03/01/2026 | B148: TG-KS00056 | C148: BÒ TƠ Q7 | D148: TG-AA20966 | E148: I100251 | F148: Bánh phở | G148: Kg | H148: 5 | I148: 13000 | J148: =H148*I148 -> 65000 | L148: =VLOOKUP(F148,[1]Sheet1!$D:$J,7,0) -> NL430002 | M148: =A148&L148 -> 03/01/2026NL430002 | N148: 0 | O148: =H148-N148 -> 5 | P148: 13000 | Q148: =N148*P148 -> 0 | R148: =J148-Q148 -> 65000
A149: 03/01/2026 | B149: TG-KS00056 | C149: BÒ TƠ Q7 | D149: TG-AA20966 | E149: I100002 | F149: Bắp cải tím | G149: Kg | H149: 0.9 | I149: 26000 | J149: =H149*I149 -> 23400 | L149: =VLOOKUP(F149,[1]Sheet1!$D:$J,7,0) -> NL300003 | M149: =A149&L149 -> 03/01/2026NL300003 | N149: =VLOOKUP(M149,Sheet4!I:P,5,0) -> 0.7 | O149: =H149-N149 -> 0.2 | P149: =VLOOKUP(L149,[2]Sheet1!$I:$M,5,0) -> 26000 | Q149: =N149*P149 -> 18200 | R149: =J149-Q149 -> 5200
A150: 03/01/2026 | B150: TG-KS00056 | C150: BÒ TƠ Q7 | D150: TG-AA20966 | E150: I100003 | F150: Bắp cải trắng | G150: Kg | H150: 1.9 | I150: 19000 | J150: =H150*I150 -> 36100 | L150: =VLOOKUP(F150,[1]Sheet1!$D:$J,7,0) -> NL300004 | M150: =A150&L150 -> 03/01/2026NL300004 | N150: =VLOOKUP(M150,Sheet4!I:P,5,0) -> 1.9 | O150: =H150-N150 -> 0 | P150: =VLOOKUP(L150,[2]Sheet1!$I:$M,5,0) -> 19000 | Q150: =N150*P150 -> 36100 | R150: =J150-Q150 -> 0
A151: 03/01/2026 | B151: TG-KS00056 | C151: BÒ TƠ Q7 | D151: TG-AA20966 | E151: I100004 | F151: Bắp chuối bào | G151: Kg | H151: 0.5 | I151: 33000 | J151: =H151*I151 -> 16500 | L151: =VLOOKUP(F151,[1]Sheet1!$D:$J,7,0) -> NL300060 | M151: =A151&L151 -> 03/01/2026NL300060 | N151: 0 | O151: =H151-N151 -> 0.5 | P151: =VLOOKUP(L151,[2]Sheet1!$I:$M,5,0) -> 33000 | Q151: =N151*P151 -> 0 | R151: =J151-Q151 -> 16500
A152: 03/01/2026 | B152: TG-KS00056 | C152: BÒ TƠ Q7 | D152: TG-AA20966 | E152: I100008 | F152: Bắp mỹ trái (Loại 1) | G152: Trái | H152: 2 | I152: 8500 | J152: =H152*I152 -> 17000 | L152: =VLOOKUP(F152,[1]Sheet1!$D:$J,7,0) -> NL300107 | M152: =A152&L152 -> 03/01/2026NL300107 | N152: =VLOOKUP(M152,Sheet4!I:P,5,0) -> 2 | O152: =H152-N152 -> 0 | P152: =VLOOKUP(L152,[2]Sheet1!$I:$M,5,0) -> 8500 | Q152: =N152*P152 -> 17000 | R152: =J152-Q152 -> 0
A153: 03/01/2026 | B153: TG-KS00056 | C153: BÒ TƠ Q7 | D153: TG-AA20966 | E153: I100010 | F153: Bầu xanh | G153: Kg | H153: 3.8 | I153: 24000 | J153: =H153*I153 -> 91200 | L153: =VLOOKUP(F153,[1]Sheet1!$D:$J,7,0) -> NL300174 | M153: =A153&L153 -> 03/01/2026NL300174 | N153: =VLOOKUP(M153,Sheet4!I:P,5,0) -> 3.8 | O153: =H153-N153 -> 0 | P153: =VLOOKUP(L153,[2]Sheet1!$I:$M,5,0) -> 24000 | Q153: =N153*P153 -> 91200 | R153: =J153-Q153 -> 0
A154: 03/01/2026 | B154: TG-KS00056 | C154: BÒ TƠ Q7 | D154: TG-AA20966 | E154: I100018 | F154: Bó xôi (Nhà Lồng) | G154: Kg | H154: 4 | I154: 45000 | J154: =H154*I154 -> 180000 | L154: =VLOOKUP(F154,[1]Sheet1!$D:$J,7,0) -> NL300203 | M154: =A154&L154 -> 03/01/2026NL300203 | N154: =VLOOKUP(M154,Sheet4!I:P,5,0) -> 3 | O154: =H154-N154 -> 1 | P154: =VLOOKUP(L154,[2]Sheet1!$I:$M,5,0) -> 45000 | Q154: =N154*P154 -> 135000 | R154: =J154-Q154 -> 45000
...

Sheet Sheet4
A3: Bảng kê hóa đơn mua hàng
A4: Từ ngày 01/01/2026 đến ngày 15/01/2026...
M5: =SUBTOTAL(9,M7:M830) -> 2055.17 | N5: =M5-'Q7'!N13 -> 0 | P5: =SUBTOTAL(9,P7:P830) -> 45897840 | Q5: =P5-'Q7'!Q13 -> 0
A6: Ngày ct | B6: Mã ct | C6: Số ct | D6: Số hđ | E6: Áp giá | F6: Mã ncc | G6: Tên ncc | H6: Diễn giải | J6: Mã hàng | K6: Tên mặt hàng | L6: Đvt | M6: Số lượng | N6: Giá | O6: Giá báo | P6: Tiền | Q6: Thuế suất | R6: Chênh lệch giá | S6: Kho hàng | T6: Mã nx | U6: Vụ việc | V6: Bộ phận | W6: Hợp đồng | X6: Người tạo | Y6: Người sửa
A7: 46023 | B7: HD | C7: 2601BSG01002 | E7: 1 | F7: NCC100186 | G7: CÔNG TY TNHH NÔNG SẢN THỰC PHẨM TRẦN GIA | H7: BSG01 - Nhập hàng mua ngày 01/01/2026 | I7: =TEXT(A7,"dd/mm/yyyy")&J7 -> 01/01/2026NL300174 | J7: NL300174 | K7: Bầu | L7: kg | M7: 3.8 | N7: =VLOOKUP(J7,[2]Sheet1!$I:$M,5,0) -> 24000 | O7: 0 | P7: =M7*N7 -> 91200 | Q7: 0 | R7: 24000 | S7: BSG.01 | T7: 3311 | V7: BSG01 | X7: MINHDL | Y7: PHATLT
A8: 46023 | B8: HD | C8: 2601BSG01002 | E8: 1 | F8: NCC100186 | G8: CÔNG TY TNHH NÔNG SẢN THỰC PHẨM TRẦN GIA | H8: BSG01 - Nhập hàng mua ngày 01/01/2026 | I8: =TEXT(A8,"dd/mm/yyyy")&J8 -> 01/01/2026NL300003 | J8: NL300003 | K8: Bắp cải tím | L8: kg | M8: 2 | N8: =VLOOKUP(J8,[2]Sheet1!$I:$M,5,0) -> 26000 | O8: 0 | P8: =M8*N8 -> 52000 | Q8: 0 | R8: 26000 | S8: BSG.01 | T8: 3311 | V8: BSG01 | X8: MINHDL | Y8: PHATLT
A9: 46023 | B9: HD | C9: 2601BSG01002 | E9: 1 | F9: NCC100186 | G9: CÔNG TY TNHH NÔNG SẢN THỰC PHẨM TRẦN GIA | H9: BSG01 - Nhập hàng mua ngày 01/01/2026 | I9: =TEXT(A9,"dd/mm/yyyy")&J9 -> 01/01/2026NL300004 | J9: NL300004 | K9: Bắp cải trắng | L9: kg | M9: 3 | N9: =VLOOKUP(J9,[2]Sheet1!$I:$M,5,0) -> 19000 | O9: 0 | P9: =M9*N9 -> 57000 | Q9: 0 | R9: 19000 | S9: BSG.01 | T9: 3311 | V9: BSG01 | X9: MINHDL | Y9: PHATLT
A10: 46023 | B10: HD | C10: 2601BSG01002 | E10: 1 | F10: NCC100186 | G10: CÔNG TY TNHH NÔNG SẢN THỰC PHẨM TRẦN GIA | H10: BSG01 - Nhập hàng mua ngày 01/01/2026 | I10: =TEXT(A10,"dd/mm/yyyy")&J10 -> 01/01/2026NL300013 | J10: NL300013 | K10: Cà chua | L10: kg | M10: 5 | N10: =VLOOKUP(J10,[2]Sheet1!$I:$M,5,0) -> 50000 | O10: 0 | P10: =M10*N10 -> 250000 | Q10: 0 | R10: 50000 | S10: BSG.01 | T10: 3311 | V10: BSG01 | X10: MINHDL | Y10: PHATLT
A11: 46023 | B11: HD | C11: 2601BSG01002 | E11: 1 | F11: NCC100186 | G11: CÔNG TY TNHH NÔNG SẢN THỰC PHẨM TRẦN GIA | H11: BSG01 - Nhập hàng mua ngày 01/01/2026 | I11: =TEXT(A11,"dd/mm/yyyy")&J11 -> 01/01/2026NL300014 | J11: NL300014 | K11: Cà chua bi | L11: kg | M11: 1 | N11: =VLOOKUP(J11,[2]Sheet1!$I:$M,5,0) -> 55000 | O11: 0 | P11: =M11*N11 -> 55000 | Q11: 0 | R11: 55000 | S11: BSG.01 | T11: 3311 | V11: BSG01 | X11: MINHDL | Y11: PHATLT
A12: 46023 | B12: HD | C12: 2601BSG01002 | E12: 1 | F12: NCC100186 | G12: CÔNG TY TNHH NÔNG SẢN THỰC PHẨM TRẦN GIA | H12: BSG01 - Nhập hàng mua ngày 01/01/2026 | I12: =TEXT(A12,"dd/mm/yyyy")&J12 -> 01/01/2026NL300027 | J12: NL300027 | K12: Cà rốt | L12: kg | M12: 6 | N12: =VLOOKUP(J12,[2]Sheet1!$I:$M,5,0) -> 18000 | O12: 0 | P12: =M12*N12 -> 108000 | Q12: 0 | R12: 18000 | S12: BSG.01 | T12: 3311 | V12: BSG01 | X12: MINHDL | Y12: PHATLT
A13: 46023 | B13: HD | C13: 2601BSG01002 | E13: 1 | F13: NCC100186 | G13: CÔNG TY TNHH NÔNG SẢN THỰC PHẨM TRẦN GIA | H13: BSG01 - Nhập hàng mua ngày 01/01/2026 | I13: =TEXT(A13,"dd/mm/yyyy")&J13 -> 01/01/2026NL300203 | J13: NL300203 | K13: Cải bó xôi | L13: kg | M13: 5 | N13: =VLOOKUP(J13,[2]Sheet1!$I:$M,5,0) -> 45000 | O13: 0 | P13: =M13*N13 -> 225000 | Q13: 0 | R13: 45000 | S13: BSG.01 | T13: 3311 | V13: BSG01 | X13: MINHDL | Y13: PHATLT
A14: 46023 | B14: HD | C14: 2601BSG01002 | E14: 1 | F14: NCC100186 | G14: CÔNG TY TNHH NÔNG SẢN THỰC PHẨM TRẦN GIA | H14: BSG01 - Nhập hàng mua ngày 01/01/2026 | I14: =TEXT(A14,"dd/mm/yyyy")&J14 -> 01/01/2026NL300033 | J14: NL300033 | K14: Củ cải trắng | L14: kg | M14: 3 | N14: =VLOOKUP(J14,[2]Sheet1!$I:$M,5,0) -> 13000 | O14: 0 | P14: =M14*N14 -> 39000 | Q14: 0 | R14: 13000 | S14: BSG.01 | T14: 3311 | V14: BSG01 | X14: MINHDL | Y14: PHATLT
A15: 46023 | B15: HD | C15: 2601BSG01002 | E15: 1 | F15: NCC100186 | G15: CÔNG TY TNHH NÔNG SẢN THỰC PHẨM TRẦN GIA | H15: BSG01 - Nhập hàng mua ngày 01/01/2026 | I15: =TEXT(A15,"dd/mm/yyyy")&J15 -> 01/01/2026NL300034 | J15: NL300034 | K15: Củ cải đỏ | L15: kg | M15: 0.2 | N15: =VLOOKUP(J15,[2]Sheet1!$I:$M,5,0) -> 40000 | O15: 0 | P15: =M15*N15 -> 8000 | Q15: 0 | R15: 40000 | S15: BSG.01 | T15: 3311 | V15: BSG01 | X15: MINHDL | Y15: PHATLT
A16: 46023 | B16: HD | C16: 2601BSG01002 | E16: 1 | F16: NCC100186 | G16: CÔNG TY TNHH NÔNG SẢN THỰC PHẨM TRẦN GIA | H16: BSG01 - Nhập hàng mua ngày 01/01/2026 | I16: =TEXT(A16,"dd/mm/yyyy")&J16 -> 01/01/2026NL300188 | J16: NL300188 | K16: Củ Sắn ( Bếp) | L16: kg | M16: 0.5 | N16: =VLOOKUP(J16,[2]Sheet1!$I:$M,5,0) -> 12000 | O16: 0 | P16: =M16*N16 -> 6000 | Q16: 0 | R16: 12000 | S16: BSG.01 | T16: 3311 | V16: BSG01 | X16: MINHDL | Y16: PHATLT
A17: 46023 | B17: HD | C17: 2601BSG01002 | E17: 1 | F17: NCC100186 | G17: CÔNG TY TNHH NÔNG SẢN THỰC PHẨM TRẦN GIA | H17: BSG01 - Nhập hàng mua ngày 01/01/2026 | I17: =TEXT(A17,"dd/mm/yyyy")&J17 -> 01/01/2026NL300038 | J17: NL300038 | K17: Đậu bắp | L17: kg | M17: 2.5 | N17: =VLOOKUP(J17,[2]Sheet1!$I:$M,5,0) -> 32000 | O17: 0 | P17: =M17*N17 -> 80000 | Q17: 0 | R17: 32000 | S17: BSG.01 | T17: 3311 | V17: BSG01 | X17: MINHDL | Y17: PHATLT
A18: 46023 | B18: HD | C18: 2601BSG01002 | E18: 1 | F18: NCC100186 | G18: CÔNG TY TNHH NÔNG SẢN THỰC PHẨM TRẦN GIA | H18: BSG01 - Nhập hàng mua ngày 01/01/2026 | I18: =TEXT(A18,"dd/mm/yyyy")&J18 -> 01/01/2026NL300156 | J18: NL300156 | K18: Đậu cove Pháp | L18: kg | M18: 0.3 | N18: =VLOOKUP(J18,[2]Sheet1!$I:$M,5,0) -> 75000 | O18: 0 | P18: =M18*N18 -> 22500 | Q18: 0 | R18: 75000 | S18: BSG.01 | T18: 3311 | V18: BSG01 | X18: MINHDL | Y18: PHATLT
... A70: 46023 | B70: HD | C70: 2601BSG01005 | E70: 1 | F70: NCC100186 | G70: CÔNG TY TNHH NÔNG SẢN THỰC PHẨM TRẦN GIA | H70: BSG01 - Nhập hàng mua ngày 01/01/2026 | I70: =TEXT(A70,"dd/mm/yyyy")&J70 -> 01/01/2026NL300029 | J70: NL300029 | K70: Chanh | L70: kg | M70: 3 | N70: =VLOOKUP(J70,[2]Sheet1!$I:$M,5,0) -> 22000 | O70: 0 | P70: =M70*N70 -> 66000 | Q70: 0 | R70: 22000 | S70: BSG.01 | T70: 3311 | V70: BSG01 | X70: MINHDL | Y70: PHATLT
I71: =TEXT(A71,"dd/mm/yyyy")&J71
A72: 46024 | B72: HD | C72: 2601BSG01018 | E72: 1 | F72: NCC100186 | G72: CÔNG TY TNHH NÔNG SẢN THỰC PHẨM TRẦN GIA | H72: BSG01 - Nhập hàng mua ngày 02/01/2026 | I72: =TEXT(A72,"dd/mm/yyyy")&J72 -> 02/01/2026NL300002 | J72: NL300002 | K72: Bánh phở | L72: kg | M72: 0 | O72: 0 | P72: =M72*N72 -> 0 | Q72: 0 | R72: 16000 | S72: BSG.01 | T72: 3311 | V72: BSG01 | X72: MINHDL | Y72: PHATLT
A73: 46024 | B73: HD | C73: 2601BSG01007 | E73: 1 | F73: NCC100186 | G73: CÔNG TY TNHH NÔNG SẢN THỰC PHẨM TRẦN GIA | H73: BSG01 - Nhập hàng mua ngày 02/01/2026 | I73: =TEXT(A73,"dd/mm/yyyy")&J73 -> 02/01/2026NL300003 | J73: NL300003 | K73: Bắp cải tím | L73: kg | M73: 2 | N73: =VLOOKUP(J73,[2]Sheet1!$I:$M,5,0) -> 26000 | O73: 0 | P73: =M73*N73 -> 52000 | Q73: 0 | R73: 26000 | S73: BSG.01 | T73: 3311 | V73: BSG01 | X73: MINHDL | Y73: PHATLT
A74: 46024 | B74: HD | C74: 2601BSG01007 | E74: 1 | F74: NCC100186 | G74: CÔNG TY TNHH NÔNG SẢN THỰC PHẨM TRẦN GIA | H74: BSG01 - Nhập hàng mua ngày 02/01/2026 | I74: =TEXT(A74,"dd/mm/yyyy")&J74 -> 02/01/2026NL300004 | J74: NL300004 | K74: Bắp cải trắng | L74: kg | M74: 2.9 | N74: =VLOOKUP(J74,[2]Sheet1!$I:$M,5,0) -> 19000 | O74: 0 | P74: =M74*N74 -> 55100 | Q74: 0 | R74: 19000 | S74: BSG.01 | T74: 3311 | V74: BSG01 | X74: MINHDL | Y74: PHATLT
A75: 46024 | B75: HD | C75: 2601BSG01007 | E75: 1 | F75: NCC100186 | G75: CÔNG TY TNHH NÔNG SẢN THỰC PHẨM TRẦN GIA | H75: BSG01 - Nhập hàng mua ngày 02/01/2026 | I75: =TEXT(A75,"dd/mm/yyyy")&J75 -> 02/01/2026NL300174 | J75: NL300174 | K75: Bầu | L75: kg | M75: 7 | N75: =VLOOKUP(J75,[2]Sheet1!$I:$M,5,0) -> 24000 | O75: 0 | P75: =M75*N75 -> 168000 | Q75: 0 | R75: 24000 | S75: BSG.01 | T75: 3311 | V75: BSG01 | X75: MINHDL | Y75: PHATLT
A76: 46024 | B76: HD | C76: 2601BSG01.01 | E76: 1 | F76: NCC100186 | G76: CÔNG TY TNHH NÔNG SẢN THỰC PHẨM TRẦN GIA | H76: BSG01 - Nhập hàng mua ngày 02/01/2026 | I76: =TEXT(A76,"dd/mm/yyyy")&J76 -> 02/01/2026NL300008 | J76: NL300008 | K76: Bí ngòi | L76: kg | M76: 1 | N76: =VLOOKUP(J76,[2]Sheet1!$I:$M,5,0) -> 40000 | O76: 0 | P76: =M76*N76 -> 40000 | Q76: 0 | R76: 40000 | S76: BSG.01 | T76: 3311 | V76: BSG01 | X76: PHATLT | Y76: PHATLT
A77: 46024 | B77: HD | C77: 2601BSG01007 | E77: 1 | F77: NCC100186 | G77: CÔNG TY TNHH NÔNG SẢN THỰC PHẨM TRẦN GIA | H77: BSG01 - Nhập hàng mua ngày 02/01/2026 | I77: =TEXT(A77,"dd/mm/yyyy")&J77 -> 02/01/2026NL300013 | J77: NL300013 | K77: Cà chua | L77: kg | M77: 6 | N77: =VLOOKUP(J77,[2]Sheet1!$I:$M,5,0) -> 50000 | O77: 0 | P77: =M77*N77 -> 300000 | Q77: 0 | R77: 50000 | S77: BSG.01 | T77: 3311 | V77: BSG01 | X77: MINHDL | Y77: PHATLT
A78: 46024 | B78: HD | C78: 2601BSG01007 | E78: 1 | F78: NCC100186 | G78: CÔNG TY TNHH NÔNG SẢN THỰC PHẨM TRẦN GIA | H78: BSG01 - Nhập hàng mua ngày 02/01/2026 | I78: =TEXT(A78,"dd/mm/yyyy")&J78 -> 02/01/2026NL300014 | J78: NL300014 | K78: Cà chua bi | L78: kg | M78: 1 | N78: =VLOOKUP(J78,[2]Sheet1!$I:$M,5,0) -> 55000 | O78: 0 | P78: =M78*N78 -> 55000 | Q78: 0 | R78: 55000 | S78: BSG.01 | T78: 3311 | V78: BSG01 | X78: MINHDL | Y78: PHATLT
A79: 46024 | B79: HD | C79: 2601BSG01007 | E79: 1 | F79: NCC100186 | G79: CÔNG TY TNHH NÔNG SẢN THỰC PHẨM TRẦN GIA | H79: BSG01 - Nhập hàng mua ngày 02/01/2026 | I79: =TEXT(A79,"dd/mm/yyyy")&J79 -> 02/01/2026NL300027 | J79: NL300027 | K79: Cà rốt | L79: kg | M79: 7 | N79: =VLOOKUP(J79,[2]Sheet1!$I:$M,5,0) -> 18000 | O79: 0 | P79: =M79*N79 -> 126000 | Q79: 0 | R79: 18000 | S79: BSG.01 | T79: 3311 | V79: BSG01 | X79: MINHDL | Y79: PHATLT
A80: 46024 | B80: HD | C80: 2601BSG01.01 | E80: 1 | F80: NCC100186 | G80: CÔNG TY TNHH NÔNG SẢN THỰC PHẨM TRẦN GIA | H80: BSG01 - Nhập hàng mua ngày 02/01/2026 | I80: =TEXT(A80,"dd/mm/yyyy")&J80 -> 02/01/2026NL300233 | J80: NL300233 | K80: Cà Tím | L80: kg | M80: 1.15 | N80: =VLOOKUP(J80,[2]Sheet1!$I:$M,5,0) -> 33000 | O80: 0 | P80: =M80*N80 -> 37950 | Q80: 0 | R80: 33000 | S80: BSG.01 | T80: 3311 | V80: BSG01 | X80: PHATLT | Y80: PHATLT
A81: 46024 | B81: HD | C81: 2601BSG01007 | E81: 1 | F81: NCC100186 | G81: CÔNG TY TNHH NÔNG SẢN THỰC PHẨM TRẦN GIA | H81: BSG01 - Nhập hàng mua ngày 02/01/2026 | I81: =TEXT(A81,"dd/mm/yyyy")&J81 -> 02/01/2026NL410018 | J81: NL410018 | K81: Cá tra NV ( Cá basa NV ) | L81: kg | M81: 2.9 | N81: =VLOOKUP(J81,[2]Sheet1!$I:$M,5,0) -> 82000 | O81: 0 | P81: =M81*N81 -> 237800 | Q81: 0 | R81: 82000 | S81: BSG.01 | T81: 3311 | V81: BSG01 | X81: MINHDL | Y81: PHATLT
A82: 46024 | B82: HD | C82: 2601BSG01007 | E82: 1 | F82: NCC100186 | G82: CÔNG TY TNHH NÔNG SẢN THỰC PHẨM TRẦN GIA | H82: BSG01 - Nhập hàng mua ngày 02/01/2026 | I82: =TEXT(A82,"dd/mm/yyyy")&J82 -> 02/01/2026NL300203 | J82: NL300203 | K82: Cải bó xôi | L82: kg | M82: 4 | N82: =VLOOKUP(J82,[2]Sheet1!$I:$M,5,0) -> 45000 | O82: 0 | P82: =M82*N82 -> 180000 | Q82: 0 | R82: 45000 | S82: BSG.01 | T82: 3311 | V82: BSG01 | X82: MINHDL | Y82: PHATLT
A83: 46024 | B83: HD | C83: 2601BSG01.01 | E83: 1 | F83: NCC100186 | G83: CÔNG TY TNHH NÔNG SẢN THỰC PHẨM TRẦN GIA | H83: BSG01 - Nhập hàng mua ngày 02/01/2026 | I83: =TEXT(A83,"dd/mm/yyyy")&J83 -> 02/01/2026NL300022 | J83: NL300022 | K83: Cải thảo | L83: kg | M83: 1.2 | N83: =VLOOKUP(J83,[2]Sheet1!$I:$M,5,0) -> 18000 | O83: 0 | P83: =M83*N83 -> 21600 | Q83: 0 | R83: 18000 | S83: BSG.01 | T83: 3311 | V83: BSG01 | X83: PHATLT | Y83: PHATLT
A84: 46024 | B84: HD | C84: 2601BSG01007 | E84: 1 | F84: NCC100186 | G84: CÔNG TY TNHH NÔNG SẢN THỰC PHẨM TRẦN GIA | H84: BSG01 - Nhập hàng mua ngày 02/01/2026 | I84: =TEXT(A84,"dd/mm/yyyy")&J84 -> 02/01/2026NL430021 | J84: NL430021 | K84: Cải xanh NV | L84: kg | M84: 2 | N84: =VLOOKUP(J84,[2]Sheet1!$I:$M,5,0) -> 28000 | O84: 0 | P84: =M84*N84 -> 56000 | Q84: 0 | R84: 28000 | S84: BSG.01 | T84: 3311 | V84: BSG01 | X84: MINHDL | Y84: PHATLT
... A145: 46024 | B145: HD | C145: 2601BSG01007 | E145: 1 | F145: NCC100186 | G145: CÔNG TY TNHH NÔNG SẢN THỰC PHẨM TRẦN GIA | H145: BSG01 - Nhập hàng mua ngày 02/01/2026 | I145: =TEXT(A145,"dd/mm/yyyy")&J145 -> 02/01/2026NL300144 | J145: NL300144 | K145: Tỏi ta | L145: kg | M145: 0.2 | N145: =VLOOKUP(J145,[2]Sheet1!$I:$M,5,0) -> 90000 | O145: 0 | P145: =M145*N145 -> 18000 | Q145: 0 | R145: 90000 | S145: BSG.01 | T145: 3311 | V145: BSG01 | X145: MINHDL | Y145: PHATLT
A146: 46024 | B146: HD | C146: 2601BSG01018 | E146: 1 | F146: NCC100186 | G146: CÔNG TY TNHH NÔNG SẢN THỰC PHẨM TRẦN GIA | H146: BSG01 - Nhập hàng mua ngày 02/01/2026 | I146: =TEXT(A146,"dd/mm/yyyy")&J146 -> 02/01/2026NL100100 | J146: NL100100 | K146: Trứng gà | L146: quả | M146: 0 | O146: 0 | P146: =M146*N146 -> 0 | Q146: 0 | R146: 3500 | S146: BSG.01 | T146: 3311 | V146: BSG01 | X146: MINHDL | Y146: PHATLT
A147: 46024 | B147: HD | C147: 2601BSG01007 | E147: 1 | F147: NCC100186 | G147: CÔNG TY TNHH NÔNG SẢN THỰC PHẨM TRẦN GIA | H147: BSG01 - Nhập hàng mua ngày 02/01/2026 | I147: =TEXT(A147,"dd/mm/yyyy")&J147 -> 02/01/2026NL300145 | J147: NL300145 | K147: Xà lách | L147: kg | M147: 15 | N147: =VLOOKUP(J147,[2]Sheet1!$I:$M,5,0) -> 38000 | O147: 0 | P147: =M147*N147 -> 570000 | Q147: 0 | R147: 38000 | S147: BSG.01 | T147: 3311 | V147: BSG01 | X147: MINHDL | Y147: PHATLT
A148: 46025 | B148: HD | C148: 2601BSG01011 | E148: 1 | F148: NCC100186 | G148: CÔNG TY TNHH NÔNG SẢN THỰC PHẨM TRẦN GIA | H148: BSG01 - Nhập hàng mua ngày 03/01/2026 | I148: =TEXT(A148,"dd/mm/yyyy")&J148 -> 03/01/2026NL300174 | J148: NL300174 | K148: Bầu | L148: kg | M148: 3.8 | N148: =VLOOKUP(J148,[2]Sheet1!$I:$M,5,0) -> 24000 | O148: 0 | P148: =M148*N148 -> 91200 | Q148: 0 | R148: 24000 | S148: BSG.01 | T148: 3311 | V148: BSG01 | X148: MINHDL | Y148: PHATLT
A149: 46025 | B149: HD | C149: 2601BSG01011 | E149: 1 | F149: NCC100186 | G149: CÔNG TY TNHH NÔNG SẢN THỰC PHẨM TRẦN GIA | H149: BSG01 - Nhập hàng mua ngày 03/01/2026 | I149: =TEXT(A149,"dd/mm/yyyy")&J149 -> 03/01/2026NL300003 | J149: NL300003 | K149: Bắp cải tím | L149: kg | M149: 0.7 | N149: =VLOOKUP(J149,[2]Sheet1!$I:$M,5,0) -> 26000 | O149: 0 | P149: =M149*N149 -> 18200 | Q149: 0 | R149: 26000 | S149: BSG.01 | T149: 3311 | V149: BSG01 | X149: MINHDL | Y149: PHATLT
A150: 46025 | B150: HD | C150: 2601BSG01011 | E150: 1 | F150: NCC100186 | G150: CÔNG TY TNHH NÔNG SẢN THỰC PHẨM TRẦN GIA | H150: BSG01 - Nhập hàng mua ngày 03/01/2026 | I150: =TEXT(A150,"dd/mm/yyyy")&J150 -> 03/01/2026NL300004 | J150: NL300004 | K150: Bắp cải trắng | L150: kg | M150: 1.9 | N150: =VLOOKUP(J150,[2]Sheet1!$I:$M,5,0) -> 19000 | O150: 0 | P150: =M150*N150 -> 36100 | Q150: 0 | R150: 19000 | S150: BSG.01 | T150: 3311 | V150: BSG01 | X150: MINHDL | Y150: PHATLT
A151: 46025 | B151: HD | C151: 2601BSG01011 | E151: 1 | F151: NCC100186 | G151: CÔNG TY TNHH NÔNG SẢN THỰC PHẨM TRẦN GIA | H151: BSG01 - Nhập hàng mua ngày 03/01/2026 | I151: =TEXT(A151,"dd/mm/yyyy")&J151 -> 03/01/2026NL300011 | J151: NL300011 | K151: Bông súng | L151: kg | M151: 0.5 | N151: =VLOOKUP(J151,[2]Sheet1!$I:$M,5,0) -> 17000 | O151: 0 | P151: =M151*N151 -> 8500 | Q151: 0 | R151: 17000 | S151: BSG.01 | T151: 3311 | V151: BSG01 | X151: MINHDL | Y151: PHATLT
A152: 46025 | B152: HD | C152: 2601BSG01011 | E152: 1 | F152: NCC100186 | G152: CÔNG TY TNHH NÔNG SẢN THỰC PHẨM TRẦN GIA | H152: BSG01 - Nhập hàng mua ngày 03/01/2026 | I152: =TEXT(A152,"dd/mm/yyyy")&J152 -> 03/01/2026NL300013 | J152: NL300013 | K152: Cà chua | L152: kg | M152: 3 | N152: =VLOOKUP(J152,[2]Sheet1!$I:$M,5,0) -> 50000 | O152: 0 | P152: =M152*N152 -> 150000 | Q152: 0 | R152: 50000 | S152: BSG.01 | T152: 3311 | V152: BSG01 | X152: MINHDL | Y152: PHATLT
A153: 46025 | B153: HD | C153: 2601BSG01011 | E153: 1 | F153: NCC100186 | G153: CÔNG TY TNHH NÔNG SẢN THỰC PHẨM TRẦN GIA | H153: BSG01 - Nhập hàng mua ngày 03/01/2026 | I153: =TEXT(A153,"dd/mm/yyyy")&J153 -> 03/01/2026NL300014 | J153: NL300014 | K153: Cà chua bi | L153: kg | M153: 1 | N153: =VLOOKUP(J153,[2]Sheet1!$I:$M,5,0) -> 55000 | O153: 0 | P153: =M153*N153 -> 55000 | Q153: 0 | R153: 55000 | S153: BSG.01 | T153: 3311 | V153: BSG01 | X153: MINHDL | Y153: PHATLT
A154: 46025 | B154: HD | C154: 2601BSG01011 | E154: 1 | F154: NCC100186 | G154: CÔNG TY TNHH NÔNG SẢN THỰC PHẨM TRẦN GIA | H154: BSG01 - Nhập hàng mua ngày 03/01/2026 | I154: =TEXT(A154,"dd/mm/yyyy")&J154 -> 03/01/2026NL300027 | J154: NL300027 | K154: Cà rốt | L154: kg | M154: 4.8 | N154: =VLOOKUP(J154,[2]Sheet1!$I:$M,5,0) -> 18000 | O154: 0 | P154: =M154*N154 -> 86400 | Q154: 0 | R154: 18000 | S154: BSG.01 | T154: 3311 | V154: BSG01 | X154: MINHDL | Y154: PHATLT
A155: 46025 | B155: HD | C155: 2601BSG01011 | E155: 1 | F155: NCC100186 | G155: CÔNG TY TNHH NÔNG SẢN THỰC PHẨM TRẦN GIA | H155: BSG01 - Nhập hàng mua ngày 03/01/2026 | I155: =TEXT(A155,"dd/mm/yyyy")&J155 -> 03/01/2026NL300203 | J155: NL300203 | K155: Cải bó xôi | L155: kg | M155: 3 | N155: =VLOOKUP(J155,[2]Sheet1!$I:$M,5,0) -> 45000 | O155: 0 | P155: =M155*N155 -> 135000 | Q155: 0 | R155: 45000 | S155: BSG.01 | T155: 3311 | V155: BSG01 | X155: MINHDL | Y155: PHATLT
A156: 46025 | B156: HD | C156: 2601BSG01011 | E156: 1 | F156: NCC100186 | G156: CÔNG TY TNHH NÔNG SẢN THỰC PHẨM TRẦN GIA | H156: BSG01 - Nhập hàng mua ngày 03/01/2026 | I156: =TEXT(A156,"dd/mm/yyyy")&J156 -> 03/01/2026NL300033 | J156: NL300033 | K156: Củ cải trắng | L156: kg | M156: 1 | N156: =VLOOKUP(J156,[2]Sheet1!$I:$M,5,0) -> 13000 | O156: 0 | P156: =M156*N156 -> 13000 | Q156: 0 | R156: 13000 | S156: BSG.01 | T156: 3311 | V156: BSG01 | X156: MINHDL | Y156: PHATLT
A157: 46025 | B157: HD | C157: 2601BSG01011 | E157: 1 | F157: NCC100186 | G157: CÔNG TY TNHH NÔNG SẢN THỰC PHẨM TRẦN GIA | H157: BSG01 - Nhập hàng mua ngày 03/01/2026 | I157: =TEXT(A157,"dd/mm/yyyy")&J157 -> 03/01/2026NL300038 | J157: NL300038 | K157: Đậu bắp | L157: kg | M157: 1 | N157: =VLOOKUP(J157,[2]Sheet1!$I:$M,5,0) -> 32000 | O157: 0 | P157: =M157*N157 -> 32000 | Q157: 0 | R157: 32000 | S157: BSG.01 | T157: 3311 | V157: BSG01 | X157: MINHDL | Y157: PHATLT
A158: 46025 | B158: HD | C158: 2601BSG01011 | E158: 1 | F158: NCC100186 | G158: CÔNG TY TNHH NÔNG SẢN THỰC PHẨM TRẦN GIA | H158: BSG01 - Nhập hàng mua ngày 03/01/2026 | I158: =TEXT(A158,"dd/mm/yyyy")&J158 -> 03/01/2026NL300156 | J158: NL300156 | K158: Đậu cove Pháp | L158: kg | M158: 0.2 | N158: =VLOOKUP(J158,[2]Sheet1!$I:$M,5,0) -> 75000 | O158: 0 | P158: =M158*N158 -> 15000 | Q158: 0 | R158: 75000 | S158: BSG.01 | T158: 3311 | V158: BSG01 | X158: MINHDL | Y158: PHATLT
... A236: 46026 | B236: HD | C236: 2601BSG01024 | E236: 1 | F236: NCC100186 | G236: CÔNG TY TNHH NÔNG SẢN THỰC PHẨM TRẦN GIA | H236: BSG01 - Nhập hàng mua ngày 04/01/2026 | I236: =TEXT(A236,"dd/mm/yyyy")&J236 -> 04/01/2026NL430051 | J236: NL430051 | K236: Giá đỗ NV | L236: kg | M236: 1.5 | N236: =VLOOKUP(J236,[2]Sheet1!$I:$M,5,0) -> 9000 | O236: 0 | P236: =M236*N236 -> 13500 | Q236: 0 | R236: 9000 | S236: BSG.01 | T236: 3311 | V236: BSG01 | X236: PHATLT | Y236: PHATLT
A237: 46026 | B237: HD | C237: 2601BSG01024 | E237: 1 | F237: NCC100186 | G237: CÔNG TY TNHH NÔNG SẢN THỰC PHẨM TRẦN GIA | H237: BSG01 - Nhập hàng mua ngày 04/01/2026 | I237: =TEXT(A237,"dd/mm/yyyy")&J237 -> 04/01/2026NL300064 | J237: NL300064 | K237: Húng chó (Húng quế) | L237: kg | M237: 0.2 | N237: 40000 | O237: 0 | P237: =M237*N237 -> 8000 | Q237: 0 | R237: 65000 | S237: BSG.01 | T237: 3311 | V237: BSG01 | X237: PHATLT | Y237: PHATLT
A238: 46026 | B238: HD | C238: 2601BSG01024 | E238: 1 | F238: NCC100186 | G238: CÔNG TY TNHH NÔNG SẢN THỰC PHẨM TRẦN GIA | H238: BSG01 - Nhập hàng mua ngày 04/01/2026 | I238: =TEXT(A238,"dd/mm/yyyy")&J238 -> 04/01/2026NL300113 | J238: NL300113 | K238: Ớt hiểm đỏ | L238: kg | M238: 1 | N238: =VLOOKUP(J238,[2]Sheet1!$I:$M,5,0) -> 145000 | O238: 0 | P238: =M238*N238 -> 145000 | Q238: 0 | R238: 145000 | S238: BSG.01 | T238: 3311 | V238: BSG01 | X238: PHATLT | Y238: PHATLT
A239: 46026 | B239: HD | C239: 2601BSG01024 | E239: 1 | F239: NCC100186 | G239: CÔNG TY TNHH NÔNG SẢN THỰC PHẨM TRẦN GIA | H239: BSG01 - Nhập hàng mua ngày 04/01/2026 | I239: =TEXT(A239,"dd/mm/yyyy")&J239 -> 04/01/2026NL300119 | J239: NL300119 | K239: Quất ( Tắc trái ) | L239: kg | M239: 2.5 | N239: =VLOOKUP(J239,[2]Sheet1!$I:$M,5,0) -> 21000 | O239: 0 | P239: =M239*N239 -> 52500 | Q239: 0 | R239: 21000 | S239: BSG.01 | T239: 3311 | V239: BSG01 | X239: PHATLT | Y239: PHATLT
A240: 46026 | B240: HD | C240: 2601BSG01024 | E240: 1 | F240: NCC100186 | G240: CÔNG TY TNHH NÔNG SẢN THỰC PHẨM TRẦN GIA | H240: BSG01 - Nhập hàng mua ngày 04/01/2026 | I240: =TEXT(A240,"dd/mm/yyyy")&J240 -> 04/01/2026NL300029 | J240: NL300029 | K240: Chanh | L240: kg | M240: 1 | N240: =VLOOKUP(J240,[2]Sheet1!$I:$M,5,0) -> 22000 | O240: 0 | P240: =M240*N240 -> 22000 | Q240: 0 | R240: 22000 | S240: BSG.01 | T240: 3311 | V240: BSG01 | X240: PHATLT | Y240: PHATLT
A241: 46027 | B241: HD | C241: 2601BSG01036 | E241: 1 | F241: NCC100186 | G241: CÔNG TY TNHH NÔNG SẢN THỰC PHẨM TRẦN GIA | H241: BSG01 - Nhập hàng mua ngày 05/01/2026 | I241: =TEXT(A241,"dd/mm/yyyy")&J241 -> 05/01/2026NL300203 | J241: NL300203 | K241: Cải bó xôi | L241: kg | M241: 3 | N241: =VLOOKUP(J241,[2]Sheet1!$I:$M,5,0) -> 45000 | O241: 0 | P241: =M241*N241 -> 135000 | Q241: 0 | R241: 45000 | S241: BSG.01 | T241: 3311 | V241: BSG01 | X241: PHATLT | Y241: PHATLT
A242: 46027 | B242: HD | C242: 2601BSG01036 | E242: 1 | F242: NCC100186 | G242: CÔNG TY TNHH NÔNG SẢN THỰC PHẨM TRẦN GIA | H242: BSG01 - Nhập hàng mua ngày 05/01/2026 | I242: =TEXT(A242,"dd/mm/yyyy")&J242 -> 05/01/2026NL300033 | J242: NL300033 | K242: Củ cải trắng | L242: kg | M242: 0.5 | N242: =VLOOKUP(J242,[2]Sheet1!$I:$M,5,0) -> 13000 | O242: 0 | P242: =M242*N242 -> 6500 | Q242: 0 | R242: 13000 | S242: BSG.01 | T242: 3311 | V242: BSG01 | X242: PHATLT | Y242: PHATLT
A243: 46027 | B243: HD | C243: 2601BSG01036 | E243: 1 | F243: NCC100186 | G243: CÔNG TY TNHH NÔNG SẢN THỰC PHẨM TRẦN GIA | H243: BSG01 - Nhập hàng mua ngày 05/01/2026 | I243: =TEXT(A243,"dd/mm/yyyy")&J243 -> 05/01/2026NL300188 | J243: NL300188 | K243: Củ Sắn ( Bếp) | L243: kg | M243: 0.5 | N243: =VLOOKUP(J243,[2]Sheet1!$I:$M,5,0) -> 12000 | O243: 0 | P243: =M243*N243 -> 6000 | Q243: 0 | R243: 12000 | S243: BSG.01 | T243: 3311 | V243: BSG01 | X243: PHATLT | Y243: PHATLT
A244: 46027 | B244: HD | C244: 2601BSG01036 | E244: 1 | F244: NCC100186 | G244: CÔNG TY TNHH NÔNG SẢN THỰC PHẨM TRẦN GIA | H244: BSG01 - Nhập hàng mua ngày 05/01/2026 | I244: =TEXT(A244,"dd/mm/yyyy")&J244 -> 05/01/2026NL300038 | J244: NL300038 | K244: Đậu bắp | L244: kg | M244: 1 | N244: =VLOOKUP(J244,[2]Sheet1!$I:$M,5,0) -> 32000 | O244: 0 | P244: =M244*N244 -> 32000 | Q244: 0 | R244: 32000 | S244: BSG.01 | T244: 3311 | V244: BSG01 | X244: PHATLT | Y244: PHATLT
A245: 46027 | B245: HD | C245: 2601BSG01036 | E245: 1 | F245: NCC100186 | G245: CÔNG TY TNHH NÔNG SẢN THỰC PHẨM TRẦN GIA | H245: BSG01 - Nhập hàng mua ngày 05/01/2026 | I245: =TEXT(A245,"dd/mm/yyyy")&J245 -> 05/01/2026NL300037 | J245: NL300037 | K245: Đậu phụ ( đậu hủ miếng trắng ) | L245: miếng | M245: 60 | N245: =VLOOKUP(J245,[2]Sheet1!$I:$M,5,0) -> 4000 | O245: 0 | P245: =M245*N245 -> 240000 | Q245: 0 | R245: 4000 | S245: BSG.01 | T245: 3311 | V245: BSG01 | X245: PHATLT | Y245: PHATLT
A246: 46027 | B246: HD | C246: 2601BSG01036 | E246: 1 | F246: NCC100186 | G246: CÔNG TY TNHH NÔNG SẢN THỰC PHẨM TRẦN GIA | H246: BSG01 - Nhập hàng mua ngày 05/01/2026 | I246: =TEXT(A246,"dd/mm/yyyy")&J246 -> 05/01/2026NL300043 | J246: NL300043 | K246: Đọt cóc | L246: kg | M246: 1 | N246: =VLOOKUP(J246,[2]Sheet1!$I:$M,5,0) -> 32000 | O246: 0 | P246: =M246*N246 -> 32000 | Q246: 0 | R246: 32000 | S246: BSG.01 | T246: 3311 | V246: BSG01 | X246: PHATLT | Y246: PHATLT
A247: 46027 | B247: HD | C247: 2601BSG01036 | E247: 1 | F247: NCC100186 | G247: CÔNG TY TNHH NÔNG SẢN THỰC PHẨM TRẦN GIA | H247: BSG01 - Nhập hàng mua ngày 05/01/2026 | I247: =TEXT(A247,"dd/mm/yyyy")&J247 -> 05/01/2026NL300044 | J247: NL300044 | K247: Đọt mọt ( Lá trăm ) | L247: kg | M247: 1 | N247: =VLOOKUP(J247,[2]Sheet1!$I:$M,5,0) -> 38000 | O247: 0 | P247: =M247*N247 -> 38000 | Q247: 0 | R247: 38000 | S247: BSG.01 | T247: 3311 | V247: BSG01 | X247: PHATLT | Y247: PHATLT
A248: 46027 | B248: HD | C248: 2601BSG01036 | E248: 1 | F248: NCC100186 | G248: CÔNG TY TNHH NÔNG SẢN THỰC PHẨM TRẦN GIA | H248: BSG01 - Nhập hàng mua ngày 05/01/2026 | I248: =TEXT(A248,"dd/mm/yyyy")&J248 -> 05/01/2026NL300174 | J248: NL300174 | K248: Bầu | L248: kg | M248: 4 | N248: =VLOOKUP(J248,[2]Sheet1!$I:$M,5,0) -> 24000 | O248: 0 | P248: =M248*N248 -> 96000 | Q248: 0 | R248: 24000 | S248: BSG.01 | T248: 3311 | V248: BSG01 | X248: PHATLT | Y248: PHATLT
A249: 46027 | B249: HD | C249: 2601BSG01036 | E249: 1 | F249: NCC100186 | G249: CÔNG TY TNHH NÔNG SẢN THỰC PHẨM TRẦN GIA | H249: BSG01 - Nhập hàng mua ngày 05/01/2026 | I249: =TEXT(A249,"dd/mm/yyyy")&J249 -> 05/01/2026NL300003 | J249: NL300003 | K249: Bắp cải tím | L249: kg | M249: 2 | N249: =VLOOKUP(J249,[2]Sheet1!$I:$M,5,0) -> 26000 | O249: 0 | P249: =M249*N249 -> 52000 | Q249: 0 | R249: 26000 | S249: BSG.01 | T249: 3311 | V249: BSG01 | X249: PHATLT | Y249: PHATLT
... A828: 46024 | B828: HD | C828: 2601BSG01007 | E828: 1 | F828: NCC100186 | G828: CÔNG TY TNHH NÔNG SẢN THỰC PHẨM TRẦN GIA | H828: BSG01 - Nhập hàng mua ngày 02/01/2026 | I828: =TEXT(A828,"dd/mm/yyyy")&J828 -> 02/01/2026NL300150 | J828: NL300150 | K828: Xoài xanh | L828: kg | M828: 0.3 | N828: =VLOOKUP(J828,[2]Sheet1!$I:$M,5,0) -> 24000 | O828: 0 | P828: =M828*N828 -> 7200 | Q828: 0 | R828: 24000 | S828: BSG.01 | T828: 3311 | V828: BSG01 | X828: MINHDL | Y828: PHATLT

Sheet Q3
D2: CÔNG TY TNHH NÔNG SẢN THỰC PHẨM TRẦN GIA HTX: Ấp Lộc Tiến, Xã Mỹ Lộc, Huyện Cần Giuộc, Tỉnh Long An VP: Tòa nhà An Phú Plaza, 117-119 Lý Chính Thắng, P.7. Q.3, TP.HCM Kho sơ chế: 30 Kha Vạn Cân, P. Hiệp Bình Chánh, TP.Thủ Đức, TP.HCM Kho Đà Lạt: 69 Trần Thủ Độ, TT Liên Nghĩa, Huyện Đức Trọng, Tỉnh Lâm Đồng. Website: rausachtrangia.com - Hotline: 090.245.8081
A4: CHI TIẾT ĐỐI CHIẾU CÔNG NỢ
A6: Từ ngày 1 tháng 01 đến ngày 15 tháng 01 năm 2026
A8: Tên Khách hàng: BÒ TƠ Q3
A10: Địa chỉ:
A12: Người liên hệ: Email:
J13: =SUBTOTAL(9,J15:J767) -> 58579700 | N13: =SUBTOTAL(9,N15:N987) -> 2224.95 | O13: =N13-Sheet5!M5 -> 0 | Q13: =SUBTOTAL(9,Q15:Q987) -> 49032800 | R13: =Q13-Sheet5!P5 -> 0
A14: NGÀY | B14: MÃ KHÁCH HÀNG | C14: TÊN KHÁCH HÀNG | D14: MÃ ĐƠN HÀNG | E14: MÃ HÀNG | F14: TÊN HÀNG | G14: ĐVT | H14: SỐ LƯỢNG | I14: ĐƠN GIÁ | J14: THÀNH TIỀN | K14: GHI CHÚ | N14: Thực nhận | O14: lệch | P14: Giá chốt | Q14: Tổng | R14: Lệch
A15: 01/01/2026 | B15: TG-KS00058 | C15: BÒ TƠ Q3 | D15: TG-AA20658 | E15: I100002 | F15: Bắp cải tím | G15: Kg | H15: 1 | I15: 26000 | J15: =I15*H15 -> 26000 | L15: =VLOOKUP(F15,[1]Sheet1!$D:$J,7,0) -> NL300003 | M15: =A15&L15 -> 01/01/2026NL300003 | N15: =VLOOKUP(M15,Sheet5!I:P,5,0) -> 1 | O15: =H15-N15 -> 0 | P15: =VLOOKUP(L15,[2]Sheet1!$I:$M,5,0) -> 26000 | Q15: =N15*P15 -> 26000 | R15: =J15-Q15 -> 0
A16: 01/01/2026 | B16: TG-KS00058 | C16: BÒ TƠ Q3 | D16: TG-AA20658 | E16: I100003 | F16: Bắp cải trắng | G16: Kg | H16: 2 | I16: 19000 | J16: =I16*H16 -> 38000 | L16: =VLOOKUP(F16,[1]Sheet1!$D:$J,7,0) -> NL300004 | M16: =A16&L16 -> 01/01/2026NL300004 | N16: =VLOOKUP(M16,Sheet5!I:P,5,0) -> 2 | O16: =H16-N16 -> 0 | P16: =VLOOKUP(L16,[2]Sheet1!$I:$M,5,0) -> 19000 | Q16: =N16*P16 -> 38000 | R16: =J16-Q16 -> 0
A17: 01/01/2026 | B17: TG-KS00058 | C17: BÒ TƠ Q3 | D17: TG-AA20658 | E17: I100004 | F17: Bắp chuối bào | G17: Kg | H17: 0.6 | I17: 33000 | J17: =I17*H17 -> 19800 | L17: =VLOOKUP(F17,[1]Sheet1!$D:$J,7,0) -> NL300060 | M17: =A17&L17 -> 01/01/2026NL300060 | N17: =VLOOKUP(M17,Sheet5!I:P,5,0) -> 0.6 | O17: =H17-N17 -> 0 | P17: =VLOOKUP(L17,[2]Sheet1!$I:$M,5,0) -> 33000 | Q17: =N17*P17 -> 19800 | R17: =J17-Q17 -> 0
A18: 01/01/2026 | B18: TG-KS00058 | C18: BÒ TƠ Q3 | D18: TG-AA20658 | E18: I100008 | F18: Bắp mỹ trái (Loại 1) | G18: Trái | H18: 6 | I18: 8500 | J18: =I18*H18 -> 51000 | L18: =VLOOKUP(F18,[1]Sheet1!$D:$J,7,0) -> NL300107 | M18: =A18&L18 -> 01/01/2026NL300107 | N18: =VLOOKUP(M18,Sheet5!I:P,5,0) -> 6 | O18: =H18-N18 -> 0 | P18: =VLOOKUP(L18,[2]Sheet1!$I:$M,5,0) -> 8500 | Q18: =N18*P18 -> 51000 | R18: =J18-Q18 -> 0
A19: 01/01/2026 | B19: TG-KS00058 | C19: BÒ TƠ Q3 | D19: TG-AA20658 | E19: I100010 | F19: Bầu xanh | G19: Kg | H19: 6 | I19: 24000 | J19: =I19*H19 -> 144000 | L19: =VLOOKUP(F19,[1]Sheet1!$D:$J,7,0) -> NL300174 | M19: =A19&L19 -> 01/01/2026NL300174 | N19: =VLOOKUP(M19,Sheet5!I:P,5,0) -> 6 | O19: =H19-N19 -> 0 | P19: =VLOOKUP(L19,[2]Sheet1!$I:$M,5,0) -> 24000 | Q19: =N19*P19 -> 144000 | R19: =J19-Q19 -> 0
A20: 01/01/2026 | B20: TG-KS00058 | C20: BÒ TƠ Q3 | D20: TG-AA20658 | E20: I100018 | F20: Bó xôi (Nhà Lồng) | G20: Kg | H20: 5 | I20: 45000 | J20: =I20*H20 -> 225000 | L20: =VLOOKUP(F20,[1]Sheet1!$D:$J,7,0) -> NL300203 | M20: =A20&L20 -> 01/01/2026NL300203 | N20: =VLOOKUP(M20,Sheet5!I:P,5,0) -> 5 | O20: =H20-N20 -> 0 | P20: =VLOOKUP(L20,[2]Sheet1!$I:$M,5,0) -> 45000 | Q20: =N20*P20 -> 225000 | R20: =J20-Q20 -> 0
A21: 01/01/2026 | B21: TG-KS00058 | C21: BÒ TƠ Q3 | D21: TG-AA20658 | E21: I100024 | F21: Bông cải xanh | G21: Kg | H21: 4 | I21: 52000 | J21: =I21*H21 -> 208000 | L21: =VLOOKUP(F21,[1]Sheet1!$D:$J,7,0) -> NL300137 | M21: =A21&L21 -> 01/01/2026NL300137 | N21: =VLOOKUP(M21,Sheet5!I:P,5,0) -> 4 | O21: =H21-N21 -> 0 | P21: =VLOOKUP(L21,[2]Sheet1!$I:$M,5,0) -> 52000 | Q21: =N21*P21 -> 208000 | R21: =J21-Q21 -> 0
A22: 01/01/2026 | B22: TG-KS00058 | C22: BÒ TƠ Q3 | D22: TG-AA20658 | E22: I100031 | F22: Bông súng | G22: Kg | H22: 1 | I22: 17000 | J22: =I22*H22 -> 17000 | L22: =VLOOKUP(F22,[1]Sheet1!$D:$J,7,0) -> NL300011 | M22: =A22&L22 -> 01/01/2026NL300011 | N22: =VLOOKUP(M22,Sheet5!I:P,5,0) -> 1 | O22: =H22-N22 -> 0 | P22: =VLOOKUP(L22,[2]Sheet1!$I:$M,5,0) -> 17000 | Q22: =N22*P22 -> 17000 | R22: =J22-Q22 -> 0
A23: 01/01/2026 | B23: TG-KS00058 | C23: BÒ TƠ Q3 | D23: TG-AA20658 | E23: I100034 | F23: Cà chua | G23: Kg | H23: 4 | I23: 50000 | J23: =I23*H23 -> 200000 | L23: =VLOOKUP(F23,[1]Sheet1!$D:$J,7,0) -> NL300013 | M23: =A23&L23 -> 01/01/2026NL300013 | N23: =VLOOKUP(M23,Sheet5!I:P,5,0) -> 4 | O23: =H23-N23 -> 0 | P23: =VLOOKUP(L23,[2]Sheet1!$I:$M,5,0) -> 50000 | Q23: =N23*P23 -> 200000 | R23: =J23-Q23 -> 0
A24: 01/01/2026 | B24: TG-KS00058 | C24: BÒ TƠ Q3 | D24: TG-AA20658 | E24: I100033 | F24: Cà chua bi | G24: Kg | H24: 1 | I24: 55000 | J24: =I24*H24 -> 55000 | L24: =VLOOKUP(F24,[1]Sheet1!$D:$J,7,0) -> NL300014 | M24: =A24&L24 -> 01/01/2026NL300014 | N24: =VLOOKUP(M24,Sheet5!I:P,5,0) -> 1 | O24: =H24-N24 -> 0 | P24: =VLOOKUP(L24,[2]Sheet1!$I:$M,5,0) -> 55000 | Q24: =N24*P24 -> 55000 | R24: =J24-Q24 -> 0
A25: 01/01/2026 | B25: TG-KS00058 | C25: BÒ TƠ Q3 | D25: TG-AA20658 | E25: I100039 | F25: Cà rốt | G25: Kg | H25: 12 | I25: 18000 | J25: =I25*H25 -> 216000 | L25: =VLOOKUP(F25,[1]Sheet1!$D:$J,7,0) -> NL300027 | M25: =A25&L25 -> 01/01/2026NL300027 | N25: =VLOOKUP(M25,Sheet5!I:P,5,0) -> 12 | O25: =H25-N25 -> 0 | P25: =VLOOKUP(L25,[2]Sheet1!$I:$M,5,0) -> 18000 | Q25: =N25*P25 -> 216000 | R25: =J25-Q25 -> 0
A26: 01/01/2026 | B26: TG-KS00058 | C26: BÒ TƠ Q3 | D26: TG-AA20658 | E26: I100060 | F26: Chanh không hạt | G26: Kg | H26: 2 | I26: 22000 | J26: =I26*H26 -> 44000 | L26: =VLOOKUP(F26,[1]Sheet1!$D:$J,7,0) -> NL300029 | M26: =A26&L26 -> 01/01/2026NL300029 | N26: =VLOOKUP(M26,Sheet5!I:P,5,0) -> 2 | O26: =H26-N26 -> 0 | P26: =VLOOKUP(L26,[2]Sheet1!$I:$M,5,0) -> 22000 | Q26: =N26*P26 -> 44000 | R26: =J26-Q26 -> 0
... A135: 02/01/2026 | B135: TG-KS00058 | C135: BÒ TƠ Q3 | D135: TG-AA20831 | E135: I100207 | F135: Xà lách lolo xanh | G135: Kg | H135: 17 | I135: 38000 | J135: =I135*H135 -> 646000 | L135: =VLOOKUP(F135,[1]Sheet1!$D:$J,7,0) -> NL300145 | M135: =A135&L135 -> 02/01/2026NL300145 | N135: =VLOOKUP(M135,Sheet5!I:P,5,0) -> 17 | O135: =H135-N135 -> 0 | P135: =VLOOKUP(L135,[2]Sheet1!$I:$M,5,0) -> 38000 | Q135: =N135*P135 -> 646000 | R135: =J135-Q135 -> 0
A136: 02/01/2026 | B136: TG-KS00058 | C136: BÒ TƠ Q3 | D136: TG-AA20915 | E136: I100113 | F136: Húng lũi | G136: Kg | H136: 1.6 | I136: 65000 | J136: =I136*H136 -> 104000 | L136: =VLOOKUP(F136,[1]Sheet1!$D:$J,7,0) -> NL300062 | M136: =A136&L136 -> 02/01/2026NL300062 | N136: 0 | O136: =H136-N136 -> 1.6 | P136: =VLOOKUP(L136,[2]Sheet1!$I:$M,5,0) -> 65000 | Q136: =N136*P136 -> 0 | R136: =J136-Q136 -> 104000
A137: 03/01/2026 | B137: TG-KS00058 | C137: BÒ TƠ Q3 | D137: TG-AA20965 | E137: I100002 | F137: Bắp cải tím | G137: Kg | H137: 1 | I137: 26000 | J137: =I137*H137 -> 26000 | L137: =VLOOKUP(F137,[1]Sheet1!$D:$J,7,0) -> NL300003 | M137: =A137&L137 -> 03/01/2026NL300003 | N137: =VLOOKUP(M137,Sheet5!I:P,5,0) -> 1 | O137: =H137-N137 -> 0 | P137: =VLOOKUP(L137,[2]Sheet1!$I:$M,5,0) -> 26000 | Q137: =N137*P137 -> 26000 | R137: =J137-Q137 -> 0
A138: 03/01/2026 | B138: TG-KS00058 | C138: BÒ TƠ Q3 | D138: TG-AA20965 | E138: I100003 | F138: Bắp cải trắng | G138: Kg | H138: 2 | I138: 19000 | J138: =I138*H138 -> 38000 | L138: =VLOOKUP(F138,[1]Sheet1!$D:$J,7,0) -> NL300004 | M138: =A138&L138 -> 03/01/2026NL300004 | N138: =VLOOKUP(M138,Sheet5!I:P,5,0) -> 2 | O138: =H138-N138 -> 0 | P138: =VLOOKUP(L138,[2]Sheet1!$I:$M,5,0) -> 19000 | Q138: =N138*P138 -> 38000 | R138: =J138-Q138 -> 0
A139: 03/01/2026 | B139: TG-KS00058 | C139: BÒ TƠ Q3 | D139: TG-AA20965 | E139: I100004 | F139: Bắp chuối bào | G139: Kg | H139: 0.6 | I139: 33000 | J139: =I139*H139 -> 19800 | L139: =VLOOKUP(F139,[1]Sheet1!$D:$J,7,0) -> NL300060 | M139: =A139&L139 -> 03/01/2026NL300060 | N139: =VLOOKUP(M139,Sheet5!I:P,5,0) -> 0.6 | O139: =H139-N139 -> 0 | P139: =VLOOKUP(L139,[2]Sheet1!$I:$M,5,0) -> 33000 | Q139: =N139*P139 -> 19800 | R139: =J139-Q139 -> 0
A140: 03/01/2026 | B140: TG-KS00058 | C140: BÒ TƠ Q3 | D140: TG-AA20965 | E140: I100008 | F140: Bắp mỹ trái (Loại 1) | G140: Trái | H140: 2 | I140: 8500 | J140: =I140*H140 -> 17000 | L140: =VLOOKUP(F140,[1]Sheet1!$D:$J,7,0) -> NL300107 | M140: =A140&L140 -> 03/01/2026NL300107 | N140: =VLOOKUP(M140,Sheet5!I:P,5,0) -> 2 | O140: =H140-N140 -> 0 | P140: =VLOOKUP(L140,[2]Sheet1!$I:$M,5,0) -> 8500 | Q140: =N140*P140 -> 17000 | R140: =J140-Q140 -> 0
A141: 03/01/2026 | B141: TG-KS00058 | C141: BÒ TƠ Q3 | D141: TG-AA20965 | E141: I100010 | F141: Bầu xanh | G141: Kg | H141: 6 | I141: 24000 | J141: =I141*H141 -> 144000 | L141: =VLOOKUP(F141,[1]Sheet1!$D:$J,7,0) -> NL300174 | M141: =A141&L141 -> 03/01/2026NL300174 | N141: =VLOOKUP(M141,Sheet5!I:P,5,0) -> 6 | O141: =H141-N141 -> 0 | P141: =VLOOKUP(L141,[2]Sheet1!$I:$M,5,0) -> 24000 | Q141: =N141*P141 -> 144000 | R141: =J141-Q141 -> 0
A142: 03/01/2026 | B142: TG-KS00058 | C142: BÒ TƠ Q3 | D142: TG-AA20965 | E142: I100018 | F142: Bó xôi (Nhà Lồng) | G142: Kg | H142: 5 | I142: 45000 | J142: =I142*H142 -> 225000 | L142: =VLOOKUP(F142,[1]Sheet1!$D:$J,7,0) -> NL300203 | M142: =A142&L142 -> 03/01/2026NL300203 | N142: =VLOOKUP(M142,Sheet5!I:P,5,0) -> 5 | O142: =H142-N142 -> 0 | P142: =VLOOKUP(L142,[2]Sheet1!$I:$M,5,0) -> 45000 | Q142: =N142*P142 -> 225000 | R142: =J142-Q142 -> 0
A143: 03/01/2026 | B143: TG-KS00058 | C143: BÒ TƠ Q3 | D143: TG-AA20965 | E143: I100024 | F143: Bông cải xanh | G143: Kg | H143: 2 | I143: 52000 | J143: =I143*H143 -> 104000 | L143: =VLOOKUP(F143,[1]Sheet1!$D:$J,7,0) -> NL300137 | M143: =A143&L143 -> 03/01/2026NL300137 | N143: =VLOOKUP(M143,Sheet5!I:P,5,0) -> 2 | O143: =H143-N143 -> 0 | P143: =VLOOKUP(L143,[2]Sheet1!$I:$M,5,0) -> 52000 | Q143: =N143*P143 -> 104000 | R143: =J143-Q143 -> 0
A144: 03/01/2026 | B144: TG-KS00058 | C144: BÒ TƠ Q3 | D144: TG-AA20965 | E144: I100034 | F144: Cà chua | G144: Kg | H144: 4 | I144: 50000 | J144: =I144*H144 -> 200000 | L144: =VLOOKUP(F144,[1]Sheet1!$D:$J,7,0) -> NL300013 | M144: =A144&L144 -> 03/01/2026NL300013 | N144: =VLOOKUP(M144,Sheet5!I:P,5,0) -> 4 | O144: =H144-N144 -> 0 | P144: =VLOOKUP(L144,[2]Sheet1!$I:$M,5,0) -> 50000 | Q144: =N144*P144 -> 200000 | R144: =J144-Q144 -> 0
A145: 03/01/2026 | B145: TG-KS00058 | C145: BÒ TƠ Q3 | D145: TG-AA20965 | E145: I100033 | F145: Cà chua bi | G145: Kg | H145: 1 | I145: 55000 | J145: =I145*H145 -> 55000 | L145: =VLOOKUP(F145,[1]Sheet1!$D:$J,7,0) -> NL300014 | M145: =A145&L145 -> 03/01/2026NL300014 | N145: =VLOOKUP(M145,Sheet5!I:P,5,0) -> 1 | O145: =H145-N145 -> 0 | P145: =VLOOKUP(L145,[2]Sheet1!$I:$M,5,0) -> 55000 | Q145: =N145*P145 -> 55000 | R145: =J145-Q145 -> 0
A146: 03/01/2026 | B146: TG-KS00058 | C146: BÒ TƠ Q3 | D146: TG-AA20965 | E146: I100039 | F146: Cà rốt | G146: Kg | H146: 3 | I146: 18000 | J146: =I146*H146 -> 54000 | L146: =VLOOKUP(F146,[1]Sheet1!$D:$J,7,0) -> NL300027 | M146: =A146&L146 -> 03/01/2026NL300027 | N146: =VLOOKUP(M146,Sheet5!I:P,5,0) -> 3 | O146: =H146-N146 -> 0 | P146: =VLOOKUP(L146,[2]Sheet1!$I:$M,5,0) -> 18000 | Q146: =N146*P146 -> 54000 | R146: =J146-Q146 -> 0
A147: 03/01/2026 | B147: TG-KS00058 | C147: BÒ TƠ Q3 | D147: TG-AA20965 | E147: I100060 | F147: Chanh không hạt | G147: Kg | H147: 3 | I147: 22000 | J147: =I147*H147 -> 66000 | L147: =VLOOKUP(F147,[1]Sheet1!$D:$J,7,0) -> NL300029 | M147: =A147&L147 -> 03/01/2026NL300029 | N147: =VLOOKUP(M147,Sheet5!I:P,5,0) -> 3 | O147: =H147-N147 -> 0 | P147: =VLOOKUP(L147,[2]Sheet1!$I:$M,5,0) -> 22000 | Q147: =N147*P147 -> 66000 | R147: =J147-Q147 -> 0
A148: 03/01/2026 | B148: TG-KS00058 | C148: BÒ TƠ Q3 | D148: TG-AA20965 | E148: I100064 | F148: Củ cải đỏ (Radis) | G148: Kg | H148: 0.2 | I148: 40000 | J148: =I148*H148 -> 8000 | L148: =VLOOKUP(F148,[1]Sheet1!$D:$J,7,0) -> NL300034 | M148: =A148&L148 -> 03/01/2026NL300034 | N148: =VLOOKUP(M148,Sheet5!I:P,5,0) -> 0.2 | O148: =H148-N148 -> 0 | P148: =VLOOKUP(L148,[2]Sheet1!$I:$M,5,0) -> 40000 | Q148: =N148*P148 -> 8000 | R148: =J148-Q148 -> 0
... A240: 04/01/2026 | B240: TG-KS00058 | C240: BÒ TƠ Q3 | D240: TG-AA21273 | E240: I100113 | F240: Húng lũi | G240: Kg | H240: 1.5 | I240: 65000 | J240: =I240*H240 -> 97500 | L240: =VLOOKUP(F240,[1]Sheet1!$D:$J,7,0) -> NL300062 | M240: =A240&L240 -> 04/01/2026NL300062 | N240: =VLOOKUP(M240,Sheet5!I:P,5,0) -> 1.5 | O240: =H240-N240 -> 0 | P240: =VLOOKUP(L240,[2]Sheet1!$I:$M,5,0) -> 65000 | Q240: =N240*P240 -> 97500 | R240: =J240-Q240 -> 0
A241: 04/01/2026 | B241: TG-KS00058 | C241: BÒ TƠ Q3 | D241: TG-AA21273 | E241: I100224 | F241: Tỏi Bắc lột | G241: Kg | H241: 0.3 | I241: 90000 | J241: =I241*H241 -> 27000 | L241: =VLOOKUP(F241,[1]Sheet1!$D:$J,7,0) -> NL300144 | M241: =A241&L241 -> 04/01/2026NL300144 | N241: 0 | O241: =H241-N241 -> 0.3 | P241: =VLOOKUP(L241,[2]Sheet1!$I:$M,5,0) -> 90000 | Q241: =N241*P241 -> 0 | R241: =J241-Q241 -> 27000
A242: 05/01/2026 | B242: TG-KS00058 | C242: BÒ TƠ Q3 | D242: TG-AA21341 | E242: I100008 | F242: Bắp mỹ trái (Loại 1) | G242: Trái | H242: 2 | I242: 8500 | J242: =I242*H242 -> 17000 | L242: =VLOOKUP(F242,[1]Sheet1!$D:$J,7,0) -> NL300107 | M242: =A242&L242 -> 05/01/2026NL300107 | N242: =VLOOKUP(M242,Sheet5!I:P,5,0) -> 2 | O242: =H242-N242 -> 0 | P242: =VLOOKUP(L242,[2]Sheet1!$I:$M,5,0) -> 8500 | Q242: =N242*P242 -> 17000 | R242: =J242-Q242 -> 0
A243: 05/01/2026 | B243: TG-KS00058 | C243: BÒ TƠ Q3 | D243: TG-AA21341 | E243: I100018 | F243: Bó xôi (Nhà Lồng) | G243: Kg | H243: 5.5 | I243: 45000 | J243: =I243*H243 -> 247500 | L243: =VLOOKUP(F243,[1]Sheet1!$D:$J,7,0) -> NL300203 | M243: =A243&L243 -> 05/01/2026NL300203 | N243: =VLOOKUP(M243,Sheet5!I:P,5,0) -> 3 | O243: =H243-N243 -> 2.5 | P243: =VLOOKUP(L243,[2]Sheet1!$I:$M,5,0) -> 45000 | Q243: =N243*P243 -> 135000 | R243: =J243-Q243 -> 112500
A244: 05/01/2026 | B244: TG-KS00058 | C244: BÒ TƠ Q3 | D244: TG-AA21341 | E244: I100024 | F244: Bông cải xanh | G244: Kg | H244: 0.7 | I244: 52000 | J244: =I244*H244 -> 36400 | L244: =VLOOKUP(F244,[1]Sheet1!$D:$J,7,0) -> NL300137 | M244: =A244&L244 -> 05/01/2026NL300137 | N244: =VLOOKUP(M244,Sheet5!I:P,5,0) -> 0.7 | O244: =H244-N244 -> 0 | P244: =VLOOKUP(L244,[2]Sheet1!$I:$M,5,0) -> 52000 | Q244: =N244*P244 -> 36400 | R244: =J244-Q244 -> 0
A245: 05/01/2026 | B245: TG-KS00058 | C245: BÒ TƠ Q3 | D245: TG-AA21341 | E245: I100034 | F245: Cà chua | G245: Kg | H245: 1 | I245: 50000 | J245: =I245*H245 -> 50000 | L245: =VLOOKUP(F245,[1]Sheet1!$D:$J,7,0) -> NL300013 | M245: =A245&L245 -> 05/01/2026NL300013 | N245: =VLOOKUP(M245,Sheet5!I:P,5,0) -> 1 | O245: =H245-N245 -> 0 | P245: =VLOOKUP(L245,[2]Sheet1!$I:$M,5,0) -> 50000 | Q245: =N245*P245 -> 50000 | R245: =J245-Q245 -> 0
A246: 05/01/2026 | B246: TG-KS00058 | C246: BÒ TƠ Q3 | D246: TG-AA21341 | E246: I100033 | F246: Cà chua bi | G246: Kg | H246: 1 | I246: 55000 | J246: =I246*H246 -> 55000 | L246: =VLOOKUP(F246,[1]Sheet1!$D:$J,7,0) -> NL300014 | M246: =A246&L246 -> 05/01/2026NL300014 | N246: =VLOOKUP(M246,Sheet5!I:P,5,0) -> 1 | O246: =H246-N246 -> 0 | P246: =VLOOKUP(L246,[2]Sheet1!$I:$M,5,0) -> 55000 | Q246: =N246*P246 -> 55000 | R246: =J246-Q246 -> 0
A247: 05/01/2026 | B247: TG-KS00058 | C247: BÒ TƠ Q3 | D247: TG-AA21341 | E247: I100067 | F247: Củ cải trắng (Loại 1) | G247: Kg | H247: 0.9 | I247: 13000 | J247: =I247*H247 -> 11700 | L247: =VLOOKUP(F247,[1]Sheet1!$D:$J,7,0) -> NL300033 | M247: =A247&L247 -> 05/01/2026NL300033 | N247: =VLOOKUP(M247,Sheet5!I:P,5,0) -> 0.9 | O247: =H247-N247 -> 0 | P247: =VLOOKUP(L247,[2]Sheet1!$I:$M,5,0) -> 13000 | Q247: =N247*P247 -> 11700 | R247: =J247-Q247 -> 0
A248: 05/01/2026 | B248: TG-KS00058 | C248: BÒ TƠ Q3 | D248: TG-AA21341 | E248: I100260 | F248: Đậu hủ miếng trắng | G248: Miếng | H248: 70 | I248: 4000 | J248: =I248*H248 -> 280000 | L248: =VLOOKUP(F248,[1]Sheet1!$D:$J,7,0) -> NL300037 | M248: =A248&L248 -> 05/01/2026NL300037 | N248: =VLOOKUP(M248,Sheet5!I:P,5,0) -> 70 | O248: =H248-N248 -> 0 | P248: =VLOOKUP(L248,[2]Sheet1!$I:$M,5,0) -> 4000 | Q248: =N248*P248 -> 280000 | R248: =J248-Q248 -> 0
A249: 05/01/2026 | B249: TG-KS00058 | C249: BÒ TƠ Q3 | D249: TG-AA21341 | E249: I100730 | F249: Hành tím bắc lột | G249: Kg | H249: 0.6 | I249: 80000 | J249: =I249*H249 -> 48000 | L249: =VLOOKUP(F249,[1]Sheet1!$D:$J,7,0) -> NL300055 | M249: =A249&L249 -> 05/01/2026NL300055 | N249: =VLOOKUP(M249,Sheet5!I:P,5,0) -> 0.6 | O249: =H249-N249 -> 0 | P249: =VLOOKUP(L249,[2]Sheet1!$I:$M,5,0) -> 80000 | Q249: =N249*P249 -> 48000 | R249: =J249-Q249 -> 0
A250: 05/01/2026 | B250: TG-KS00058 | C250: BÒ TƠ Q3 | D250: TG-AA21341 | E250: I100111 | F250: Hẹ lá | G250: Kg | H250: 1.6 | I250: 38000 | J250: =I250*H250 -> 60800 | L250: =VLOOKUP(F250,[1]Sheet1!$D:$J,7,0) -> NL300076 | M250: =A250&L250 -> 05/01/2026NL300076 | N250: =VLOOKUP(M250,Sheet5!I:P,5,0) -> 1 | O250: =H250-N250 -> 0.6 | P250: =VLOOKUP(L250,[2]Sheet1!$I:$M,5,0) -> 38000 | Q250: =N250*P250 -> 38000 | R250: =J250-Q250 -> 22800
A251: 05/01/2026 | B251: TG-KS00058 | C251: BÒ TƠ Q3 | D251: TG-AA21341 | E251: I100112 | F251: Húng cây | G251: Kg | H251: 2 | I251: 48000 | J251: =I251*H251 -> 96000 | L251: =VLOOKUP(F251,[1]Sheet1!$D:$J,7,0) -> NL300063 | M251: =A251&L251 -> 05/01/2026NL300063 | N251: =VLOOKUP(M251,Sheet5!I:P,5,0) -> 1 | O251: =H251-N251 -> 1 | P251: =VLOOKUP(L251,[2]Sheet1!$I:$M,5,0) -> 48000 | Q251: =N251*P251 -> 48000 | R251: =J251-Q251 -> 48000
A252: 05/01/2026 | B252: TG-KS00058 | C252: BÒ TƠ Q3 | D252: TG-AA21341 | E252: I100113 | F252: Húng lũi | G252: Kg | H252: 1 | I252: 65000 | J252: =I252*H252 -> 65000 | L252: =VLOOKUP(F252,[1]Sheet1!$D:$J,7,0) -> NL300062 | M252: =A252&L252 -> 05/01/2026NL300062 | N252: 0 | O252: =H252-N252 -> 1 | P252: =VLOOKUP(L252,[2]Sheet1!$I:$M,5,0) -> 65000 | Q252: =N252*P252 -> 0 | R252: =J252-Q252 -> 65000
A253: 05/01/2026 | B253: TG-KS00058 | C253: BÒ TƠ Q3 | D253: TG-AA21341 | E253: I100135 | F253: Lá chuối | G253: Kg | H253: 6.8 | I253: 18000 | J253: =I253*H253 -> 122400 | L253: =VLOOKUP(F253,[1]Sheet1!$D:$J,7,0) -> NL300074 | M253: =A253&L253 -> 05/01/2026NL300074 | N253: =VLOOKUP(M253,Sheet5!I:P,5,0) -> 6.8 | O253: =H253-N253 -> 0 | P253: =VLOOKUP(L253,[2]Sheet1!$I:$M,5,0) -> 18000 | Q253: =N253*P253 -> 122400 | R253: =J253-Q253 -> 0
A254: 05/01/2026 | B254: TG-KS00058 | C254: BÒ TƠ Q3 | D254: TG-AA21341 | E254: I100519 | F254: Lá cóc | G254: Kg | H254: 1.2 | I254: 32000 | J254: =I254*H254 -> 38400 | L254: =VLOOKUP(F254,[1]Sheet1!$D:$J,7,0) -> NL300043 | M254: =A254&L254 -> 05/01/2026NL300043 | N254: =VLOOKUP(M254,Sheet5!I:P,5,0) -> 0.5 | O254: =H254-N254 -> 0.7 | P254: =VLOOKUP(L254,[2]Sheet1!$I:$M,5,0) -> 32000 | Q254: =N254*P254 -> 16000 | R254: =J254-Q254 -> 22400
A255: 05/01/2026 | B255: TG-KS00058 | C255: BÒ TƠ Q3 | D255: TG-AA21341 | E255: I100536 | F255: Lá Trâm Ổi | G255: Kg | H255: 1.2 | I255: 38000 | J255: =I255*H255 -> 45600 | L255: =VLOOKUP(F255,[1]Sheet1!$D:$J,7,0) -> NL300044 | M255: =A255&L255 -> 05/01/2026NL300044 | N255: =VLOOKUP(M255,Sheet5!I:P,5,0) -> 0.3 | O255: =H255-N255 -> 0.9 | P255: =VLOOKUP(L255,[2]Sheet1!$I:$M,5,0) -> 38000 | Q255: =N255*P255 -> 11400 | R255: =J255-Q255 -> 34200
A256: 05/01/2026 | B256: TG-KS00058 | C256: BÒ TƠ Q3 | D256: TG-AA21341 | E256: I100236 | F256: Nấm đông cô tươi | G256: Kg | H256: 0.5 | I256: 145000 | J256: =I256*H256 -> 72500 | L256: =VLOOKUP(F256,[1]Sheet1!$D:$J,7,0) -> NL300090 | M256: =A256&L256 -> 05/01/2026NL300090 | N256: =VLOOKUP(M256,Sheet5!I:P,5,0) -> 0.5 | O256: =H256-N256 -> 0 | P256: =VLOOKUP(L256,[2]Sheet1!$I:$M,5,0) -> 145000 | Q256: =N256*P256 -> 72500 | R256: =J256-Q256 -> 0
A257: 05/01/2026 | B257: TG-KS00058 | C257: BÒ TƠ Q3 | D257: TG-AA21341 | E257: I100155 | F257: Ngò om | G257: Kg | H257: 0.2 | I257: 20000 | J257: =I257*H257 -> 4000 | L257: =VLOOKUP(F257,[1]Sheet1!$D:$J,7,0) -> NL300128 | M257: =A257&L257 -> 05/01/2026NL300128 | N257: =VLOOKUP(M257,Sheet5!I:P,5,0) -> 0.2 | O257: =H257-N257 -> 0 | P257: =VLOOKUP(L257,[2]Sheet1!$I:$M,5,0) -> 20000 | Q257: =N257*P257 -> 4000 | R257: =J257-Q257 -> 0
A258: 05/01/2026 | B258: TG-KS00058 | C258: BÒ TƠ Q3 | D258: TG-AA21341 | E258: I100167 | F258: Ớt hiểm đỏ | G258: Kg | H258: 0.8 | I258: 145000 | J258: =I258*H258 -> 116000 | L258: =VLOOKUP(F258,[1]Sheet1!$D:$J,7,0) -> NL300113 | M258: =A258&L258 -> 05/01/2026NL300113 | N258: =VLOOKUP(M258,Sheet5!I:P,5,0) -> 0.8 | O258: =H258-N258 -> 0 | P258: =VLOOKUP(L258,[2]Sheet1!$I:$M,5,0) -> 145000 | Q258: =N258*P258 -> 116000 | R258: =J258-Q258 -> 0
A259: 05/01/2026 | B259: TG-KS00058 | C259: BÒ TƠ Q3 | D259: TG-AA21341 | E259: I100518 | F259: Quế vị (xá xị) | G259: Kg | H259: 2.5 | I259: 36000 | J259: =I259*H259 -> 90000 | L259: =VLOOKUP(F259,[1]Sheet1!$D:$J,7,0) -> NL300120 | M259: =A259&L259 -> 05/01/2026NL300120 | N259: =VLOOKUP(M259,Sheet5!I:P,5,0) -> 1.5 | O259: =H259-N259 -> 1 | P259: =VLOOKUP(L259,[2]Sheet1!$I:$M,5,0) -> 36000 | Q259: =N259*P259 -> 54000 | R259: =J259-Q259 -> 36000
A260: 05/01/2026 | B260: TG-KS00058 | C260: BÒ TƠ Q3 | D260: TG-AA21341 | E260: I100181 | F260: Rau kinh giới | G260: Kg | H260: 3 | I260: 38000 | J260: =I260*H260 -> 114000 | L260: =VLOOKUP(F260,[1]Sheet1!$D:$J,7,0) -> NL300072 | M260: =A260&L260 -> 05/01/2026NL300072 | N260: =VLOOKUP(M260,Sheet5!I:P,5,0) -> 2 | O260: =H260-N260 -> 1 | P260: =VLOOKUP(L260,[2]Sheet1!$I:$M,5,0) -> 38000 | Q260: =N260*P260 -> 76000 | R260: =J260-Q260 -> 38000
A261: 05/01/2026 | B261: TG-KS00058 | C261: BÒ TƠ Q3 | D261: TG-AA21341 | E261: I100186 | F261: Rau muống lá | G261: Kg | H261: 5 | I261: 15000 | J261: =I261*H261 -> 75000 | L261: =VLOOKUP(F261,[1]Sheet1!$D:$J,7,0) -> NL300127 | M261: =A261&L261 -> 05/01/2026NL300127 | N261: =VLOOKUP(M261,Sheet5!I:P,5,0) -> 3 | O261: =H261-N261 -> 2 | P261: =VLOOKUP(L261,[2]Sheet1!$I:$M,5,0) -> 15000 | Q261: =N261*P261 -> 45000 | R261: =J261-Q261 -> 30000
A262: 05/01/2026 | B262: TG-KS00058 | C262: BÒ TƠ Q3 | D262: TG-AA21341 | E262: I100189 | F262: Rau răm | G262: Kg | H262: 0.1 | I262: 22000 | J262: =I262*H262 -> 2200 | L262: =VLOOKUP(F262,[1]Sheet1!$D:$J,7,0) -> NL300121 | M262: =A262&L262 -> 05/01/2026NL300121 | N262: =VLOOKUP(M262,Sheet5!I:P,5,0) -> 0.1 | O262: =H262-N262 -> 0 | P262: =VLOOKUP(L262,[2]Sheet1!$I:$M,5,0) -> 22000 | Q262: =N262*P262 -> 2200 | R262: =J262-Q262 -> 0
A263: 05/01/2026 | B263: TG-KS00058 | C263: BÒ TƠ Q3 | D263: TG-AA21341 | E263: I100375 | F263: Sao Nhái | G263: Kg | H263: 2 | I263: 36000 | J263: =I263*H263 -> 72000 | L263: =VLOOKUP(F263,[1]Sheet1!$D:$J,7,0) -> NL300162 | M263: =A263&L263 -> 05/01/2026NL300162 | N263: =VLOOKUP(M263,Sheet5!I:P,5,0) -> 2 | O263: =H263-N263 -> 0 | P263: =VLOOKUP(L263,[2]Sheet1!$I:$M,5,0) -> 36000 | Q263: =N263*P263 -> 72000 | R263: =J263-Q263 -> 0
A264: 05/01/2026 | B264: TG-KS00058 | C264: BÒ TƠ Q3 | D264: TG-AA21341 | E264: I100216 | F264: Tắc trái | G264: Kg | H264: 1.3 | I264: 21000 | J264: =I264*H264 -> 27300 | L264: =VLOOKUP(F264,[1]Sheet1!$D:$J,7,0) -> NL300119 | M264: =A264&L264 -> 05/01/2026NL300119 | N264: =VLOOKUP(M264,Sheet5!I:P,5,0) -> 1 | O264: =H264-N264 -> 0.3 | P264: =VLOOKUP(L264,[2]Sheet1!$I:$M,5,0) -> 21000 | Q264: =N264*P264 -> 21000 | R264: =J264-Q264 -> 6300
... A316: 06/01/2026 | B316: TG-KS00058 | C316: BÒ TƠ Q3 | D316: TG-AA21443 | E316: I100511 | F316: Xoài Keo | G316: Kg | H316: 0.9 | I316: 24000 | J316: =I316*H316 -> 21600 | L316: =VLOOKUP(F316,[1]Sheet1!$D:$J,7,0) -> NL300150 | M316: =A316&L316 -> 06/01/2026NL300150 | N316: =VLOOKUP(M316,Sheet5!I:P,5,0) -> 0.9 | O316: =H316-N316 -> 0 | P316: =VLOOKUP(L316,[2]Sheet1!$I:$M,5,0) -> 24000 | Q316: =N316*P316 -> 21600 | R316: =J316-Q316 -> 0
A317: 06/01/2026 | B317: TG-KS00058 | C317: BÒ TƠ Q3 | D317: TG-AA21598 | E317: I100113 | F317: Húng lũi | G317: Kg | H317: 1.1 | I317: 65000 | J317: =I317*H317 -> 71500 | L317: =VLOOKUP(F317,[1]Sheet1!$D:$J,7,0) -> NL300062 | M317: =A317&L317 -> 06/01/2026NL300062 | N317: 0 | O317: =H317-N317 -> 1.1 | P317: =VLOOKUP(L317,[2]Sheet1!$I:$M,5,0) -> 65000 | Q317: =N317*P317 -> 0 | R317: =J317-Q317 -> 71500
A318: 07/01/2026 | B318: TG-KS00058 | C318: BÒ TƠ Q3 | D318: TG-AA21643 | E318: I100002 | F318: Bắp cải tím | G318: Kg | H318: 2.6 | I318: 26000 | J318: =I318*H318 -> 67600 | L318: =VLOOKUP(F318,[1]Sheet1!$D:$J,7,0) -> NL300003 | M318: =A318&L318 -> 07/01/2026NL300003 | N318: =VLOOKUP(M318,Sheet5!I:P,5,0) -> 1 | O318: =H318-N318 -> 1.6 | P318: =VLOOKUP(L318,[2]Sheet1!$I:$M,5,0) -> 26000 | Q318: =N318*P318 -> 26000 | R318: =J318-Q318 -> 41600
A319: 07/01/2026 | B319: TG-KS00058 | C319: BÒ TƠ Q3 | D319: TG-AA21643 | E319: I100003 | F319: Bắp cải trắng | G319: Kg | H319: 3 | I319: 19000 | J319: =I319*H319 -> 57000 | L319: =VLOOKUP(F319,[1]Sheet1!$D:$J,7,0) -> NL300004 | M319: =A319&L319 -> 07/01/2026NL300004 | N319: =VLOOKUP(M319,Sheet5!I:P,5,0) -> 1 | O319: =H319-N319 -> 2 | P319: =VLOOKUP(L319,[2]Sheet1!$I:$M,5,0) -> 19000 | Q319: =N319*P319 -> 19000 | R319: =J319-Q319 -> 38000
A320: 07/01/2026 | B320: TG-KS00058 | C320: BÒ TƠ Q3 | D320: TG-AA21643 | E320: I100010 | F320: Bầu xanh | G320: Kg | H320: 5 | I320: 24000 | J320: =I320*H320 -> 120000 | L320: =VLOOKUP(F320,[1]Sheet1!$D:$J,7,0) -> NL300174 | M320: =A320&L320 -> 07/01/2026NL300174 | N320: =VLOOKUP(M320,Sheet5!I:P,5,0) -> 3 | O320: =H320-N320 -> 2 | P320: =VLOOKUP(L320,[2]Sheet1!$I:$M,5,0) -> 24000 | Q320: =N320*P320 -> 72000 | R320: =J320-Q320 -> 48000
A321: 07/01/2026 | B321: TG-KS00058 | C321: BÒ TƠ Q3 | D321: TG-AA21643 | E321: I100018 | F321: Bó xôi (Nhà Lồng) | G321: Kg | H321: 5 | I321: 45000 | J321: =I321*H321 -> 225000 | L321: =VLOOKUP(F321,[1]Sheet1!$D:$J,7,0) -> NL300203 | M321: =A321&L321 -> 07/01/2026NL300203 | N321: =VLOOKUP(M321,Sheet5!I:P,5,0) -> 3 | O321: =H321-N321 -> 2 | P321: =VLOOKUP(L321,[2]Sheet1!$I:$M,5,0) -> 45000 | Q321: =N321*P321 -> 135000 | R321: =J321-Q321 -> 90000
A322: 07/01/2026 | B322: TG-KS00058 | C322: BÒ TƠ Q3 | D322: TG-AA21643 | E322: I100031 | F322: Bông súng | G322: Kg | H322: 0.6 | I322: 17000 | J322: =I322*H322 -> 10200 | L322: =VLOOKUP(F322,[1]Sheet1!$D:$J,7,0) -> NL300011 | M322: =A322&L322 -> 07/01/2026NL300011 | N322: =VLOOKUP(M322,Sheet5!I:P,5,0) -> 0.6 | O322: =H322-N322 -> 0 | P322: =VLOOKUP(L322,[2]Sheet1!$I:$M,5,0) -> 17000 | Q322: =N322*P322 -> 10200 | R322: =J322-Q322 -> 0
A323: 07/01/2026 | B323: TG-KS00058 | C323: BÒ TƠ Q3 | D323: TG-AA21643 | E323: I100034 | F323: Cà chua | G323: Kg | H323: 4 | I323: 50000 | J323: =I323*H323 -> 200000 | L323: =VLOOKUP(F323,[1]Sheet1!$D:$J,7,0) -> NL300013 | M323: =A323&L323 -> 07/01/2026NL300013 | N323: =VLOOKUP(M323,Sheet5!I:P,5,0) -> 2 | O323: =H323-N323 -> 2 | P323: =VLOOKUP(L323,[2]Sheet1!$I:$M,5,0) -> 50000 | Q323: =N323*P323 -> 100000 | R323: =J323-Q323 -> 100000
A324: 07/01/2026 | B324: TG-KS00058 | C324: BÒ TƠ Q3 | D324: TG-AA21643 | E324: I100033 | F324: Cà chua bi | G324: Kg | H324: 1.5 | I324: 55000 | J324: =I324*H324 -> 82500 | L324: =VLOOKUP(F324,[1]Sheet1!$D:$J,7,0) -> NL300014 | M324: =A324&L324 -> 07/01/2026NL300014 | N324: =VLOOKUP(M324,Sheet5!I:P,5,0) -> 1 | O324: =H324-N324 -> 0.5 | P324: =VLOOKUP(L324,[2]Sheet1!$I:$M,5,0) -> 55000 | Q324: =N324*P324 -> 55000 | R324: =J324-Q324 -> 27500
A325: 07/01/2026 | B325: TG-KS00058 | C325: BÒ TƠ Q3 | D325: TG-AA21643 | E325: I100039 | F325: Cà rốt | G325: Kg | H325: 7.1 | I325: 18000 | J325: =I325*H325 -> 127800 | L325: =VLOOKUP(F325,[1]Sheet1!$D:$J,7,0) -> NL300027 | M325: =A325&L325 -> 07/01/2026NL300027 | N325: =VLOOKUP(M325,Sheet5!I:P,5,0) -> 7.1 | O325: =H325-N325 -> 0 | P325: =VLOOKUP(L325,[2]Sheet1!$I:$M,5,0) -> 18000 | Q325: =N325*P325 -> 127800 | R325: =J325-Q325 -> 0
A326: 07/01/2026 | B326: TG-KS00058 | C326: BÒ TƠ Q3 | D326: TG-AA21643 | E326: I100060 | F326: Chanh không hạt | G326: Kg | H326: 1 | I326: 22000 | J326: =I326*H326 -> 22000 | L326: =VLOOKUP(F326,[1]Sheet1!$D:$J,7,0) -> NL300029 | M326: =A326&L326 -> 07/01/2026NL300029 | N326: =VLOOKUP(M326,Sheet5!I:P,5,0) -> 0.8 | O326: =H326-N326 -> 0.2 | P326: =VLOOKUP(L326,[2]Sheet1!$I:$M,5,0) -> 22000 | Q326: =N326*P326 -> 17600 | R326: =J326-Q326 -> 4400
A327: 07/01/2026 | B327: TG-KS00058 | C327: BÒ TƠ Q3 | D327: TG-AA21643 | E327: I100064 | F327: Củ cải đỏ (Radis) | G327: Kg | H327: 0.2 | I327: 40000 | J327: =I327*H327 -> 8000 | L327: =VLOOKUP(F327,[1]Sheet1!$D:$J,7,0) -> NL300034 | M327: =A327&L327 -> 07/01/2026NL300034 | N327: =VLOOKUP(M327,Sheet5!I:P,5,0) -> 0.2 | O327: =H327-N327 -> 0 | P327: =VLOOKUP(L327,[2]Sheet1!$I:$M,5,0) -> 40000 | Q327: =N327*P327 -> 8000 | R327: =J327-Q327 -> 0
A328: 07/01/2026 | B328: TG-KS00058 | C328: BÒ TƠ Q3 | D328: TG-AA21643 | E328: I100067 | F328: Củ cải trắng (Loại 1) | G328: Kg | H328: 0.7 | I328: 13000 | J328: =I328*H328 -> 9100 | L328: =VLOOKUP(F328,[1]Sheet1!$D:$J,7,0) -> NL300033 | M328: =A328&L328 -> 07/01/2026NL300033 | N328: =VLOOKUP(M328,Sheet5!I:P,5,0) -> 0.5 | O328: =H328-N328 -> 0.2 | P328: =VLOOKUP(L328,[2]Sheet1!$I:$M,5,0) -> 13000 | Q328: =N328*P328 -> 6500 | R328: =J328-Q328 -> 2600
A329: 07/01/2026 | B329: TG-KS00058 | C329: BÒ TƠ Q3 | D329: TG-AA21643 | E329: I100097 | F329: Củ Gừng | G329: Kg | H329: 0.5 | I329: 38000 | J329: =I329*H329 -> 19000 | L329: =VLOOKUP(F329,[1]Sheet1!$D:$J,7,0) -> NL300054 | M329: =A329&L329 -> 07/01/2026NL300054 | N329: =VLOOKUP(M329,Sheet5!I:P,5,0) -> 0.5 | O329: =H329-N329 -> 0 | P329: =VLOOKUP(L329,[2]Sheet1!$I:$M,5,0) -> 38000 | Q329: =N329*P329 -> 19000 | R329: =J329-Q329 -> 0
... A368: 07/01/2026 | B368: TG-KS00058 | C368: BÒ TƠ Q3 | D368: TG-AA21643 | E368: I100207 | F368: Xà lách lolo xanh | G368: Kg | H368: 15 | I368: 38000 | J368: =I368*H368 -> 570000 | L368: =VLOOKUP(F368,[1]Sheet1!$D:$J,7,0) -> NL300145 | M368: =A368&L368 -> 07/01/2026NL300145 | N368: =VLOOKUP(M368,Sheet5!I:P,5,0) -> 18 | O368: =H368-N368 -> -3 | P368: =VLOOKUP(L368,[2]Sheet1!$I:$M,5,0) -> 38000 | Q368: =N368*P368 -> 684000 | R368: =J368-Q368 -> -114000
A369: 07/01/2026 | B369: TG-KS00058 | C369: BÒ TƠ Q3 | D369: TG-AA21771 | E369: I100113 | F369: Húng lũi | G369: Kg | H369: 1.5 | I369: 65000 | J369: =I369*H369 -> 97500 | L369: =VLOOKUP(F369,[1]Sheet1!$D:$J,7,0) -> NL300062 | M369: =A369&L369 -> 07/01/2026NL300062 | N369: 0 | O369: =H369-N369 -> 1.5 | P369: =VLOOKUP(L369,[2]Sheet1!$I:$M,5,0) -> 65000 | Q369: =N369*P369 -> 0 | R369: =J369-Q369 -> 97500
A370: 08/01/2026 | B370: TG-KS00058 | C370: BÒ TƠ Q3 | D370: TG-AA21845 | E370: I100003 | F370: Bắp cải trắng | G370: Kg | H370: 2.7 | I370: 19000 | J370: =I370*H370 -> 51300 | L370: =VLOOKUP(F370,[1]Sheet1!$D:$J,7,0) -> NL300004 | M370: =A370&L370 -> 08/01/2026NL300004 | N370: =VLOOKUP(M370,Sheet5!I:P,5,0) -> 1.7 | O370: =H370-N370 -> 1 | P370: =VLOOKUP(L370,[2]Sheet1!$I:$M,5,0) -> 19000 | Q370: =N370*P370 -> 32300 | R370: =J370-Q370 -> 19000
A371: 08/01/2026 | B371: TG-KS00058 | C371: BÒ TƠ Q3 | D371: TG-AA21845 | E371: I100004 | F371: Bắp chuối bào | G371: Kg | H371: 0.6 | I371: 33000 | J371: =I371*H371 -> 19800 | L371: =VLOOKUP(F371,[1]Sheet1!$D:$J,7,0) -> NL300060 | M371: =A371&L371 -> 08/01/2026NL300060 | N371: =VLOOKUP(M371,Sheet5!I:P,5,0) -> 0.6 | O371: =H371-N371 -> 0 | P371: =VLOOKUP(L371,[2]Sheet1!$I:$M,5,0) -> 33000 | Q371: =N371*P371 -> 19800 | R371: =J371-Q371 -> 0
A372: 08/01/2026 | B372: TG-KS00058 | C372: BÒ TƠ Q3 | D372: TG-AA21845 | E372: I100008 | F372: Bắp mỹ trái (Loại 1) | G372: Trái | H372: 3 | I372: 8500 | J372: =I372*H372 -> 25500 | L372: =VLOOKUP(F372,[1]Sheet1!$D:$J,7,0) -> NL300107 | M372: =A372&L372 -> 08/01/2026NL300107 | N372: =VLOOKUP(M372,Sheet5!I:P,5,0) -> 3 | O372: =H372-N372 -> 0 | P372: =VLOOKUP(L372,[2]Sheet1!$I:$M,5,0) -> 8500 | Q372: =N372*P372 -> 25500 | R372: =J372-Q372 -> 0
A373: 08/01/2026 | B373: TG-KS00058 | C373: BÒ TƠ Q3 | D373: TG-AA21845 | E373: I100010 | F373: Bầu xanh | G373: Kg | H373: 3.9 | I373: 24000 | J373: =I373*H373 -> 93600 | L373: =VLOOKUP(F373,[1]Sheet1!$D:$J,7,0) -> NL300174 | M373: =A373&L373 -> 08/01/2026NL300174 | N373: =VLOOKUP(M373,Sheet5!I:P,5,0) -> 2.3 | O373: =H373-N373 -> 1.6 | P373: =VLOOKUP(L373,[2]Sheet1!$I:$M,5,0) -> 24000 | Q373: =N373*P373 -> 55200 | R373: =J373-Q373 -> 38400
A374: 08/01/2026 | B374: TG-KS00058 | C374: BÒ TƠ Q3 | D374: TG-AA21845 | E374: I100018 | F374: Bó xôi (Nhà Lồng) | G374: Kg | H374: 7.5 | I374: 45000 | J374: =I374*H374 -> 337500 | L374: =VLOOKUP(F374,[1]Sheet1!$D:$J,7,0) -> NL300203 | M374: =A374&L374 -> 08/01/2026NL300203 | N374: =VLOOKUP(M374,Sheet5!I:P,5,0) -> 4.5 | O374: =H374-N374 -> 3 | P374: =VLOOKUP(L374,[2]Sheet1!$I:$M,5,0) -> 45000 | Q374: =N374*P374 -> 202500 | R374: =J374-Q374 -> 135000
A375: 08/01/2026 | B375: TG-KS00058 | C375: BÒ TƠ Q3 | D375: TG-AA21845 | E375: I100024 | F375: Bông cải xanh | G375: Kg | H375: 1.7 | I375: 52000 | J375: =I375*H375 -> 88400 | L375: =VLOOKUP(F375,[1]Sheet1!$D:$J,7,0) -> NL300137 | M375: =A375&L375 -> 08/01/2026NL300137 | N375: =VLOOKUP(M375,Sheet5!I:P,5,0) -> 1.7 | O375: =H375-N375 -> 0 | P375: =VLOOKUP(L375,[2]Sheet1!$I:$M,5,0) -> 52000 | Q375: =N375*P375 -> 88400 | R375: =J375-Q375 -> 0
A376: 08/01/2026 | B376: TG-KS00058 | C376: BÒ TƠ Q3 | D376: TG-AA21845 | E376: I100060 | F376: Chanh không hạt | G376: Kg | H376: 3 | I376: 22000 | J376: =I376*H376 -> 66000 | L376: =VLOOKUP(F376,[1]Sheet1!$D:$J,7,0) -> NL300029 | M376: =A376&L376 -> 08/01/2026NL300029 | N376: =VLOOKUP(M376,Sheet5!I:P,5,0) -> 0 | O376: =H376-N376 -> 3 | P376: =VLOOKUP(L376,[2]Sheet1!$I:$M,5,0) -> 22000 | Q376: =N376*P376 -> 0 | R376: =J376-Q376 -> 66000
A377: 08/01/2026 | B377: TG-KS00058 | C377: BÒ TƠ Q3 | D377: TG-AA21845 | E377: I100075 | F377: Đậu bắp | G377: Kg | H377: 1.2 | I377: 32000 | J377: =I377*H377 -> 38400 | L377: =VLOOKUP(F377,[1]Sheet1!$D:$J,7,0) -> NL300038 | M377: =A377&L377 -> 08/01/2026NL300038 | N377: =VLOOKUP(M377,Sheet5!I:P,5,0) -> 1.2 | O377: =H377-N377 -> 0 | P377: =VLOOKUP(L377,[2]Sheet1!$I:$M,5,0) -> 32000 | Q377: =N377*P377 -> 38400 | R377: =J377-Q377 -> 0
A378: 08/01/2026 | B378: TG-KS00058 | C378: BÒ TƠ Q3 | D378: TG-AA21845 | E378: I100479 | F378: Dưa hấu | G378: Kg | H378: 3.5 | I378: 18000 | J378: =I378*H378 -> 63000 | L378: =VLOOKUP(F378,[1]Sheet1!$D:$J,7,0) -> NL600004 | M378: =A378&L378 -> 08/01/2026NL600004 | N378: =VLOOKUP(M378,Sheet5!I:P,5,0) -> 3 | O378: =H378-N378 -> 0.5 | P378: =VLOOKUP(L378,[2]Sheet1!$I:$M,5,0) -> 18000 | Q378: =N378*P378 -> 54000 | R378: =J378-Q378 -> 9000
A379: 08/01/2026 | B379: TG-KS00058 | C379: BÒ TƠ Q3 | D379: TG-AA21845 | E379: I100089 | F379: Dưa leo | G379: Kg | H379: 2.6 | I379: 18000 | J379: =I379*H379 -> 46800 | L379: =VLOOKUP(F379,[1]Sheet1!$D:$J,7,0) -> NL300048 | M379: =A379&L379 -> 08/01/2026NL300048 | N379: =VLOOKUP(M379,Sheet5!I:P,5,0) -> 1.6 | O379: =H379-N379 -> 1 | P379: =VLOOKUP(L379,[2]Sheet1!$I:$M,5,0) -> 18000 | Q379: =N379*P379 -> 28800 | R379: =J379-Q379 -> 18000
A380: 08/01/2026 | B380: TG-KS00058 | C380: BÒ TƠ Q3 | D380: TG-AA21845 | E380: I100730 | F380: Hành tím bắc lột | G380: Kg | H380: 1.7 | I380: 80000 | J380: =I380*H380 -> 136000 | L380: =VLOOKUP(F380,[1]Sheet1!$D:$J,7,0) -> NL300055 | M380: =A380&L380 -> 08/01/2026NL300055 | N380: =VLOOKUP(M380,Sheet5!I:P,5,0) -> 1.7 | O380: =H380-N380 -> 0 | P380: =VLOOKUP(L380,[2]Sheet1!$I:$M,5,0) -> 80000 | Q380: =N380*P380 -> 136000 | R380: =J380-Q380 -> 0
A381: 08/01/2026 | B381: TG-KS00058 | C381: BÒ TƠ Q3 | D381: TG-AA21845 | E381: I100111 | F381: Hẹ lá | G381: Kg | H381: 2 | I381: 38000 | J381: =I381*H381 -> 76000 | L381: =VLOOKUP(F381,[1]Sheet1!$D:$J,7,0) -> NL300076 | M381: =A381&L381 -> 08/01/2026NL300076 | N381: =VLOOKUP(M381,Sheet5!I:P,5,0) -> 1.4 | O381: =H381-N381 -> 0.6 | P381: =VLOOKUP(L381,[2]Sheet1!$I:$M,5,0) -> 38000 | Q381: =N381*P381 -> 53200 | R381: =J381-Q381 -> 22800
... A408: 09/01/2026 | B408: TG-KS00058 | C408: BÒ TƠ Q3 | D408: TG-AA22087 | E408: I100039 | F408: Cà rốt | G408: Kg | H408: 8.3 | I408: 18000 | J408: =I408*H408 -> 149400 | L408: =VLOOKUP(F408,[1]Sheet1!$D:$J,7,0) -> NL300027 | M408: =A408&L408 -> 09/01/2026NL300027 | N408: =VLOOKUP(M408,Sheet5!I:P,5,0) -> 8.3 | O408: =H408-N408 -> 0 | P408: =VLOOKUP(L408,[2]Sheet1!$I:$M,5,0) -> 18000 | Q408: =N408*P408 -> 149400 | R408: =J408-Q408 -> 0
A409: 09/01/2026 | B409: TG-KS00058 | C409: BÒ TƠ Q3 | D409: TG-AA22087 | E409: I100044 | F409: Cải chua nguyên cây | G409: Kg | H409: 2.5 | I409: 22000 | J409: =I409*H409 -> 55000 | L409: NL300155 | M409: =A409&L409 -> 09/01/2026NL300155 | N409: =VLOOKUP(M409,Sheet5!I:P,5,0) -> 2.5 | O409: =H409-N409 -> 0 | P409: =VLOOKUP(L409,[2]Sheet1!$I:$M,5,0) -> 22000 | Q409: =N409*P409 -> 55000 | R409: =J409-Q409 -> 0
A410: 09/01/2026 | B410: TG-KS00058 | C410: BÒ TƠ Q3 | D410: TG-AA22087 | E410: I100060 | F410: Chanh không hạt | G410: Kg | H410: 1 | I410: 22000 | J410: =I410*H410 -> 22000 | L410: =VLOOKUP(F410,[1]Sheet1!$D:$J,7,0) -> NL300029 | M410: =A410&L410 -> 09/01/2026NL300029 | N410: =VLOOKUP(M410,Sheet5!I:P,5,0) -> 0 | O410: =H410-N410 -> 1 | P410: =VLOOKUP(L410,[2]Sheet1!$I:$M,5,0) -> 22000 | Q410: =N410*P410 -> 0 | R410: =J410-Q410 -> 22000
A411: 09/01/2026 | B411: TG-KS00058 | C411: BÒ TƠ Q3 | D411: TG-AA22087 | E411: I100067 | F411: Củ cải trắng (Loại 1) | G411: Kg | H411: 1.7 | I411: 13000 | J411: =I411*H411 -> 22100 | L411: =VLOOKUP(F411,[1]Sheet1!$D:$J,7,0) -> NL300033 | M411: =A411&L411 -> 09/01/2026NL300033 | N411: =VLOOKUP(M411,Sheet5!I:P,5,0) -> 1.7 | O411: =H411-N411 -> 0 | P411: =VLOOKUP(L411,[2]Sheet1!$I:$M,5,0) -> 13000 | Q411: =N411*P411 -> 22100 | R411: =J411-Q411 -> 0
A412: 09/01/2026 | B412: TG-KS00058 | C412: BÒ TƠ Q3 | D412: TG-AA22087 | E412: I100075 | F412: Đậu bắp | G412: Kg | H412: 2 | I412: 32000 | J412: =I412*H412 -> 64000 | L412: =VLOOKUP(F412,[1]Sheet1!$D:$J,7,0) -> NL300038 | M412: =A412&L412 -> 09/01/2026NL300038 | N412: =VLOOKUP(M412,Sheet5!I:P,5,0) -> 2 | O412: =H412-N412 -> 0 | P412: =VLOOKUP(L412,[2]Sheet1!$I:$M,5,0) -> 32000 | Q412: =N412*P412 -> 64000 | R412: =J412-Q412 -> 0
A413: 09/01/2026 | B413: TG-KS00058 | C413: BÒ TƠ Q3 | D413: TG-AA22087 | E413: I100260 | F413: Đậu hủ miếng trắng | G413: Miếng | H413: 40 | I413: 4000 | J413: =I413*H413 -> 160000 | L413: =VLOOKUP(F413,[1]Sheet1!$D:$J,7,0) -> NL300037 | M413: =A413&L413 -> 09/01/2026NL300037 | N413: =VLOOKUP(M413,Sheet5!I:P,5,0) -> 40 | O413: =H413-N413 -> 0 | P413: =VLOOKUP(L413,[2]Sheet1!$I:$M,5,0) -> 4000 | Q413: =N413*P413 -> 160000 | R413: =J413-Q413 -> 0
A414: 09/01/2026 | B414: TG-KS00058 | C414: BÒ TƠ Q3 | D414: TG-AA22087 | E414: I100479 | F414: Dưa hấu | G414: Kg | H414: 3.1 | I414: 18000 | J414: =I414*H414 -> 55800 | L414: =VLOOKUP(F414,[1]Sheet1!$D:$J,7,0) -> NL600004 | M414: =A414&L414 -> 09/01/2026NL600004 | N414: =VLOOKUP(M414,Sheet5!I:P,5,0) -> 3.1 | O414: =H414-N414 -> 0 | P414: =VLOOKUP(L414,[2]Sheet1!$I:$M,5,0) -> 18000 | Q414: =N414*P414 -> 55800 | R414: =J414-Q414 -> 0
A415: 09/01/2026 | B415: TG-KS00058 | C415: BÒ TƠ Q3 | D415: TG-AA22087 | E415: I100089 | F415: Dưa leo | G415: Kg | H415: 3.2 | I415: 18000 | J415: =I415*H415 -> 57600 | L415: =VLOOKUP(F415,[1]Sheet1!$D:$J,7,0) -> NL300048 | M415: =A415&L415 -> 09/01/2026NL300048 | N415: =VLOOKUP(M415,Sheet5!I:P,5,0) -> 2 | O415: =H415-N415 -> 1.2 | P415: =VLOOKUP(L415,[2]Sheet1!$I:$M,5,0) -> 18000 | Q415: =N415*P415 -> 36000 | R415: =J415-Q415 -> 21600
A416: 09/01/2026 | B416: TG-KS00058 | C416: BÒ TƠ Q3 | D416: TG-AA22087 | E416: I100098 | F416: Hành lá | G416: Kg | H416: 1 | I416: 55000 | J416: =I416*H416 -> 55000 | L416: =VLOOKUP(F416,[1]Sheet1!$D:$J,7,0) -> NL300058 | M416: =A416&L416 -> 09/01/2026NL300058 | N416: =VLOOKUP(M416,Sheet5!I:P,5,0) -> 0.5 | O416: =H416-N416 -> 0.5 | P416: =VLOOKUP(L416,[2]Sheet1!$I:$M,5,0) -> 55000 | Q416: =N416*P416 -> 27500 | R416: =J416-Q416 -> 27500
A417: 09/01/2026 | B417: TG-KS00058 | C417: BÒ TƠ Q3 | D417: TG-AA22087 | E417: I100101 | F417: Hành tây | G417: Kg | H417: 1.2 | I417: 13000 | J417: =I417*H417 -> 15600 | L417: =VLOOKUP(F417,[1]Sheet1!$D:$J,7,0) -> NL300059 | M417: =A417&L417 -> 09/01/2026NL300059 | N417: =VLOOKUP(M417,Sheet5!I:P,5,0) -> 1.2 | O417: =H417-N417 -> 0 | P417: =VLOOKUP(L417,[2]Sheet1!$I:$M,5,0) -> 13000 | Q417: =N417*P417 -> 15600 | R417: =J417-Q417 -> 0
A418: 09/01/2026 | B418: TG-KS00058 | C418: BÒ TƠ Q3 | D418: TG-AA22087 | E418: I100730 | F418: Hành tím bắc lột | G418: Kg | H418: 1.5 | I418: 80000 | J418: =I418*H418 -> 120000 | L418: =VLOOKUP(F418,[1]Sheet1!$D:$J,7,0) -> NL300055 | M418: =A418&L418 -> 09/01/2026NL300055 | N418: =VLOOKUP(M418,Sheet5!I:P,5,0) -> 0 | O418: =H418-N418 -> 1.5 | P418: =VLOOKUP(L418,[2]Sheet1!$I:$M,5,0) -> 80000 | Q418: =N418*P418 -> 0 | R418: =J418-Q418 -> 120000
A419: 09/01/2026 | B419: TG-KS00058 | C419: BÒ TƠ Q3 | D419: TG-AA22087 | E419: I100111 | F419: Hẹ lá | G419: Kg | H419: 1.5 | I419: 38000 | J419: =I419*H419 -> 57000 | L419: =VLOOKUP(F419,[1]Sheet1!$D:$J,7,0) -> NL300076 | M419: =A419&L419 -> 09/01/2026NL300076 | N419: =VLOOKUP(M419,Sheet5!I:P,5,0) -> 0.7 | O419: =H419-N419 -> 0.8 | P419: =VLOOKUP(L419,[2]Sheet1!$I:$M,5,0) -> 38000 | Q419: =N419*P419 -> 26600 | R419: =J419-Q419 -> 30400
A420: 09/01/2026 | B420: TG-KS00058 | C420: BÒ TƠ Q3 | D420: TG-AA22087 | E420: I100112 | F420: Húng cây | G420: Kg | H420: 2 | I420: 48000 | J420: =I420*H420 -> 96000 | L420: =VLOOKUP(F420,[1]Sheet1!$D:$J,7,0) -> NL300063 | M420: =A420&L420 -> 09/01/2026NL300063 | N420: =VLOOKUP(M420,Sheet5!I:P,5,0) -> 2 | O420: =H420-N420 -> 0 | P420: =VLOOKUP(L420,[2]Sheet1!$I:$M,5,0) -> 48000 | Q420: =N420*P420 -> 96000 | R420: =J420-Q420 -> 0
...

Sheet Sheet5
A3: Bảng kê hóa đơn mua hàng
A4: Từ ngày 01/01/2026 đến ngày 15/01/2026...
M5: =SUBTOTAL(9,M7:M825) -> 2224.95 | N5: =M5-'Q3'!N13 -> 0 | P5: =SUBTOTAL(9,P7:P825) -> 49032800 | Q5: =P5-'Q3'!Q13 -> 0
A6: Ngày ct | B6: Mã ct | C6: Số ct | D6: Số hđ | E6: Áp giá | F6: Mã ncc | G6: Tên ncc | H6: Diễn giải | J6: Mã hàng | K6: Tên mặt hàng | L6: Đvt | M6: Số lượng | N6: Giá | O6: Giá báo | P6: Tiền | Q6: Thuế suất | R6: Chênh lệch giá | S6: Kho hàng | T6: Mã nx | U6: Vụ việc | V6: Bộ phận | W6: Hợp đồng | X6: Người tạo | Y6: Người sửa
A7: 46023 | B7: HD | C7: 2601BSG02003 | E7: 1 | F7: NCC100186 | G7: CÔNG TY TNHH NÔNG SẢN THỰC PHẨM TRẦN GIA | H7: BSG02 - Nhập hàng mua ngày 01/01/2026 | I7: =TEXT(A7,"dd/mm/yyyy")&J7 -> 01/01/2026NL300055 | J7: NL300055 | K7: Hành bóc | L7: kg | M7: 3 | N7: =VLOOKUP(J7,[2]Sheet1!$I:$M,5,0) -> 80000 | O7: 0 | P7: =M7*N7 -> 240000 | Q7: 0 | R7: 80000 | S7: BSG.02 | T7: 3311 | V7: BSG02 | X7: MINHDL | Y7: PHATLT
A8: 46023 | B8: HD | C8: 2601BSG02003 | E8: 1 | F8: NCC100186 | G8: CÔNG TY TNHH NÔNG SẢN THỰC PHẨM TRẦN GIA | H8: BSG02 - Nhập hàng mua ngày 01/01/2026 | I8: =TEXT(A8,"dd/mm/yyyy")&J8 -> 01/01/2026NL600004 | J8: NL600004 | K8: Dưa hấu | L8: kg | M8: 8.2 | N8: =VLOOKUP(J8,[2]Sheet1!$I:$M,5,0) -> 18000 | O8: 0 | P8: =M8*N8 -> 147600 | Q8: 0 | R8: 18000 | S8: BSG.02 | T8: 3311 | V8: BSG02 | X8: MINHDL | Y8: PHATLT
A9: 46023 | B9: HD | C9: 2601BSG02003 | E9: 1 | F9: NCC100186 | G9: CÔNG TY TNHH NÔNG SẢN THỰC PHẨM TRẦN GIA | H9: BSG02 - Nhập hàng mua ngày 01/01/2026 | I9: =TEXT(A9,"dd/mm/yyyy")&J9 -> 01/01/2026NL300174 | J9: NL300174 | K9: Bầu | L9: kg | M9: 6 | N9: =VLOOKUP(J9,[2]Sheet1!$I:$M,5,0) -> 24000 | O9: 0 | P9: =M9*N9 -> 144000 | Q9: 0 | R9: 24000 | S9: BSG.02 | T9: 3311 | V9: BSG02 | X9: MINHDL | Y9: PHATLT
A10: 46023 | B10: HD | C10: 2601BSG02003 | E10: 1 | F10: NCC100186 | G10: CÔNG TY TNHH NÔNG SẢN THỰC PHẨM TRẦN GIA | H10: BSG02 - Nhập hàng mua ngày 01/01/2026 | I10: =TEXT(A10,"dd/mm/yyyy")&J10 -> 01/01/2026NL300156 | J10: NL300156 | K10: Đậu cove Pháp | L10: kg | M10: 0.3 | N10: =VLOOKUP(J10,[2]Sheet1!$I:$M,5,0) -> 75000 | O10: 0 | P10: =M10*N10 -> 22500 | Q10: 0 | R10: 75000 | S10: BSG.02 | T10: 3311 | V10: BSG02 | X10: MINHDL | Y10: PHATLT
A11: 46023 | B11: HD | C11: 2601BSG02003 | E11: 1 | F11: NCC100186 | G11: CÔNG TY TNHH NÔNG SẢN THỰC PHẨM TRẦN GIA | H11: BSG02 - Nhập hàng mua ngày 01/01/2026 | I11: =TEXT(A11,"dd/mm/yyyy")&J11 -> 01/01/2026NL300153 | J11: NL300153 | K11: Ớt xanh Đà Lạt | L11: kg | M11: 0.2 | N11: =VLOOKUP(J11,[2]Sheet1!$I:$M,5,0) -> 46000 | O11: 0 | P11: =M11*N11 -> 9200 | Q11: 0 | R11: 46000 | S11: BSG.02 | T11: 3311 | V11: BSG02 | X11: MINHDL | Y11: PHATLT
A12: 46023 | B12: HD | C12: 2601BSG02003 | E12: 1 | F12: NCC100186 | G12: CÔNG TY TNHH NÔNG SẢN THỰC PHẨM TRẦN GIA | H12: BSG02 - Nhập hàng mua ngày 01/01/2026 | I12: =TEXT(A12,"dd/mm/yyyy")&J12 -> 01/01/2026NL300152 | J12: NL300152 | K12: Ớt vàng Đà Lạt | L12: kg | M12: 0.2 | N12: =VLOOKUP(J12,[2]Sheet1!$I:$M,5,0) -> 65000 | O12: 0 | P12: =M12*N12 -> 13000 | Q12: 0 | R12: 65000 | S12: BSG.02 | T12: 3311 | V12: BSG02 | X12: MINHDL | Y12: PHATLT
A13: 46023 | B13: HD | C13: 2601BSG02003 | E13: 1 | F13: NCC100186 | G13: CÔNG TY TNHH NÔNG SẢN THỰC PHẨM TRẦN GIA | H13: BSG02 - Nhập hàng mua ngày 01/01/2026 | I13: =TEXT(A13,"dd/mm/yyyy")&J13 -> 01/01/2026NL300148 | J13: NL300148 | K13: Xà lách tím | L13: kg | M13: 0.3 | N13: =VLOOKUP(J13,[2]Sheet1!$I:$M,5,0) -> 65000 | O13: 0 | P13: =M13*N13 -> 19500 | Q13: 0 | R13: 65000 | S13: BSG.02 | T13: 3311 | V13: BSG02 | X13: MINHDL | Y13: PHATLT
A14: 46023 | B14: HD | C14: 2601BSG02003 | E14: 1 | F14: NCC100186 | G14: CÔNG TY TNHH NÔNG SẢN THỰC PHẨM TRẦN GIA | H14: BSG02 - Nhập hàng mua ngày 01/01/2026 | I14: =TEXT(A14,"dd/mm/yyyy")&J14 -> 01/01/2026NL300146 | J14: NL300146 | K14: Xà lách cuộn | L14: kg | M14: 0.6 | N14: =VLOOKUP(J14,[2]Sheet1!$I:$M,5,0) -> 65000 | O14: 0 | P14: =M14*N14 -> 39000 | Q14: 0 | R14: 65000 | S14: BSG.02 | T14: 3311 | V14: BSG02 | X14: MINHDL | Y14: PHATLT
A15: 46023 | B15: HD | C15: 2601BSG02003 | E15: 1 | F15: NCC100186 | G15: CÔNG TY TNHH NÔNG SẢN THỰC PHẨM TRẦN GIA | H15: BSG02 - Nhập hàng mua ngày 01/01/2026 | I15: =TEXT(A15,"dd/mm/yyyy")&J15 -> 01/01/2026NL300145 | J15: NL300145 | K15: Xà lách | L15: kg | M15: 20 | N15: =VLOOKUP(J15,[2]Sheet1!$I:$M,5,0) -> 38000 | O15: 0 | P15: =M15*N15 -> 760000 | Q15: 0 | R15: 38000 | S15: BSG.02 | T15: 3311 | V15: BSG02 | X15: MINHDL | Y15: PHATLT
A16: 46023 | B16: HD | C16: 2601BSG02003 | E16: 1 | F16: NCC100186 | G16: CÔNG TY TNHH NÔNG SẢN THỰC PHẨM TRẦN GIA | H16: BSG02 - Nhập hàng mua ngày 01/01/2026 | I16: =TEXT(A16,"dd/mm/yyyy")&J16 -> 01/01/2026NL300144 | J16: NL300144 | K16: Tỏi ta | L16: kg | M16: 0.5 | N16: =VLOOKUP(J16,[2]Sheet1!$I:$M,5,0) -> 90000 | O16: 0 | P16: =M16*N16 -> 45000 | Q16: 0 | R16: 90000 | S16: BSG.02 | T16: 3311 | V16: BSG02 | X16: MINHDL | Y16: PHATLT
A17: 46023 | B17: HD | C17: 2601BSG02003 | E17: 1 | F17: NCC100186 | G17: CÔNG TY TNHH NÔNG SẢN THỰC PHẨM TRẦN GIA | H17: BSG02 - Nhập hàng mua ngày 01/01/2026 | I17: =TEXT(A17,"dd/mm/yyyy")&J17 -> 01/01/2026NL300142 | J17: NL300142 | K17: Tỏi bóc | L17: kg | M17: 2.5 | N17: =VLOOKUP(J17,[2]Sheet1!$I:$M,5,0) -> 50000 | O17: 0 | P17: =M17*N17 -> 125000 | Q17: 0 | R17: 50000 | S17: BSG.02 | T17: 3311 | V17: BSG02 | X17: MINHDL | Y17: PHATLT
A18: 46023 | B18: HD | C18: 2601BSG02003 | E18: 1 | F18: NCC100186 | G18: CÔNG TY TNHH NÔNG SẢN THỰC PHẨM TRẦN GIA | H18: BSG02 - Nhập hàng mua ngày 01/01/2026 | I18: =TEXT(A18,"dd/mm/yyyy")&J18 -> 01/01/2026NL300141 | J18: NL300141 | K18: Tiêu xanh | L18: kg | M18: 0.5 | N18: =VLOOKUP(J18,[2]Sheet1!$I:$M,5,0) -> 92000 | O18: 0 | P18: =M18*N18 -> 46000 | Q18: 0 | R18: 92000 | S18: BSG.02 | T18: 3311 | V18: BSG02 | X18: MINHDL | Y18: PHATLT
... A703: 46037 | B703: HD | C703: 2601BSG02175 | E703: 1 | F703: NCC100186 | G703: CÔNG TY TNHH NÔNG SẢN THỰC PHẨM TRẦN GIA | H703: BSG02 - Nhập hàng mua ngày 15/01/2026 | I703: =TEXT(A703,"dd/mm/yyyy")&J703 -> 15/01/2026NL430197 | J703: NL430197 | K703: Bún bò NV | L703: kg | M703: 5 | N703: =VLOOKUP(J703,[2]Sheet1!$I:$M,5,0) -> 12000 | O703: 0 | P703: =M703*N703 -> 60000 | Q703: 0 | R703: 12000 | S703: BSG.02 | T703: 3311 | V703: BSG02 | X703: PHATLT | Y703: PHATLT
A704: 46037 | B704: HD | C704: 2601BSG02175 | E704: 1 | F704: NCC100186 | G704: CÔNG TY TNHH NÔNG SẢN THỰC PHẨM TRẦN GIA | H704: BSG02 - Nhập hàng mua ngày 15/01/2026 | I704: =TEXT(A704,"dd/mm/yyyy")&J704 -> 15/01/2026NL430080 | J704: NL430080 | K704: Mắm Ruốc NV | L704: kg | M704: 1 | N704: 62000 | O704: 0 | P704: =M704*N704 -> 62000 | Q704: 0 | R704: 0 | S704: BSG.02 | T704: 3311 | V704: BSG02 | X704: PHATLT | Y704: PHATLT
A705: 46037 | B705: HD | C705: 2601BSG02175 | E705: 1 | F705: NCC100186 | G705: CÔNG TY TNHH NÔNG SẢN THỰC PHẨM TRẦN GIA | H705: BSG02 - Nhập hàng mua ngày 15/01/2026 | I705: =TEXT(A705,"dd/mm/yyyy")&J705 -> 15/01/2026NL300203 | J705: NL300203 | K705: Cải bó xôi | L705: kg | M705: 2 | N705: =VLOOKUP(J705,[2]Sheet1!$I:$M,5,0) -> 45000 | O705: 0 | P705: =M705*N705 -> 90000 | Q705: 0 | R705: 45000 | S705: BSG.02 | T705: 3311 | V705: BSG02 | X705: PHATLT | Y705: PHATLT
A706: 46037 | B706: HD | C706: 2601BSG02175 | E706: 1 | F706: NCC100186 | G706: CÔNG TY TNHH NÔNG SẢN THỰC PHẨM TRẦN GIA | H706: BSG02 - Nhập hàng mua ngày 15/01/2026 | I706: =TEXT(A706,"dd/mm/yyyy")&J706 -> 15/01/2026NL300137 | J706: NL300137 | K706: Súp lơ xanh | L706: kg | M706: 2.5 | N706: =VLOOKUP(J706,[2]Sheet1!$I:$M,5,0) -> 52000 | O706: 0 | P706: =M706*N706 -> 130000 | Q706: 0 | R706: 52000 | S706: BSG.02 | T706: 3311 | V706: BSG02 | X706: PHATLT | Y706: PHATLT
A707: 46037 | B707: HD | C707: 2601BSG02175 | E707: 1 | F707: NCC100186 | G707: CÔNG TY TNHH NÔNG SẢN THỰC PHẨM TRẦN GIA | H707: BSG02 - Nhập hàng mua ngày 15/01/2026 | I707: =TEXT(A707,"dd/mm/yyyy")&J707 -> 15/01/2026NL300048 | J707: NL300048 | K707: Dưa chuột | L707: kg | M707: 1.5 | N707: =VLOOKUP(J707,[2]Sheet1!$I:$M,5,0) -> 18000 | O707: 0 | P707: =M707*N707 -> 27000 | Q707: 0 | R707: 18000 | S707: BSG.02 | T707: 3311 | V707: BSG02 | X707: PHATLT | Y707: PHATLT
A708: 46037 | B708: HD | C708: 2601BSG02175 | E708: 1 | F708: NCC100186 | G708: CÔNG TY TNHH NÔNG SẢN THỰC PHẨM TRẦN GIA | H708: BSG02 - Nhập hàng mua ngày 15/01/2026 | I708: =TEXT(A708,"dd/mm/yyyy")&J708 -> 15/01/2026NL430051 | J708: NL430051 | K708: Giá đỗ NV | L708: kg | M708: 1.2 | N708: =VLOOKUP(J708,[2]Sheet1!$I:$M,5,0) -> 9000 | O708: 0 | P708: =M708*N708 -> 10800 | Q708: 0 | R708: 9000 | S708: BSG.02 | T708: 3311 | V708: BSG02 | X708: PHATLT | Y708: PHATLT
A709: 46037 | B709: HD | C709: 2601BSG02175 | E709: 1 | F709: NCC100186 | G709: CÔNG TY TNHH NÔNG SẢN THỰC PHẨM TRẦN GIA | H709: BSG02 - Nhập hàng mua ngày 15/01/2026 | I709: =TEXT(A709,"dd/mm/yyyy")&J709 -> 15/01/2026NL300044 | J709: NL300044 | K709: Đọt mọt ( Lá trăm ) | L709: kg | M709: 0.7 | N709: =VLOOKUP(J709,[2]Sheet1!$I:$M,5,0) -> 38000 | O709: 0 | P709: =M709*N709 -> 26600 | Q709: 0 | R709: 38000 | S709: BSG.02 | T709: 3311 | V709: BSG02 | X709: PHATLT | Y709: PHATLT
A710: 46037 | B710: HD | C710: 2601BSG02175 | E710: 1 | F710: NCC100186 | G710: CÔNG TY TNHH NÔNG SẢN THỰC PHẨM TRẦN GIA | H710: BSG02 - Nhập hàng mua ngày 15/01/2026 | I710: =TEXT(A710,"dd/mm/yyyy")&J710 -> 15/01/2026NL300043 | J710: NL300043 | K710: Đọt cóc | L710: kg | M710: 0.8 | N710: =VLOOKUP(J710,[2]Sheet1!$I:$M,5,0) -> 32000 | O710: 0 | P710: =M710*N710 -> 25600 | Q710: 0 | R710: 32000 | S710: BSG.02 | T710: 3311 | V710: BSG02 | X710: PHATLT | Y710: PHATLT
A711: 46037 | B711: HD | C711: 2601BSG02175 | E711: 1 | F711: NCC100186 | G711: CÔNG TY TNHH NÔNG SẢN THỰC PHẨM TRẦN GIA | H711: BSG02 - Nhập hàng mua ngày 15/01/2026 | I711: =TEXT(A711,"dd/mm/yyyy")&J711 -> 15/01/2026NL300060 | J711: NL300060 | K711: Hoa chuối đã thái | L711: kg | M711: 0.5 | N711: =VLOOKUP(J711,[2]Sheet1!$I:$M,5,0) -> 33000 | O711: 0 | P711: =M711*N711 -> 16500 | Q711: 0 | R711: 33000 | S711: BSG.02 | T711: 3311 | V711: BSG02 | X711: PHATLT | Y711: PHATLT
A712: 46037 | B712: HD | C712: 2601BSG02175 | E712: 1 | F712: NCC100186 | G712: CÔNG TY TNHH NÔNG SẢN THỰC PHẨM TRẦN GIA | H712: BSG02 - Nhập hàng mua ngày 15/01/2026 | I712: =TEXT(A712,"dd/mm/yyyy")&J712 -> 15/01/2026NL300011 | J712: NL300011 | K712: Bông súng | L712: kg | M712: 0.5 | N712: =VLOOKUP(J712,[2]Sheet1!$I:$M,5,0) -> 17000 | O712: 0 | P712: =M712*N712 -> 8500 | Q712: 0 | R712: 17000 | S712: BSG.02 | T712: 3311 | V712: BSG02 | X712: PHATLT | Y712: PHATLT
A713: 46037 | B713: HD | C713: 2601BSG02175 | E713: 1 | F713: NCC100186 | G713: CÔNG TY TNHH NÔNG SẢN THỰC PHẨM TRẦN GIA | H713: BSG02 - Nhập hàng mua ngày 15/01/2026 | I713: =TEXT(A713,"dd/mm/yyyy")&J713 -> 15/01/2026NL300119 | J713: NL300119 | K713: Quất ( Tắc trái ) | L713: kg | M713: 2 | N713: =VLOOKUP(J713,[2]Sheet1!$I:$M,5,0) -> 21000 | O713: 0 | P713: =M713*N713 -> 42000 | Q713: 0 | R713: 21000 | S713: BSG.02 | T713: 3311 | V713: BSG02 | X713: PHATLT | Y713: PHATLT
A714: 46037 | B714: HD | C714: 2601BSG02175 | E714: 1 | F714: NCC100186 | G714: CÔNG TY TNHH NÔNG SẢN THỰC PHẨM TRẦN GIA | H714: BSG02 - Nhập hàng mua ngày 15/01/2026 | I714: =TEXT(A714,"dd/mm/yyyy")&J714 -> 15/01/2026NL300138 | J714: NL300138 | K714: Su su quả | L714: kg | M714: 1.9 | N714: =VLOOKUP(J714,[2]Sheet1!$I:$M,5,0) -> 20000 | O714: 0 | P714: =M714*N714 -> 38000 | Q714: 0 | R714: 20000 | S714: BSG.02 | T714: 3311 | V714: BSG02 | X714: PHATLT | Y714: PHATLT
A715: 46037 | B715: HD | C715: 2601BSG02175 | E715: 1 | F715: NCC100186 | G715: CÔNG TY TNHH NÔNG SẢN THỰC PHẨM TRẦN GIA | H715: BSG02 - Nhập hàng mua ngày 15/01/2026 | I715: =TEXT(A715,"dd/mm/yyyy")&J715 -> 15/01/2026NL300188 | J715: NL300188 | K715: Củ Sắn ( Bếp) | L715: kg | M715: 0.9 | N715: =VLOOKUP(J715,[2]Sheet1!$I:$M,5,0) -> 12000 | O715: 0 | P715: =M715*N715 -> 10800 | Q715: 0 | R715: 12000 | S715: BSG.02 | T715: 3311 | V715: BSG02 | X715: PHATLT | Y715: PHATLT
A716: 46037 | B716: HD | C716: 2601BSG02175 | E716: 1 | F716: NCC100186 | G716: CÔNG TY TNHH NÔNG SẢN THỰC PHẨM TRẦN GIA | H716: BSG02 - Nhập hàng mua ngày 15/01/2026 | I716: =TEXT(A716,"dd/mm/yyyy")&J716 -> 15/01/2026NL300055 | J716: NL300055 | K716: Hành bóc | L716: kg | M716: 1.2 | N716: =VLOOKUP(J716,[2]Sheet1!$I:$M,5,0) -> 80000 | O716: 0 | P716: =M716*N716 -> 96000 | Q716: 0 | R716: 80000 | S716: BSG.02 | T716: 3311 | V716: BSG02 | X716: PHATLT | Y716: PHATLT
... A748: 46037 | B748: HD | C748: 2601BSG02175 | E748: 1 | F748: NCC100186 | G748: CÔNG TY TNHH NÔNG SẢN THỰC PHẨM TRẦN GIA | H748: BSG02 - Nhập hàng mua ngày 15/01/2026 | I748: =TEXT(A748,"dd/mm/yyyy")&J748 -> 15/01/2026NL300004 | J748: NL300004 | K748: Bắp cải trắng | L748: kg | M748: 2.1 | N748: =VLOOKUP(J748,[2]Sheet1!$I:$M,5,0) -> 19000 | O748: 0 | P748: =M748*N748 -> 39900 | Q748: 0 | R748: 19000 | S748: BSG.02 | T748: 3311 | V748: BSG02 | X748: PHATLT | Y748: PHATLT
I749: =TEXT(A749,"dd/mm/yyyy")&J749 | N749: =VLOOKUP(J749,[2]Sheet1!$I:$M,5,0)

Sheet Q10
D2: CÔNG TY TNHH NÔNG SẢN THỰC PHẨM TRẦN GIA HTX: Ấp Lộc Tiến, Xã Mỹ Lộc, Huyện Cần Giuộc, Tỉnh Long An VP: Tòa nhà An Phú Plaza, 117-119 Lý Chính Thắng, P.7. Q.3, TP.HCM Kho sơ chế: 30 Kha Vạn Cân, P. Hiệp Bình Chánh, TP.Thủ Đức, TP.HCM Kho Đà Lạt: 69 Trần Thủ Độ, TT Liên Nghĩa, Huyện Đức Trọng, Tỉnh Lâm Đồng. Website: rausachtrangia.com - Hotline: 090.245.8081
A4: CHI TIẾT ĐỐI CHIẾU CÔNG NỢ
A6: Từ ngày 1 tháng 01 đến ngày 15 tháng 01 năm 2026
A8: Tên Khách hàng: BÒ TƠ Q10
A10: Địa chỉ:
A12: Người liên hệ: Email:
J13: =SUBTOTAL(9,J15:J691) -> 26945460 | N13: =SUBTOTAL(9,N15:N987) -> 950.72 | O13: =N13-Sheet6!M5 -> 0 | Q13: =SUBTOTAL(9,Q15:Q987) -> 22348910 | R13: =Q13-Sheet6!P5 -> 0
A14: NGÀY | B14: MÃ KHÁCH HÀNG | C14: TÊN KHÁCH HÀNG | D14: MÃ ĐƠN HÀNG | E14: MÃ HÀNG | F14: TÊN HÀNG | G14: ĐVT | H14: SỐ LƯỢNG | I14: ĐƠN GIÁ | J14: THÀNH TIỀN | K14: GHI CHÚ | N14: Thực nhận | O14: lệch | P14: Giá chốt | Q14: Tổng | R14: Lệch
A15: 01/01/2026 | B15: TG-KS00156 | C15: BÒ TƠ Q10 | D15: TG-AA20660 | E15: I100002 | F15: Bắp cải tím | G15: Kg | H15: 2.5 | I15: 26000 | J15: =H15*I15 -> 65000 | L15: =VLOOKUP(F15,[1]Sheet1!$D:$J,7,0) -> NL300003 | M15: =A15&L15 -> 01/01/2026NL300003 | N15: =VLOOKUP(M15,Sheet6!I:P,5,0) -> 2.5 | O15: =H15-N15 -> 0 | P15: =VLOOKUP(L15,[2]Sheet1!$I:$M,5,0) -> 26000 | Q15: =N15*P15 -> 65000 | R15: =J15-Q15 -> 0
A16: 01/01/2026 | B16: TG-KS00156 | C16: BÒ TƠ Q10 | D16: TG-AA20660 | E16: I100003 | F16: Bắp cải trắng | G16: Kg | H16: 3 | I16: 19000 | J16: =H16*I16 -> 57000 | L16: =VLOOKUP(F16,[1]Sheet1!$D:$J,7,0) -> NL300004 | M16: =A16&L16 -> 01/01/2026NL300004 | N16: =VLOOKUP(M16,Sheet6!I:P,5,0) -> 3 | O16: =H16-N16 -> 0 | P16: =VLOOKUP(L16,[2]Sheet1!$I:$M,5,0) -> 19000 | Q16: =N16*P16 -> 57000 | R16: =J16-Q16 -> 0
A17: 01/01/2026 | B17: TG-KS00156 | C17: BÒ TƠ Q10 | D17: TG-AA20660 | E17: I100004 | F17: Bắp chuối bào | G17: Kg | H17: 0.4 | I17: 33000 | J17: =H17*I17 -> 13200 | L17: =VLOOKUP(F17,[1]Sheet1!$D:$J,7,0) -> NL300060 | M17: =A17&L17 -> 01/01/2026NL300060 | N17: =VLOOKUP(M17,Sheet6!I:P,5,0) -> 0.4 | O17: =H17-N17 -> 0 | P17: =VLOOKUP(L17,[2]Sheet1!$I:$M,5,0) -> 33000 | Q17: =N17*P17 -> 13200 | R17: =J17-Q17 -> 0
A18: 01/01/2026 | B18: TG-KS00156 | C18: BÒ TƠ Q10 | D18: TG-AA20660 | E18: I100008 | F18: Bắp mỹ trái (Loại 1) | G18: Trái | H18: 3 | I18: 8500 | J18: =H18*I18 -> 25500 | L18: =VLOOKUP(F18,[1]Sheet1!$D:$J,7,0) -> NL300107 | M18: =A18&L18 -> 01/01/2026NL300107 | N18: =VLOOKUP(M18,Sheet6!I:P,5,0) -> 3 | O18: =H18-N18 -> 0 | P18: =VLOOKUP(L18,[2]Sheet1!$I:$M,5,0) -> 8500 | Q18: =N18*P18 -> 25500 | R18: =J18-Q18 -> 0
A19: 01/01/2026 | B19: TG-KS00156 | C19: BÒ TƠ Q10 | D19: TG-AA20660 | E19: I100010 | F19: Bầu xanh | G19: Kg | H19: 4 | I19: 24000 | J19: =H19*I19 -> 96000 | L19: =VLOOKUP(F19,[1]Sheet1!$D:$J,7,0) -> NL300174 | M19: =A19&L19 -> 01/01/2026NL300174 | N19: =VLOOKUP(M19,Sheet6!I:P,5,0) -> 4 | O19: =H19-N19 -> 0 | P19: =VLOOKUP(L19,[2]Sheet1!$I:$M,5,0) -> 24000 | Q19: =N19*P19 -> 96000 | R19: =J19-Q19 -> 0
A20: 01/01/2026 | B20: TG-KS00156 | C20: BÒ TƠ Q10 | D20: TG-AA20660 | E20: I100018 | F20: Bó xôi (Nhà Lồng) | G20: Kg | H20: 4.5 | I20: 45000 | J20: =H20*I20 -> 202500 | L20: =VLOOKUP(F20,[1]Sheet1!$D:$J,7,0) -> NL300203 | M20: =A20&L20 -> 01/01/2026NL300203 | N20: =VLOOKUP(M20,Sheet6!I:P,5,0) -> 4.5 | O20: =H20-N20 -> 0 | P20: =VLOOKUP(L20,[2]Sheet1!$I:$M,5,0) -> 45000 | Q20: =N20*P20 -> 202500 | R20: =J20-Q20 -> 0
A21: 01/01/2026 | B21: TG-KS00156 | C21: BÒ TƠ Q10 | D21: TG-AA20660 | E21: I100024 | F21: Bông cải xanh | G21: Kg | H21: 1 | I21: 52000 | J21: =H21*I21 -> 52000 | L21: =VLOOKUP(F21,[1]Sheet1!$D:$J,7,0) -> NL300137 | M21: =A21&L21 -> 01/01/2026NL300137 | N21: =VLOOKUP(M21,Sheet6!I:P,5,0) -> 1 | O21: =H21-N21 -> 0 | P21: =VLOOKUP(L21,[2]Sheet1!$I:$M,5,0) -> 52000 | Q21: =N21*P21 -> 52000 | R21: =J21-Q21 -> 0
A22: 01/01/2026 | B22: TG-KS00156 | C22: BÒ TƠ Q10 | D22: TG-AA20660 | E22: I100031 | F22: Bông súng | G22: Kg | H22: 0.4 | I22: 17000 | J22: =H22*I22 -> 6800 | L22: =VLOOKUP(F22,[1]Sheet1!$D:$J,7,0) -> NL300011 | M22: =A22&L22 -> 01/01/2026NL300011 | N22: =VLOOKUP(M22,Sheet6!I:P,5,0) -> 0.4 | O22: =H22-N22 -> 0 | P22: =VLOOKUP(L22,[2]Sheet1!$I:$M,5,0) -> 17000 | Q22: =N22*P22 -> 6800 | R22: =J22-Q22 -> 0
A23: 01/01/2026 | B23: TG-KS00156 | C23: BÒ TƠ Q10 | D23: TG-AA20660 | E23: I100034 | F23: Cà chua | G23: Kg | H23: 4 | I23: 50000 | J23: =H23*I23 -> 200000 | L23: =VLOOKUP(F23,[1]Sheet1!$D:$J,7,0) -> NL300013 | M23: =A23&L23 -> 01/01/2026NL300013 | N23: =VLOOKUP(M23,Sheet6!I:P,5,0) -> 4 | O23: =H23-N23 -> 0 | P23: =VLOOKUP(L23,[2]Sheet1!$I:$M,5,0) -> 50000 | Q23: =N23*P23 -> 200000 | R23: =J23-Q23 -> 0
A24: 01/01/2026 | B24: TG-KS00156 | C24: BÒ TƠ Q10 | D24: TG-AA20660 | E24: I100033 | F24: Cà chua bi | G24: Kg | H24: 2 | I24: 55000 | J24: =H24*I24 -> 110000 | L24: =VLOOKUP(F24,[1]Sheet1!$D:$J,7,0) -> NL300014 | M24: =A24&L24 -> 01/01/2026NL300014 | N24: =VLOOKUP(M24,Sheet6!I:P,5,0) -> 2 | O24: =H24-N24 -> 0 | P24: =VLOOKUP(L24,[2]Sheet1!$I:$M,5,0) -> 55000 | Q24: =N24*P24 -> 110000 | R24: =J24-Q24 -> 0
A25: 01/01/2026 | B25: TG-KS00156 | C25: BÒ TƠ Q10 | D25: TG-AA20660 | E25: I100039 | F25: Cà rốt | G25: Kg | H25: 7 | I25: 18000 | J25: =H25*I25 -> 126000 | L25: =VLOOKUP(F25,[1]Sheet1!$D:$J,7,0) -> NL300027 | M25: =A25&L25 -> 01/01/2026NL300027 | N25: =VLOOKUP(M25,Sheet6!I:P,5,0) -> 7 | O25: =H25-N25 -> 0 | P25: =VLOOKUP(L25,[2]Sheet1!$I:$M,5,0) -> 18000 | Q25: =N25*P25 -> 126000 | R25: =J25-Q25 -> 0
A26: 01/01/2026 | B26: TG-KS00156 | C26: BÒ TƠ Q10 | D26: TG-AA20660 | E26: I100067 | F26: Củ cải trắng (Loại 1) | G26: Kg | H26: 0.5 | I26: 13000 | J26: =H26*I26 -> 6500 | L26: =VLOOKUP(F26,[1]Sheet1!$D:$J,7,0) -> NL300033 | M26: =A26&L26 -> 01/01/2026NL300033 | N26: =VLOOKUP(M26,Sheet6!I:P,5,0) -> 0.5 | O26: =H26-N26 -> 0 | P26: =VLOOKUP(L26,[2]Sheet1!$I:$M,5,0) -> 13000 | Q26: =N26*P26 -> 6500 | R26: =J26-Q26 -> 0
... A70: 01/01/2026 | B70: TG-KS00156 | C70: BÒ TƠ Q10 | D70: TG-AA20660 | E70: I100207 | F70: Xà lách lolo xanh | G70: Kg | H70: 6 | I70: 38000 | J70: =H70*I70 -> 228000 | L70: =VLOOKUP(F70,[1]Sheet1!$D:$J,7,0) -> NL300145 | M70: =A70&L70 -> 01/01/2026NL300145 | N70: =VLOOKUP(M70,Sheet6!I:P,5,0) -> 6 | O70: =H70-N70 -> 0 | P70: =VLOOKUP(L70,[2]Sheet1!$I:$M,5,0) -> 38000 | Q70: =N70*P70 -> 228000 | R70: =J70-Q70 -> 0
A71: 01/01/2026 | B71: TG-KS00156 | C71: BÒ TƠ Q10 | D71: TG-AA20748 | E71: I100536 | F71: Lá Trâm Ổi | G71: Kg | H71: 3.2 | I71: 38000 | J71: =H71*I71 -> 121600 | L71: =VLOOKUP(F71,[1]Sheet1!$D:$J,7,0) -> NL300044 | M71: =A71&L71 -> 01/01/2026NL300044 | N71: 0 | O71: =H71-N71 -> 3.2 | P71: =VLOOKUP(L71,[2]Sheet1!$I:$M,5,0) -> 38000 | Q71: =N71*P71 -> 0 | R71: =J71-Q71 -> 121600
A72: 02/01/2026 | B72: TG-KS00156 | C72: BÒ TƠ Q10 | D72: TG-AA20859 | E72: I100002 | F72: Bắp cải tím | G72: Kg | H72: 0.8 | I72: 26000 | J72: =H72*I72 -> 20800 | L72: =VLOOKUP(F72,[1]Sheet1!$D:$J,7,0) -> NL300003 | M72: =A72&L72 -> 02/01/2026NL300003 | N72: =VLOOKUP(M72,Sheet6!I:P,5,0) -> 0.8 | O72: =H72-N72 -> 0 | P72: =VLOOKUP(L72,[2]Sheet1!$I:$M,5,0) -> 26000 | Q72: =N72*P72 -> 20800 | R72: =J72-Q72 -> 0
A73: 02/01/2026 | B73: TG-KS00156 | C73: BÒ TƠ Q10 | D73: TG-AA20859 | E73: I100003 | F73: Bắp cải trắng | G73: Kg | H73: 2.1 | I73: 19000 | J73: =H73*I73 -> 39900 | L73: =VLOOKUP(F73,[1]Sheet1!$D:$J,7,0) -> NL300004 | M73: =A73&L73 -> 02/01/2026NL300004 | N73: =VLOOKUP(M73,Sheet6!I:P,5,0) -> 2.1 | O73: =H73-N73 -> 0 | P73: =VLOOKUP(L73,[2]Sheet1!$I:$M,5,0) -> 19000 | Q73: =N73*P73 -> 39900 | R73: =J73-Q73 -> 0
A74: 02/01/2026 | B74: TG-KS00156 | C74: BÒ TƠ Q10 | D74: TG-AA20859 | E74: I100004 | F74: Bắp chuối bào | G74: Kg | H74: 0.4 | I74: 33000 | J74: =H74*I74 -> 13200 | L74: =VLOOKUP(F74,[1]Sheet1!$D:$J,7,0) -> NL300060 | M74: =A74&L74 -> 02/01/2026NL300060 | N74: =VLOOKUP(M74,Sheet6!I:P,5,0) -> 0.4 | O74: =H74-N74 -> 0 | P74: =VLOOKUP(L74,[2]Sheet1!$I:$M,5,0) -> 33000 | Q74: =N74*P74 -> 13200 | R74: =J74-Q74 -> 0
A75: 02/01/2026 | B75: TG-KS00156 | C75: BÒ TƠ Q10 | D75: TG-AA20859 | E75: I100008 | F75: Bắp mỹ trái (Loại 1) | G75: Trái | H75: 1 | I75: 8500 | J75: =H75*I75 -> 8500 | L75: =VLOOKUP(F75,[1]Sheet1!$D:$J,7,0) -> NL300107 | M75: =A75&L75 -> 02/01/2026NL300107 | N75: =VLOOKUP(M75,Sheet6!I:P,5,0) -> 1 | O75: =H75-N75 -> 0 | P75: =VLOOKUP(L75,[2]Sheet1!$I:$M,5,0) -> 8500 | Q75: =N75*P75 -> 8500 | R75: =J75-Q75 -> 0
A76: 02/01/2026 | B76: TG-KS00156 | C76: BÒ TƠ Q10 | D76: TG-AA20859 | E76: I100010 | F76: Bầu xanh | G76: Kg | H76: 3 | I76: 24000 | J76: =H76*I76 -> 72000 | L76: =VLOOKUP(F76,[1]Sheet1!$D:$J,7,0) -> NL300174 | M76: =A76&L76 -> 02/01/2026NL300174 | N76: =VLOOKUP(M76,Sheet6!I:P,5,0) -> 3 | O76: =H76-N76 -> 0 | P76: =VLOOKUP(L76,[2]Sheet1!$I:$M,5,0) -> 24000 | Q76: =N76*P76 -> 72000 | R76: =J76-Q76 -> 0
A77: 02/01/2026 | B77: TG-KS00156 | C77: BÒ TƠ Q10 | D77: TG-AA20859 | E77: I100018 | F77: Bó xôi (Nhà Lồng) | G77: Kg | H77: 1.5 | I77: 45000 | J77: =H77*I77 -> 67500 | L77: =VLOOKUP(F77,[1]Sheet1!$D:$J,7,0) -> NL300203 | M77: =A77&L77 -> 02/01/2026NL300203 | N77: =VLOOKUP(M77,Sheet6!I:P,5,0) -> 1.5 | O77: =H77-N77 -> 0 | P77: =VLOOKUP(L77,[2]Sheet1!$I:$M,5,0) -> 45000 | Q77: =N77*P77 -> 67500 | R77: =J77-Q77 -> 0
A78: 02/01/2026 | B78: TG-KS00156 | C78: BÒ TƠ Q10 | D78: TG-AA20859 | E78: I100024 | F78: Bông cải xanh | G78: Kg | H78: 0.7 | I78: 52000 | J78: =H78*I78 -> 36400 | L78: =VLOOKUP(F78,[1]Sheet1!$D:$J,7,0) -> NL300137 | M78: =A78&L78 -> 02/01/2026NL300137 | N78: =VLOOKUP(M78,Sheet6!I:P,5,0) -> 0.7 | O78: =H78-N78 -> 0 | P78: =VLOOKUP(L78,[2]Sheet1!$I:$M,5,0) -> 52000 | Q78: =N78*P78 -> 36400 | R78: =J78-Q78 -> 0
A79: 02/01/2026 | B79: TG-KS00156 | C79: BÒ TƠ Q10 | D79: TG-AA20859 | E79: I100031 | F79: Bông súng | G79: Kg | H79: 0.4 | I79: 17000 | J79: =H79*I79 -> 6800 | L79: =VLOOKUP(F79,[1]Sheet1!$D:$J,7,0) -> NL300011 | M79: =A79&L79 -> 02/01/2026NL300011 | N79: =VLOOKUP(M79,Sheet6!I:P,5,0) -> 0.4 | O79: =H79-N79 -> 0 | P79: =VLOOKUP(L79,[2]Sheet1!$I:$M,5,0) -> 17000 | Q79: =N79*P79 -> 6800 | R79: =J79-Q79 -> 0
A80: 02/01/2026 | B80: TG-KS00156 | C80: BÒ TƠ Q10 | D80: TG-AA20859 | E80: I100034 | F80: Cà chua | G80: Kg | H80: 1 | I80: 50000 | J80: =H80*I80 -> 50000 | L80: =VLOOKUP(F80,[1]Sheet1!$D:$J,7,0) -> NL300013 | M80: =A80&L80 -> 02/01/2026NL300013 | N80: =VLOOKUP(M80,Sheet6!I:P,5,0) -> 1 | O80: =H80-N80 -> 0 | P80: =VLOOKUP(L80,[2]Sheet1!$I:$M,5,0) -> 50000 | Q80: =N80*P80 -> 50000 | R80: =J80-Q80 -> 0
A81: 02/01/2026 | B81: TG-KS00156 | C81: BÒ TƠ Q10 | D81: TG-AA20859 | E81: I100039 | F81: Cà rốt | G81: Kg | H81: 4 | I81: 18000 | J81: =H81*I81 -> 72000 | L81: =VLOOKUP(F81,[1]Sheet1!$D:$J,7,0) -> NL300027 | M81: =A81&L81 -> 02/01/2026NL300027 | N81: =VLOOKUP(M81,Sheet6!I:P,5,0) -> 4 | O81: =H81-N81 -> 0 | P81: =VLOOKUP(L81,[2]Sheet1!$I:$M,5,0) -> 18000 | Q81: =N81*P81 -> 72000 | R81: =J81-Q81 -> 0
A82: 02/01/2026 | B82: TG-KS00156 | C82: BÒ TƠ Q10 | D82: TG-AA20859 | E82: I100067 | F82: Củ cải trắng (Loại 1) | G82: Kg | H82: 1.7 | I82: 13000 | J82: =H82*I82 -> 22100 | L82: =VLOOKUP(F82,[1]Sheet1!$D:$J,7,0) -> NL300033 | M82: =A82&L82 -> 02/01/2026NL300033 | N82: =VLOOKUP(M82,Sheet6!I:P,5,0) -> 1.7 | O82: =H82-N82 -> 0 | P82: =VLOOKUP(L82,[2]Sheet1!$I:$M,5,0) -> 13000 | Q82: =N82*P82 -> 22100 | R82: =J82-Q82 -> 0
A83: 02/01/2026 | B83: TG-KS00156 | C83: BÒ TƠ Q10 | D83: TG-AA20859 | E83: I100097 | F83: Củ Gừng | G83: Kg | H83: 0.2 | I83: 38000 | J83: =H83*I83 -> 7600 | L83: =VLOOKUP(F83,[1]Sheet1!$D:$J,7,0) -> NL300054 | M83: =A83&L83 -> 02/01/2026NL300054 | N83: =VLOOKUP(M83,Sheet6!I:P,5,0) -> 0.2 | O83: =H83-N83 -> 0 | P83: =VLOOKUP(L83,[2]Sheet1!$I:$M,5,0) -> 38000 | Q83: =N83*P83 -> 7600 | R83: =J83-Q83 -> 0
... A300: 08/01/2026 | B300: TG-KS00156 | C300: BÒ TƠ Q10 | D300: TG-AA21847 | E300: I100033 | F300: Cà chua bi | G300: Kg | H300: 0.5 | I300: 55000 | J300: =H300*I300 -> 27500 | L300: =VLOOKUP(F300,[1]Sheet1!$D:$J,7,0) -> NL300014 | M300: =A300&L300 -> 08/01/2026NL300014 | N300: =VLOOKUP(M300,Sheet6!I:P,5,0) -> 0.5 | O300: =H300-N300 -> 0 | P300: =VLOOKUP(L300,[2]Sheet1!$I:$M,5,0) -> 55000 | Q300: =N300*P300 -> 27500 | R300: =J300-Q300 -> 0
A301: 08/01/2026 | B301: TG-KS00156 | C301: BÒ TƠ Q10 | D301: TG-AA21847 | E301: I100039 | F301: Cà rốt | G301: Kg | H301: 2 | I301: 18000 | J301: =H301*I301 -> 36000 | L301: =VLOOKUP(F301,[1]Sheet1!$D:$J,7,0) -> NL300027 | M301: =A301&L301 -> 08/01/2026NL300027 | N301: 1 | O301: =H301-N301 -> 1 | P301: =VLOOKUP(L301,[2]Sheet1!$I:$M,5,0) -> 18000 | Q301: =N301*P301 -> 18000 | R301: =J301-Q301 -> 18000
A302: 08/01/2026 | B302: TG-KS00156 | C302: BÒ TƠ Q10 | D302: TG-AA21847 | E302: I100097 | F302: Củ Gừng | G302: Kg | H302: 0.2 | I302: 38000 | J302: =H302*I302 -> 7600 | L302: =VLOOKUP(F302,[1]Sheet1!$D:$J,7,0) -> NL300054 | M302: =A302&L302 -> 08/01/2026NL300054 | N302: =VLOOKUP(M302,Sheet6!I:P,5,0) -> 0.2 | O302: =H302-N302 -> 0 | P302: =VLOOKUP(L302,[2]Sheet1!$I:$M,5,0) -> 38000 | Q302: =N302*P302 -> 7600 | R302: =J302-Q302 -> 0
A303: 08/01/2026 | B303: TG-KS00156 | C303: BÒ TƠ Q10 | D303: TG-AA21847 | E303: I100073 | F303: Củ sắn | G303: Kg | H303: 0.3 | I303: 12000 | J303: =H303*I303 -> 3600 | L303: =VLOOKUP(F303,[1]Sheet1!$D:$J,7,0) -> NL300188 | M303: =A303&L303 -> 08/01/2026NL300188 | N303: 0.3 | O303: =H303-N303 -> 0 | P303: =VLOOKUP(L303,[2]Sheet1!$I:$M,5,0) -> 12000 | Q303: =N303*P303 -> 3600 | R303: =J303-Q303 -> 0
A304: 08/01/2026 | B304: TG-KS00156 | C304: BÒ TƠ Q10 | D304: TG-AA21847 | E304: I100075 | F304: Đậu bắp | G304: Kg | H304: 0.3 | I304: 32000 | J304: =H304*I304 -> 9600 | L304: =VLOOKUP(F304,[1]Sheet1!$D:$J,7,0) -> NL300038 | M304: =A304&L304 -> 08/01/2026NL300038 | N304: =VLOOKUP(M304,Sheet6!I:P,5,0) -> 0.3 | O304: =H304-N304 -> 0 | P304: =VLOOKUP(L304,[2]Sheet1!$I:$M,5,0) -> 32000 | Q304: =N304*P304 -> 9600 | R304: =J304-Q304 -> 0
A305: 08/01/2026 | B305: TG-KS00156 | C305: BÒ TƠ Q10 | D305: TG-AA21847 | E305: I100077 | F305: Đậu cove Pháp (Nhật) | G305: Kg | H305: 0.1 | I305: 75000 | J305: =H305*I305 -> 7500 | L305: =VLOOKUP(F305,[1]Sheet1!$D:$J,7,0) -> NL300156 | M305: =A305&L305 -> 08/01/2026NL300156 | N305: =VLOOKUP(M305,Sheet6!I:P,5,0) -> 0.1 | O305: =H305-N305 -> 0 | P305: =VLOOKUP(L305,[2]Sheet1!$I:$M,5,0) -> 75000 | Q305: =N305*P305 -> 7500 | R305: =J305-Q305 -> 0
A306: 08/01/2026 | B306: TG-KS00156 | C306: BÒ TƠ Q10 | D306: TG-AA21847 | E306: I100089 | F306: Dưa leo | G306: Kg | H306: 2.1 | I306: 18000 | J306: =H306*I306 -> 37800 | L306: =VLOOKUP(F306,[1]Sheet1!$D:$J,7,0) -> NL300048 | M306: =A306&L306 -> 08/01/2026NL300048 | N306: =VLOOKUP(M306,Sheet6!I:P,5,0) -> 1.8 | O306: =H306-N306 -> 0.3 | P306: =VLOOKUP(L306,[2]Sheet1!$I:$M,5,0) -> 18000 | Q306: =N306*P306 -> 32400 | R306: =J306-Q306 -> 5400
A307: 08/01/2026 | B307: TG-KS00156 | C307: BÒ TƠ Q10 | D307: TG-AA21847 | E307: I100098 | F307: Hành lá | G307: Kg | H307: 0.2 | I307: 55000 | J307: =H307*I307 -> 11000 | L307: =VLOOKUP(F307,[1]Sheet1!$D:$J,7,0) -> NL300058 | M307: =A307&L307 -> 08/01/2026NL300058 | N307: =VLOOKUP(M307,Sheet6!I:P,5,0) -> 0.2 | O307: =H307-N307 -> 0 | P307: =VLOOKUP(L307,[2]Sheet1!$I:$M,5,0) -> 55000 | Q307: =N307*P307 -> 11000 | R307: =J307-Q307 -> 0
A308: 08/01/2026 | B308: TG-KS00156 | C308: BÒ TƠ Q10 | D308: TG-AA21847 | E308: I100101 | F308: Hành tây | G308: Kg | H308: 0.28 | I308: 13000 | J308: =H308*I308 -> 3640 | L308: =VLOOKUP(F308,[1]Sheet1!$D:$J,7,0) -> NL300059 | M308: =A308&L308 -> 08/01/2026NL300059 | N308: =VLOOKUP(M308,Sheet6!I:P,5,0) -> 0.28 | O308: =H308-N308 -> 0 | P308: =VLOOKUP(L308,[2]Sheet1!$I:$M,5,0) -> 13000 | Q308: =N308*P308 -> 3640 | R308: =J308-Q308 -> 0
A309: 08/01/2026 | B309: TG-KS00156 | C309: BÒ TƠ Q10 | D309: TG-AA21847 | E309: I100730 | F309: Hành tím bắc lột | G309: Kg | H309: 0.5 | I309: 80000 | J309: =H309*I309 -> 40000 | L309: =VLOOKUP(F309,[1]Sheet1!$D:$J,7,0) -> NL300055 | M309: =A309&L309 -> 08/01/2026NL300055 | N309: =VLOOKUP(M309,Sheet6!I:P,5,0) -> 0.4 | O309: =H309-N309 -> 0.1 | P309: =VLOOKUP(L309,[2]Sheet1!$I:$M,5,0) -> 80000 | Q309: =N309*P309 -> 32000 | R309: =J309-Q309 -> 8000
A310: 08/01/2026 | B310: TG-KS00156 | C310: BÒ TƠ Q10 | D310: TG-AA21847 | E310: I100111 | F310: Hẹ lá | G310: Kg | H310: 0.3 | I310: 38000 | J310: =H310*I310 -> 11400 | L310: =VLOOKUP(F310,[1]Sheet1!$D:$J,7,0) -> NL300076 | M310: =A310&L310 -> 08/01/2026NL300076 | N310: =VLOOKUP(M310,Sheet6!I:P,5,0) -> 0.3 | O310: =H310-N310 -> 0 | P310: =VLOOKUP(L310,[2]Sheet1!$I:$M,5,0) -> 38000 | Q310: =N310*P310 -> 11400 | R310: =J310-Q310 -> 0
A311: 08/01/2026 | B311: TG-KS00156 | C311: BÒ TƠ Q10 | D311: TG-AA21847 | E311: I100112 | F311: Húng cây | G311: Kg | H311: 0.3 | I311: 48000 | J311: =H311*I311 -> 14400 | L311: =VLOOKUP(F311,[1]Sheet1!$D:$J,7,0) -> NL300063 | M311: =A311&L311 -> 08/01/2026NL300063 | N311: =VLOOKUP(M311,Sheet6!I:P,5,0) -> 0.2 | O311: =H311-N311 -> 0.1 | P311: =VLOOKUP(L311,[2]Sheet1!$I:$M,5,0) -> 48000 | Q311: =N311*P311 -> 9600 | R311: =J311-Q311 -> 4800
A312: 08/01/2026 | B312: TG-KS00156 | C312: BÒ TƠ Q10 | D312: TG-AA21847 | E312: I100113 | F312: Húng lũi | G312: Kg | H312: 0.1 | I312: 65000 | J312: =H312*I312 -> 6500 | L312: =VLOOKUP(F312,[1]Sheet1!$D:$J,7,0) -> NL300062 | M312: =A312&L312 -> 08/01/2026NL300062 | N312: =VLOOKUP(M312,Sheet6!I:P,5,0) -> 0.1 | O312: =H312-N312 -> 0 | P312: =VLOOKUP(L312,[2]Sheet1!$I:$M,5,0) -> 65000 | Q312: =N312*P312 -> 6500 | R312: =J312-Q312 -> 0
A313: 08/01/2026 | B313: TG-KS00156 | C313: BÒ TƠ Q10 | D313: TG-AA21847 | E313: I100519 | F313: Lá cóc | G313: Kg | H313: 1.4 | I313: 32000 | J313: =H313*I313 -> 44800 | L313: =VLOOKUP(F313,[1]Sheet1!$D:$J,7,0) -> NL300043 | M313: =A313&L313 -> 08/01/2026NL300043 | N313: =VLOOKUP(M313,Sheet6!I:P,5,0) -> 0.6 | O313: =H313-N313 -> 0.8 | P313: =VLOOKUP(L313,[2]Sheet1!$I:$M,5,0) -> 32000 | Q313: =N313*P313 -> 19200 | R313: =J313-Q313 -> 25600
A314: 08/01/2026 | B314: TG-KS00156 | C314: BÒ TƠ Q10 | D314: TG-AA21847 | E314: I100526 | F314: Lá Giang (kg) | G314: Kg | H314: 0.5 | I314: 80000 | J314: =H314*I314 -> 40000 | L314: =VLOOKUP(F314,[1]Sheet1!$D:$J,7,0) -> NL300173 | M314: =A314&L314 -> 08/01/2026NL300173 | N314: =VLOOKUP(M314,Sheet6!I:P,5,0) -> 0.3 | O314: =H314-N314 -> 0.2 | P314: =VLOOKUP(L314,[2]Sheet1!$I:$M,5,0) -> 80000 | Q314: =N314*P314 -> 24000 | R314: =J314-Q314 -> 16000
A315: 08/01/2026 | B315: TG-KS00156 | C315: BÒ TƠ Q10 | D315: TG-AA21847 | E315: I100536 | F315: Lá Trâm Ổi | G315: Kg | H315: 1.5 | I315: 38000 | J315: =H315*I315 -> 57000 | L315: =VLOOKUP(F315,[1]Sheet1!$D:$J,7,0) -> NL300044 | M315: =A315&L315 -> 08/01/2026NL300044 | N315: =VLOOKUP(M315,Sheet6!I:P,5,0) -> 1 | O315: =H315-N315 -> 0.5 | P315: =VLOOKUP(L315,[2]Sheet1!$I:$M,5,0) -> 38000 | Q315: =N315*P315 -> 38000 | R315: =J315-Q315 -> 19000
... A427: 10/01/2026 | B427: TG-KS00156 | C427: BÒ TƠ Q10 | D427: TG-AA22284 | E427: I100511 | F427: Xoài Keo | G427: Kg | H427: 0.5 | I427: 24000 | J427: =H427*I427 -> 12000 | L427: =VLOOKUP(F427,[1]Sheet1!$D:$J,7,0) -> NL300150 | M427: =A427&L427 -> 10/01/2026NL300150 | N427: =VLOOKUP(M427,Sheet6!I:P,5,0) -> 0.5 | O427: =H427-N427 -> 0 | P427: =VLOOKUP(L427,[2]Sheet1!$I:$M,5,0) -> 24000 | Q427: =N427*P427 -> 12000 | R427: =J427-Q427 -> 0
A428: 11/01/2026 | B428: TG-KS00156 | C428: BÒ TƠ Q10 | D428: TG-AA22376 | E428: I100002 | F428: Bắp cải tím | G428: Kg | H428: 1.2 | I428: 26000 | J428: =H428*I428 -> 31200 | L428: =VLOOKUP(F428,[1]Sheet1!$D:$J,7,0) -> NL300003 | M428: =A428&L428 -> 11/01/2026NL300003 | N428: 0 | O428: =H428-N428 -> 1.2 | P428: =VLOOKUP(L428,[2]Sheet1!$I:$M,5,0) -> 26000 | Q428: =N428*P428 -> 0 | R428: =J428-Q428 -> 31200
A429: 11/01/2026 | B429: TG-KS00156 | C429: BÒ TƠ Q10 | D429: TG-AA22376 | E429: I100003 | F429: Bắp cải trắng | G429: Kg | H429: 0.7 | I429: 19000 | J429: =H429*I429 -> 13300 | L429: =VLOOKUP(F429,[1]Sheet1!$D:$J,7,0) -> NL300004 | M429: =A429&L429 -> 11/01/2026NL300004 | N429: =VLOOKUP(M429,Sheet6!I:P,5,0) -> 0.5 | O429: =H429-N429 -> 0.2 | P429: =VLOOKUP(L429,[2]Sheet1!$I:$M,5,0) -> 19000 | Q429: =N429*P429 -> 9500 | R429: =J429-Q429 -> 3800
A430: 11/01/2026 | B430: TG-KS00156 | C430: BÒ TƠ Q10 | D430: TG-AA22376 | E430: I100008 | F430: Bắp mỹ trái (Loại 1) | G430: Trái | H430: 2 | I430: 8500 | J430: =H430*I430 -> 17000 | L430: =VLOOKUP(F430,[1]Sheet1!$D:$J,7,0) -> NL300107 | M430: =A430&L430 -> 11/01/2026NL300107 | N430: =VLOOKUP(M430,Sheet6!I:P,5,0) -> 2 | O430: =H430-N430 -> 0 | P430: =VLOOKUP(L430,[2]Sheet1!$I:$M,5,0) -> 8500 | Q430: =N430*P430 -> 17000 | R430: =J430-Q430 -> 0
A431: 11/01/2026 | B431: TG-KS00156 | C431: BÒ TƠ Q10 | D431: TG-AA22376 | E431: I100010 | F431: Bầu xanh | G431: Kg | H431: 2.7 | I431: 24000 | J431: =H431*I431 -> 64800 | L431: =VLOOKUP(F431,[1]Sheet1!$D:$J,7,0) -> NL300174 | M431: =A431&L431 -> 11/01/2026NL300174 | N431: =VLOOKUP(M431,Sheet6!I:P,5,0) -> 2 | O431: =H431-N431 -> 0.7 | P431: =VLOOKUP(L431,[2]Sheet1!$I:$M,5,0) -> 24000 | Q431: =N431*P431 -> 48000 | R431: =J431-Q431 -> 16800
A432: 11/01/2026 | B432: TG-KS00156 | C432: BÒ TƠ Q10 | D432: TG-AA22376 | E432: I100018 | F432: Bó xôi (Nhà Lồng) | G432: Kg | H432: 2 | I432: 45000 | J432: =H432*I432 -> 90000 | L432: =VLOOKUP(F432,[1]Sheet1!$D:$J,7,0) -> NL300203 | M432: =A432&L432 -> 11/01/2026NL300203 | N432: =VLOOKUP(M432,Sheet6!I:P,5,0) -> 1 | O432: =H432-N432 -> 1 | P432: =VLOOKUP(L432,[2]Sheet1!$I:$M,5,0) -> 45000 | Q432: =N432*P432 -> 45000 | R432: =J432-Q432 -> 45000
A433: 11/01/2026 | B433: TG-KS00156 | C433: BÒ TƠ Q10 | D433: TG-AA22376 | E433: I100024 | F433: Bông cải xanh | G433: Kg | H433: 11.3 | I433: 52000 | J433: =H433*I433 -> 587600 | L433: =VLOOKUP(F433,[1]Sheet1!$D:$J,7,0) -> NL300137 | M433: =A433&L433 -> 11/01/2026NL300137 | N433: =VLOOKUP(M433,Sheet6!I:P,5,0) -> 0.8 | O433: =H433-N433 -> 10.5 | P433: =VLOOKUP(L433,[2]Sheet1!$I:$M,5,0) -> 52000 | Q433: =N433*P433 -> 41600 | R433: =J433-Q433 -> 546000
A434: 11/01/2026 | B434: TG-KS00156 | C434: BÒ TƠ Q10 | D434: TG-AA22376 | E434: I100034 | F434: Cà chua | G434: Kg | H434: 2 | I434: 50000 | J434: =H434*I434 -> 100000 | L434: =VLOOKUP(F434,[1]Sheet1!$D:$J,7,0) -> NL300013 | M434: =A434&L434 -> 11/01/2026NL300013 | N434: =VLOOKUP(M434,Sheet6!I:P,5,0) -> 1 | O434: =H434-N434 -> 1 | P434: =VLOOKUP(L434,[2]Sheet1!$I:$M,5,0) -> 50000 | Q434: =N434*P434 -> 50000 | R434: =J434-Q434 -> 50000
A435: 11/01/2026 | B435: TG-KS00156 | C435: BÒ TƠ Q10 | D435: TG-AA22376 | E435: I100033 | F435: Cà chua bi | G435: Kg | H435: 0.5 | I435: 55000 | J435: =H435*I435 -> 27500 | L435: =VLOOKUP(F435,[1]Sheet1!$D:$J,7,0) -> NL300014 | M435: =A435&L435 -> 11/01/2026NL300014 | N435: =VLOOKUP(M435,Sheet6!I:P,5,0) -> 0.3 | O435: =H435-N435 -> 0.2 | P435: =VLOOKUP(L435,[2]Sheet1!$I:$M,5,0) -> 55000 | Q435: =N435*P435 -> 16500 | R435: =J435-Q435 -> 11000
A436: 11/01/2026 | B436: TG-KS00156 | C436: BÒ TƠ Q10 | D436: TG-AA22376 | E436: I100039 | F436: Cà rốt | G436: Kg | H436: 4 | I436: 18000 | J436: =H436*I436 -> 72000 | L436: =VLOOKUP(F436,[1]Sheet1!$D:$J,7,0) -> NL300027 | M436: =A436&L436 -> 11/01/2026NL300027 | N436: =VLOOKUP(M436,Sheet6!I:P,5,0) -> 3 | O436: =H436-N436 -> 1 | P436: =VLOOKUP(L436,[2]Sheet1!$I:$M,5,0) -> 18000 | Q436: =N436*P436 -> 54000 | R436: =J436-Q436 -> 18000
A437: 11/01/2026 | B437: TG-KS00156 | C437: BÒ TƠ Q10 | D437: TG-AA22376 | E437: I100064 | F437: Củ cải đỏ (Radis) | G437: Kg | H437: 0.1 | I437: 40000 | J437: =H437*I437 -> 4000 | L437: =VLOOKUP(F437,[1]Sheet1!$D:$J,7,0) -> NL300034 | M437: =A437&L437 -> 11/01/2026NL300034 | N437: =VLOOKUP(M437,Sheet6!I:P,5,0) -> 0.1 | O437: =H437-N437 -> 0 | P437: =VLOOKUP(L437,[2]Sheet1!$I:$M,5,0) -> 40000 | Q437: =N437*P437 -> 4000 | R437: =J437-Q437 -> 0
A438: 11/01/2026 | B438: TG-KS00156 | C438: BÒ TƠ Q10 | D438: TG-AA22376 | E438: I100097 | F438: Củ Gừng | G438: Kg | H438: 0.2 | I438: 38000 | J438: =H438*I438 -> 7600 | L438: =VLOOKUP(F438,[1]Sheet1!$D:$J,7,0) -> NL300054 | M438: =A438&L438 -> 11/01/2026NL300054 | N438: =VLOOKUP(M438,Sheet6!I:P,5,0) -> 0.1 | O438: =H438-N438 -> 0.1 | P438: =VLOOKUP(L438,[2]Sheet1!$I:$M,5,0) -> 38000 | Q438: =N438*P438 -> 3800 | R438: =J438-Q438 -> 3800
A439: 11/01/2026 | B439: TG-KS00156 | C439: BÒ TƠ Q10 | D439: TG-AA22376 | E439: I100073 | F439: Củ sắn | G439: Kg | H439: 0.4 | I439: 12000 | J439: =H439*I439 -> 4800 | L439: =VLOOKUP(F439,[1]Sheet1!$D:$J,7,0) -> NL300188 | M439: =A439&L439 -> 11/01/2026NL300188 | N439: =VLOOKUP(M439,Sheet6!I:P,5,0) -> 0.2 | O439: =H439-N439 -> 0.2 | P439: =VLOOKUP(L439,[2]Sheet1!$I:$M,5,0) -> 12000 | Q439: =N439*P439 -> 2400 | R439: =J439-Q439 -> 2400
A440: 11/01/2026 | B440: TG-KS00156 | C440: BÒ TƠ Q10 | D440: TG-AA22376 | E440: I100075 | F440: Đậu bắp | G440: Kg | H440: 1 | I440: 32000 | J440: =H440*I440 -> 32000 | L440: =VLOOKUP(F440,[1]Sheet1!$D:$J,7,0) -> NL300038 | M440: =A440&L440 -> 11/01/2026NL300038 | N440: =VLOOKUP(M440,Sheet6!I:P,5,0) -> 0.7 | O440: =H440-N440 -> 0.3 | P440: =VLOOKUP(L440,[2]Sheet1!$I:$M,5,0) -> 32000 | Q440: =N440*P440 -> 22400 | R440: =J440-Q440 -> 9600
... A516: 12/01/2026 | B516: TG-KS00156 | C516: BÒ TƠ Q10 | D516: TG-AA22545 | E516: I100207 | F516: Xà lách lolo xanh | G516: Kg | H516: 3 | I516: 38000 | J516: =H516*I516 -> 114000 | L516: =VLOOKUP(F516,[1]Sheet1!$D:$J,7,0) -> NL300145 | M516: =A516&L516 -> 12/01/2026NL300145 | N516: =VLOOKUP(M516,Sheet6!I:P,5,0) -> 2 | O516: =H516-N516 -> 1 | P516: =VLOOKUP(L516,[2]Sheet1!$I:$M,5,0) -> 38000 | Q516: =N516*P516 -> 76000 | R516: =J516-Q516 -> 38000
A517: 12/01/2026 | B517: TG-KS00156 | C517: BÒ TƠ Q10 | D517: TG-AA22675 | E517: I100730 | F517: Hành tím bắc lột | G517: Kg | H517: 1 | I517: 80000 | J517: =H517*I517 -> 80000 | L517: =VLOOKUP(F517,[1]Sheet1!$D:$J,7,0) -> NL300055 | M517: =A517&L517 -> 12/01/2026NL300055 | N517: 0 | O517: =H517-N517 -> 1 | P517: =VLOOKUP(L517,[2]Sheet1!$I:$M,5,0) -> 80000 | Q517: =N517*P517 -> 0 | R517: =J517-Q517 -> 80000
A518: 12/01/2026 | B518: TG-KS00156 | C518: BÒ TƠ Q10 | D518: TG-AA22675 | E518: I100132 | F518: Lá cây nhíp (lá mè) | G518: Kg | H518: 0.2 | I518: 95000 | J518: =H518*I518 -> 19000 | L518: =VLOOKUP(F518,[1]Sheet1!$D:$J,7,0) -> NL300080 | M518: =A518&L518 -> 12/01/2026NL300080 | N518: =VLOOKUP(M518,Sheet6!I:P,5,0) -> 0.2 | O518: =H518-N518 -> 0 | P518: =VLOOKUP(L518,[2]Sheet1!$I:$M,5,0) -> 95000 | Q518: =N518*P518 -> 19000 | R518: =J518-Q518 -> 0
A519: 13/01/2026 | B519: TG-KS00156 | C519: BÒ TƠ Q10 | D519: TG-AA22756 | E519: I100002 | F519: Bắp cải tím | G519: Kg | H519: 0.9 | I519: 26000 | J519: =H519*I519 -> 23400 | L519: =VLOOKUP(F519,[1]Sheet1!$D:$J,7,0) -> NL300003 | M519: =A519&L519 -> 13/01/2026NL300003 | N519: =VLOOKUP(M519,Sheet6!I:P,5,0) -> 0.7 | O519: =H519-N519 -> 0.2 | P519: =VLOOKUP(L519,[2]Sheet1!$I:$M,5,0) -> 26000 | Q519: =N519*P519 -> 18200 | R519: =J519-Q519 -> 5200
A520: 13/01/2026 | B520: TG-KS00156 | C520: BÒ TƠ Q10 | D520: TG-AA22756 | E520: I100003 | F520: Bắp cải trắng | G520: Kg | H520: 1.1 | I520: 19000 | J520: =H520*I520 -> 20900 | L520: =VLOOKUP(F520,[1]Sheet1!$D:$J,7,0) -> NL300004 | M520: =A520&L520 -> 13/01/2026NL300004 | N520: =VLOOKUP(M520,Sheet6!I:P,5,0) -> 1 | O520: =H520-N520 -> 0.1 | P520: =VLOOKUP(L520,[2]Sheet1!$I:$M,5,0) -> 19000 | Q520: =N520*P520 -> 19000 | R520: =J520-Q520 -> 1900
A521: 13/01/2026 | B521: TG-KS00156 | C521: BÒ TƠ Q10 | D521: TG-AA22756 | E521: I100010 | F521: Bầu xanh | G521: Kg | H521: 1 | I521: 24000 | J521: =H521*I521 -> 24000 | L521: =VLOOKUP(F521,[1]Sheet1!$D:$J,7,0) -> NL300174 | M521: =A521&L521 -> 13/01/2026NL300174 | N521: =VLOOKUP(M521,Sheet6!I:P,5,0) -> 1 | O521: =H521-N521 -> 0 | P521: =VLOOKUP(L521,[2]Sheet1!$I:$M,5,0) -> 24000 | Q521: =N521*P521 -> 24000 | R521: =J521-Q521 -> 0
A522: 13/01/2026 | B522: TG-KS00156 | C522: BÒ TƠ Q10 | D522: TG-AA22756 | E522: I100018 | F522: Bó xôi (Nhà Lồng) | G522: Kg | H522: 1.9 | I522: 45000 | J522: =H522*I522 -> 85500 | L522: =VLOOKUP(F522,[1]Sheet1!$D:$J,7,0) -> NL300203 | M522: =A522&L522 -> 13/01/2026NL300203 | N522: =VLOOKUP(M522,Sheet6!I:P,5,0) -> 1.5 | O522: =H522-N522 -> 0.4 | P522: =VLOOKUP(L522,[2]Sheet1!$I:$M,5,0) -> 45000 | Q522: =N522*P522 -> 67500 | R522: =J522-Q522 -> 18000
