Workbook

Sheet xuatnhapton
A1: masp | B1: title | C1: dvt | D1: slton
A2: I101024 | B2: Cà chua bi vàng | C2: Kg | D2: =VLOOKUP(A2,Sheet1!A:F,6,0) -> #N/A
A3: I100766 | B3: Mía cây | C3: Kg | D3: =VLOOKUP(A3,Sheet1!A:F,6,0) -> #N/A
A4: I100307 | B4: Bột ngọt | C4: Kg | D4: =VLOOKUP(A4,Sheet1!A:F,6,0) -> #N/A
A5: I100151 | B5: Mướp hương | C5: Kg | D5: =VLOOKUP(A5,Sheet1!A:F,6,0) -> 4
A6: I100321 | B6: Đậu bo (Bo đông lạnh) | C6: Kg | D6: =VLOOKUP(A6,Sheet1!A:F,6,0) -> #N/A
A7: I100170 | B7: Ớt sừng đỏ | C7: Kg | D7: =VLOOKUP(A7,Sheet1!A:F,6,0) -> 6
A8: I101156 | B8: Mì vắt (Kg) | C8: Kg | D8: =VLOOKUP(A8,Sheet1!A:F,6,0) -> #N/A
A9: I100496 | B9: Nước đậu nành | C9: Lít | D9: =VLOOKUP(A9,Sheet1!A:F,6,0) -> #N/A
A10: I100573 | B10: Đinh Lăng | C10: Kg | D10: =VLOOKUP(A10,Sheet1!A:F,6,0) -> #N/A
A11: I100906 | B11: Nước cốt dừa (kg) | C11: Kg | D11: =VLOOKUP(A11,Sheet1!A:F,6,0) -> #N/A
A12: I100114 | B12: Húng quế | C12: Kg | D12: =VLOOKUP(A12,Sheet1!A:F,6,0) -> 0.3
A13: I100648 | B13: Cà pháo trứng | C13: Kg | D13: =VLOOKUP(A13,Sheet1!A:F,6,0) -> #N/A
... A1002: I100253 | B1002: Bánh ướt | C1002: Kg | D1002: =VLOOKUP(A1002,Sheet1!A:F,6,0) -> #N/A

Sheet SP
A1: subtitle | B1: masp | C1: title | D1: dvt
A2: miacay | B2: I100766 | C2: Mía cây | D2: Kg
A3: BOTNGOT | B3: I100307 | C3: Bột ngọt | D3: Kg
A4: muop | B4: I100151 | C4: Mướp hương | D4: Kg
A5: DAUBOLANH | B5: I100321 | C5: Đậu bo (Bo đông lạnh) | D5: Kg
A6: otsung | B6: I100170 | C6: Ớt sừng đỏ | D6: Kg
A7: MIVATKG | B7: I101156 | C7: Mì vắt (Kg) | D7: Kg
A8: NUOCDAUNANH | B8: I100496 | C8: Nước đậu nành | D8: Lít
A9: dinhlang | B9: I100573 | C9: Đinh Lăng | D9: Kg
A10: nuoccotduakg | B10: I100906 | C10: Nước cốt dừa (kg) | D10: Kg
A11: HUNGQUE | B11: I100114 | C11: Húng quế | D11: Kg
A12: CAPHAOTRUNG | B12: I100648 | C12: Cà pháo trứng | D12: Kg
... A1001: BANHUOT | B1001: I100253 | C1001: Bánh ướt | D1001: Kg

Sheet Sheet1
A1: I100133 | B1: Lá chanh | C1: Kg | D1: I100133 | E1: W0102 | F1: 0.6
A2: I100009 | B2: Bắp non tươi | C2: Kg | D2: I100009 | E2: W0102 | F2: 0.4
A3: I100059 | B3: Chanh giấy | C3: Kg | D3: I100059 | E3: W0102 | F3: 0.4
A4: I100163 | B4: Ớt Batri (Cay) | C4: Kg | D4: I100163 | E4: W0102 | F4: 0.2
A5: I100135 | B5: Lá chuối | C5: Kg | D5: I100135 | E5: W0102 | F5: 6
A6: I100209 | B6: Xà lách romain | C6: Kg | D6: I100209 | E6: W0102 | F6: 3
A7: I100150 | B7: Mồng tơi | C7: Kg | D7: I100150 | E7: W0102 | F7: 3
A8: I100202 | B8: Xà lách búp ĐL | C8: Kg | D8: I100202 | E8: W0102 | F8: 3
A9: I100207 | B9: Xà lách lolo xanh | C9: Kg | D9: I100207 | E9: W0102 | F9: 4
A10: I100386 | B10: Rau rừng Gia Lai | C10: Kg | D10: I100386 | E10: W0102 | F10: 23
A11: I100506 | B11: Táo xanh VN | C11: Kg | D11: I100506 | E11: W0102 | F11: 4.8
A12: I100467 | B12: Bưởi da xanh | C12: Kg | D12: I100467 | E12: W0102 | F12: 3.6
... A135: I100547 | B135: Bắp cải trái tim | C135: Kg | D135: I100547 | E135: W0102 | F135: 1.4
