Workbook

Sheet Sheet1
A1: masp | B1: title | C1: slton | D1: slhuy
A2: I100469 | B2: Cam vàng | C2: =IFERROR(VLOOKUP(A2,Tồn!B:E,4,0),"0") -> 3.8
A3: I101004 | B3: Sổ Lò Xo | C3: =IFERROR(VLOOKUP(A3,Tồn!B:E,4,0),"0") -> 0
A4: I100354 | B4: Mắm cá linh | C4: =IFERROR(VLOOKUP(A4,Tồn!B:E,4,0),"0") -> 0
A5: I100790 | B5: Hành Indo trắng | C5: =IFERROR(VLOOKUP(A5,Tồn!B:E,4,0),"0") -> 0
A6: I100492 | B6: Mãng cầu | C6: =IFERROR(VLOOKUP(A6,Tồn!B:E,4,0),"0") -> 0
A7: I100950 | B7: Dừa trọc | C7: =IFERROR(VLOOKUP(A7,Tồn!B:E,4,0),"0") -> 0
A8: I101262 | B8: Tim gà | C8: =IFERROR(VLOOKUP(A8,Tồn!B:E,4,0),"0") -> 0
A9: I100242 | B9: Nấm linh chi trắng - hộp (125g) | C9: =IFERROR(VLOOKUP(A9,Tồn!B:E,4,0),"0") -> 127
A10: I100170 | B10: Ớt sừng đỏ | C10: =IFERROR(VLOOKUP(A10,Tồn!B:E,4,0),"0") -> 1.9
A11: I101021 | B11: Ruột ốc | C11: =IFERROR(VLOOKUP(A11,Tồn!B:E,4,0),"0") -> 0
A12: I100501 | B12: Sơ ri | C12: =IFERROR(VLOOKUP(A12,Tồn!B:E,4,0),"0") -> 0
A13: I100029 | B13: Bông kim châm | C13: =IFERROR(VLOOKUP(A13,Tồn!B:E,4,0),"0") -> 0
... A1024: I100928 | B1024: Dưa lưới (vỏ vàng) | C1024: =IFERROR(VLOOKUP(A1024,Tồn!B:E,4,0),"0") -> 0

Sheet Tồn
A1: MÃ CŨ | B1: ITEMCODE | C1: TÊN SẢN PHẨM | D1: UOMCODE | E1: QUANTITY
A2: khoailangnhat | B2: =VLOOKUP(A2,[1]CODE!A:B,2,0) -> I100121 | C2: =VLOOKUP(A2,[1]CODE!A:C,3,0) -> Khoai lang nhật | D2: =VLOOKUP(A2,[1]CODE!D:E,2,0) -> Kg | E2: 14
A3: khoaitaybi | B3: =VLOOKUP(A3,[1]CODE!A:B,2,0) -> I100127 | C3: =VLOOKUP(A3,[1]CODE!A:C,3,0) -> Khoai tây bi | D3: =VLOOKUP(A3,[1]CODE!D:E,2,0) -> Kg | E3: 20
A4: khoaitaydl | B4: =VLOOKUP(A4,[1]CODE!A:B,2,0) -> I100128 | C4: =VLOOKUP(A4,[1]CODE!A:C,3,0) -> Khoai Tây DL lớn | D4: =VLOOKUP(A4,[1]CODE!D:E,2,0) -> Kg | E4: 21
A5: cuden | B5: =VLOOKUP(A5,[1]CODE!A:B,2,0) -> I100068 | C5: =VLOOKUP(A5,[1]CODE!A:C,3,0) -> Củ dền lớn | D5: =VLOOKUP(A5,[1]CODE!D:E,2,0) -> Kg | E5: 6
A6: chanhday | B6: =VLOOKUP(A6,[1]CODE!A:B,2,0) -> I100474 | C6: =VLOOKUP(A6,[1]CODE!A:C,3,0) -> Chanh Dây | D6: =VLOOKUP(A6,[1]CODE!D:E,2,0) -> Kg | E6: 41
A7: catim | B7: =VLOOKUP(A7,[1]CODE!A:B,2,0) -> I100042 | C7: =VLOOKUP(A7,[1]CODE!A:C,3,0) -> Cà tím | D7: =VLOOKUP(A7,[1]CODE!D:E,2,0) -> Kg | E7: 9.7
A8: chanhkhonghat | B8: =VLOOKUP(A8,[1]CODE!A:B,2,0) -> I100060 | C8: =VLOOKUP(A8,[1]CODE!A:C,3,0) -> Chanh ko hạt | D8: =VLOOKUP(A8,[1]CODE!D:E,2,0) -> Kg | E8: 57
A9: bingoixanh | B9: =VLOOKUP(A9,[1]CODE!A:B,2,0) -> I100016 | C9: =VLOOKUP(A9,[1]CODE!A:C,3,0) -> Bí ngòi xanh | D9: =VLOOKUP(A9,[1]CODE!D:E,2,0) -> Kg | E9: 7
A10: oitrai | B10: =VLOOKUP(A10,[1]CODE!A:B,2,0) -> I100498 | C10: =VLOOKUP(A10,[1]CODE!A:C,3,0) -> Ổi trái | D10: =VLOOKUP(A10,[1]CODE!D:E,2,0) -> Kg | E10: 6
A11: bingoivang | B11: =VLOOKUP(A11,[1]CODE!A:B,2,0) -> I100015 | C11: =VLOOKUP(A11,[1]CODE!A:C,3,0) -> Bí ngòi vàng | D11: =VLOOKUP(A11,[1]CODE!D:E,2,0) -> Kg | E11: 1.6
A12: dauquephap | B12: =VLOOKUP(A12,[1]CODE!A:B,2,0) -> I100077 | C12: =VLOOKUP(A12,[1]CODE!A:C,3,0) -> Đậu cove Pháp (Nhật) | D12: =VLOOKUP(A12,[1]CODE!D:E,2,0) -> Kg | E12: 4
A13: buoixanh | B13: =VLOOKUP(A13,[1]CODE!A:B,2,0) -> I100467 | C13: =VLOOKUP(A13,[1]CODE!A:C,3,0) -> Bưởi da xanh | D13: =VLOOKUP(A13,[1]CODE!D:E,2,0) -> Kg | E13: 4.2
... A145: dongcokho | B145: =VLOOKUP(A145,[1]CODE!A:B,2,0) -> I100370 | C145: =VLOOKUP(A145,[1]CODE!A:C,3,0) -> Nấm đông cô khô | D145: =VLOOKUP(A145,[1]CODE!D:E,2,0) -> Kg | E145: 1
